sample_id,animal_id,condition,tutoring_hours,true_plasticity_score,scProp_Glutamatergic_Neuron,scProp_GABAergic_Interneuron,scProp_Oligodendrocyte,scProp_Astrocytes,scProp_Microglia,RNA_BDNF,ChIP_H3K4me3_BDNF,ChIP_H3K27me3_BDNF,WGBS_CpG_BDNF,RNA_FOXP2,ChIP_H3K4me3_FOXP2,ChIP_H3K27me3_FOXP2,WGBS_CpG_FOXP2,RNA_EGR1,ChIP_H3K4me3_EGR1,ChIP_H3K27me3_EGR1,WGBS_CpG_EGR1,RNA_FOS,ChIP_H3K4me3_FOS,ChIP_H3K27me3_FOS,WGBS_CpG_FOS,RNA_ARC,ChIP_H3K4me3_ARC,ChIP_H3K27me3_ARC,WGBS_CpG_ARC,RNA_NPAS4,ChIP_H3K4me3_NPAS4,ChIP_H3K27me3_NPAS4,WGBS_CpG_NPAS4,RNA_DNMT3A,ChIP_H3K4me3_DNMT3A,ChIP_H3K27me3_DNMT3A,WGBS_CpG_DNMT3A,RNA_TET2,ChIP_H3K4me3_TET2,ChIP_H3K27me3_TET2,WGBS_CpG_TET2,RNA_KDM6A,ChIP_H3K4me3_KDM6A,ChIP_H3K27me3_KDM6A,WGBS_CpG_KDM6A,RNA_EZH2,ChIP_H3K4me3_EZH2,ChIP_H3K27me3_EZH2,WGBS_CpG_EZH2,RNA_CREB1,ChIP_H3K4me3_CREB1,ChIP_H3K27me3_CREB1,WGBS_CpG_CREB1,RNA_HDAC2,ChIP_H3K4me3_HDAC2,ChIP_H3K27me3_HDAC2,WGBS_CpG_HDAC2,RNA_CAMK2A,ChIP_H3K4me3_CAMK2A,ChIP_H3K27me3_CAMK2A,WGBS_CpG_CAMK2A,RNA_GRIN2B,ChIP_H3K4me3_GRIN2B,ChIP_H3K27me3_GRIN2B,WGBS_CpG_GRIN2B,RNA_SYP,ChIP_H3K4me3_SYP,ChIP_H3K27me3_SYP,WGBS_CpG_SYP,RNA_SYN1,ChIP_H3K4me3_SYN1,ChIP_H3K27me3_SYN1,WGBS_CpG_SYN1,RNA_MEF2C,ChIP_H3K4me3_MEF2C,ChIP_H3K27me3_MEF2C,WGBS_CpG_MEF2C,RNA_KMT2A,ChIP_H3K4me3_KMT2A,ChIP_H3K27me3_KMT2A,WGBS_CpG_KMT2A,RNA_GENE_001,ChIP_H3K4me3_GENE_001,ChIP_H3K27me3_GENE_001,WGBS_CpG_GENE_001,RNA_GENE_002,ChIP_H3K4me3_GENE_002,ChIP_H3K27me3_GENE_002,WGBS_CpG_GENE_002,RNA_GENE_003,ChIP_H3K4me3_GENE_003,ChIP_H3K27me3_GENE_003,WGBS_CpG_GENE_003,RNA_GENE_004,ChIP_H3K4me3_GENE_004,ChIP_H3K27me3_GENE_004,WGBS_CpG_GENE_004,RNA_GENE_005,ChIP_H3K4me3_GENE_005,ChIP_H3K27me3_GENE_005,WGBS_CpG_GENE_005,RNA_GENE_006,ChIP_H3K4me3_GENE_006,ChIP_H3K27me3_GENE_006,WGBS_CpG_GENE_006,RNA_GENE_007,ChIP_H3K4me3_GENE_007,ChIP_H3K27me3_GENE_007,WGBS_CpG_GENE_007,RNA_GENE_008,ChIP_H3K4me3_GENE_008,ChIP_H3K27me3_GENE_008,WGBS_CpG_GENE_008,RNA_GENE_009,ChIP_H3K4me3_GENE_009,ChIP_H3K27me3_GENE_009,WGBS_CpG_GENE_009,RNA_GENE_010,ChIP_H3K4me3_GENE_010,ChIP_H3K27me3_GENE_010,WGBS_CpG_GENE_010,RNA_GENE_011,ChIP_H3K4me3_GENE_011,ChIP_H3K27me3_GENE_011,WGBS_CpG_GENE_011,RNA_GENE_012,ChIP_H3K4me3_GENE_012,ChIP_H3K27me3_GENE_012,WGBS_CpG_GENE_012,RNA_GENE_013,ChIP_H3K4me3_GENE_013,ChIP_H3K27me3_GENE_013,WGBS_CpG_GENE_013,RNA_GENE_014,ChIP_H3K4me3_GENE_014,ChIP_H3K27me3_GENE_014,WGBS_CpG_GENE_014,RNA_GENE_015,ChIP_H3K4me3_GENE_015,ChIP_H3K27me3_GENE_015,WGBS_CpG_GENE_015,RNA_GENE_016,ChIP_H3K4me3_GENE_016,ChIP_H3K27me3_GENE_016,WGBS_CpG_GENE_016,RNA_GENE_017,ChIP_H3K4me3_GENE_017,ChIP_H3K27me3_GENE_017,WGBS_CpG_GENE_017,RNA_GENE_018,ChIP_H3K4me3_GENE_018,ChIP_H3K27me3_GENE_018,WGBS_CpG_GENE_018,RNA_GENE_019,ChIP_H3K4me3_GENE_019,ChIP_H3K27me3_GENE_019,WGBS_CpG_GENE_019,RNA_GENE_020,ChIP_H3K4me3_GENE_020,ChIP_H3K27me3_GENE_020,WGBS_CpG_GENE_020,RNA_GENE_021,ChIP_H3K4me3_GENE_021,ChIP_H3K27me3_GENE_021,WGBS_CpG_GENE_021,RNA_GENE_022,ChIP_H3K4me3_GENE_022,ChIP_H3K27me3_GENE_022,WGBS_CpG_GENE_022,RNA_GENE_023,ChIP_H3K4me3_GENE_023,ChIP_H3K27me3_GENE_023,WGBS_CpG_GENE_023,RNA_GENE_024,ChIP_H3K4me3_GENE_024,ChIP_H3K27me3_GENE_024,WGBS_CpG_GENE_024,RNA_GENE_025,ChIP_H3K4me3_GENE_025,ChIP_H3K27me3_GENE_025,WGBS_CpG_GENE_025,RNA_GENE_026,ChIP_H3K4me3_GENE_026,ChIP_H3K27me3_GENE_026,WGBS_CpG_GENE_026,RNA_GENE_027,ChIP_H3K4me3_GENE_027,ChIP_H3K27me3_GENE_027,WGBS_CpG_GENE_027,RNA_GENE_028,ChIP_H3K4me3_GENE_028,ChIP_H3K27me3_GENE_028,WGBS_CpG_GENE_028,RNA_GENE_029,ChIP_H3K4me3_GENE_029,ChIP_H3K27me3_GENE_029,WGBS_CpG_GENE_029,RNA_GENE_030,ChIP_H3K4me3_GENE_030,ChIP_H3K27me3_GENE_030,WGBS_CpG_GENE_030,RNA_GENE_031,ChIP_H3K4me3_GENE_031,ChIP_H3K27me3_GENE_031,WGBS_CpG_GENE_031,RNA_GENE_032,ChIP_H3K4me3_GENE_032,ChIP_H3K27me3_GENE_032,WGBS_CpG_GENE_032,RNA_GENE_033,ChIP_H3K4me3_GENE_033,ChIP_H3K27me3_GENE_033,WGBS_CpG_GENE_033,RNA_GENE_034,ChIP_H3K4me3_GENE_034,ChIP_H3K27me3_GENE_034,WGBS_CpG_GENE_034,RNA_GENE_035,ChIP_H3K4me3_GENE_035,ChIP_H3K27me3_GENE_035,WGBS_CpG_GENE_035,RNA_GENE_036,ChIP_H3K4me3_GENE_036,ChIP_H3K27me3_GENE_036,WGBS_CpG_GENE_036,RNA_GENE_037,ChIP_H3K4me3_GENE_037,ChIP_H3K27me3_GENE_037,WGBS_CpG_GENE_037,RNA_GENE_038,ChIP_H3K4me3_GENE_038,ChIP_H3K27me3_GENE_038,WGBS_CpG_GENE_038,RNA_GENE_039,ChIP_H3K4me3_GENE_039,ChIP_H3K27me3_GENE_039,WGBS_CpG_GENE_039,RNA_GENE_040,ChIP_H3K4me3_GENE_040,ChIP_H3K27me3_GENE_040,WGBS_CpG_GENE_040,RNA_GENE_041,ChIP_H3K4me3_GENE_041,ChIP_H3K27me3_GENE_041,WGBS_CpG_GENE_041,RNA_GENE_042,ChIP_H3K4me3_GENE_042,ChIP_H3K27me3_GENE_042,WGBS_CpG_GENE_042,RNA_GENE_043,ChIP_H3K4me3_GENE_043,ChIP_H3K27me3_GENE_043,WGBS_CpG_GENE_043,RNA_GENE_044,ChIP_H3K4me3_GENE_044,ChIP_H3K27me3_GENE_044,WGBS_CpG_GENE_044,RNA_GENE_045,ChIP_H3K4me3_GENE_045,ChIP_H3K27me3_GENE_045,WGBS_CpG_GENE_045,RNA_GENE_046,ChIP_H3K4me3_GENE_046,ChIP_H3K27me3_GENE_046,WGBS_CpG_GENE_046,RNA_GENE_047,ChIP_H3K4me3_GENE_047,ChIP_H3K27me3_GENE_047,WGBS_CpG_GENE_047,RNA_GENE_048,ChIP_H3K4me3_GENE_048,ChIP_H3K27me3_GENE_048,WGBS_CpG_GENE_048,RNA_GENE_049,ChIP_H3K4me3_GENE_049,ChIP_H3K27me3_GENE_049,WGBS_CpG_GENE_049,RNA_GENE_050,ChIP_H3K4me3_GENE_050,ChIP_H3K27me3_GENE_050,WGBS_CpG_GENE_050,RNA_GENE_051,ChIP_H3K4me3_GENE_051,ChIP_H3K27me3_GENE_051,WGBS_CpG_GENE_051,RNA_GENE_052,ChIP_H3K4me3_GENE_052,ChIP_H3K27me3_GENE_052,WGBS_CpG_GENE_052,RNA_GENE_053,ChIP_H3K4me3_GENE_053,ChIP_H3K27me3_GENE_053,WGBS_CpG_GENE_053,RNA_GENE_054,ChIP_H3K4me3_GENE_054,ChIP_H3K27me3_GENE_054,WGBS_CpG_GENE_054,RNA_GENE_055,ChIP_H3K4me3_GENE_055,ChIP_H3K27me3_GENE_055,WGBS_CpG_GENE_055,RNA_GENE_056,ChIP_H3K4me3_GENE_056,ChIP_H3K27me3_GENE_056,WGBS_CpG_GENE_056,RNA_GENE_057,ChIP_H3K4me3_GENE_057,ChIP_H3K27me3_GENE_057,WGBS_CpG_GENE_057,RNA_GENE_058,ChIP_H3K4me3_GENE_058,ChIP_H3K27me3_GENE_058,WGBS_CpG_GENE_058,RNA_GENE_059,ChIP_H3K4me3_GENE_059,ChIP_H3K27me3_GENE_059,WGBS_CpG_GENE_059,RNA_GENE_060,ChIP_H3K4me3_GENE_060,ChIP_H3K27me3_GENE_060,WGBS_CpG_GENE_060,RNA_GENE_061,ChIP_H3K4me3_GENE_061,ChIP_H3K27me3_GENE_061,WGBS_CpG_GENE_061,RNA_GENE_062,ChIP_H3K4me3_GENE_062,ChIP_H3K27me3_GENE_062,WGBS_CpG_GENE_062,RNA_GENE_063,ChIP_H3K4me3_GENE_063,ChIP_H3K27me3_GENE_063,WGBS_CpG_GENE_063,RNA_GENE_064,ChIP_H3K4me3_GENE_064,ChIP_H3K27me3_GENE_064,WGBS_CpG_GENE_064,RNA_GENE_065,ChIP_H3K4me3_GENE_065,ChIP_H3K27me3_GENE_065,WGBS_CpG_GENE_065,RNA_GENE_066,ChIP_H3K4me3_GENE_066,ChIP_H3K27me3_GENE_066,WGBS_CpG_GENE_066,RNA_GENE_067,ChIP_H3K4me3_GENE_067,ChIP_H3K27me3_GENE_067,WGBS_CpG_GENE_067,RNA_GENE_068,ChIP_H3K4me3_GENE_068,ChIP_H3K27me3_GENE_068,WGBS_CpG_GENE_068,RNA_GENE_069,ChIP_H3K4me3_GENE_069,ChIP_H3K27me3_GENE_069,WGBS_CpG_GENE_069,RNA_GENE_070,ChIP_H3K4me3_GENE_070,ChIP_H3K27me3_GENE_070,WGBS_CpG_GENE_070,RNA_GENE_071,ChIP_H3K4me3_GENE_071,ChIP_H3K27me3_GENE_071,WGBS_CpG_GENE_071,RNA_GENE_072,ChIP_H3K4me3_GENE_072,ChIP_H3K27me3_GENE_072,WGBS_CpG_GENE_072,RNA_GENE_073,ChIP_H3K4me3_GENE_073,ChIP_H3K27me3_GENE_073,WGBS_CpG_GENE_073,RNA_GENE_074,ChIP_H3K4me3_GENE_074,ChIP_H3K27me3_GENE_074,WGBS_CpG_GENE_074,RNA_GENE_075,ChIP_H3K4me3_GENE_075,ChIP_H3K27me3_GENE_075,WGBS_CpG_GENE_075,RNA_GENE_076,ChIP_H3K4me3_GENE_076,ChIP_H3K27me3_GENE_076,WGBS_CpG_GENE_076,RNA_GENE_077,ChIP_H3K4me3_GENE_077,ChIP_H3K27me3_GENE_077,WGBS_CpG_GENE_077,RNA_GENE_078,ChIP_H3K4me3_GENE_078,ChIP_H3K27me3_GENE_078,WGBS_CpG_GENE_078,RNA_GENE_079,ChIP_H3K4me3_GENE_079,ChIP_H3K27me3_GENE_079,WGBS_CpG_GENE_079,RNA_GENE_080,ChIP_H3K4me3_GENE_080,ChIP_H3K27me3_GENE_080,WGBS_CpG_GENE_080,RNA_GENE_081,ChIP_H3K4me3_GENE_081,ChIP_H3K27me3_GENE_081,WGBS_CpG_GENE_081,RNA_GENE_082,ChIP_H3K4me3_GENE_082,ChIP_H3K27me3_GENE_082,WGBS_CpG_GENE_082,RNA_GENE_083,ChIP_H3K4me3_GENE_083,ChIP_H3K27me3_GENE_083,WGBS_CpG_GENE_083,RNA_GENE_084,ChIP_H3K4me3_GENE_084,ChIP_H3K27me3_GENE_084,WGBS_CpG_GENE_084,RNA_GENE_085,ChIP_H3K4me3_GENE_085,ChIP_H3K27me3_GENE_085,WGBS_CpG_GENE_085,RNA_GENE_086,ChIP_H3K4me3_GENE_086,ChIP_H3K27me3_GENE_086,WGBS_CpG_GENE_086,RNA_GENE_087,ChIP_H3K4me3_GENE_087,ChIP_H3K27me3_GENE_087,WGBS_CpG_GENE_087,RNA_GENE_088,ChIP_H3K4me3_GENE_088,ChIP_H3K27me3_GENE_088,WGBS_CpG_GENE_088,RNA_GENE_089,ChIP_H3K4me3_GENE_089,ChIP_H3K27me3_GENE_089,WGBS_CpG_GENE_089,RNA_GENE_090,ChIP_H3K4me3_GENE_090,ChIP_H3K27me3_GENE_090,WGBS_CpG_GENE_090,RNA_GENE_091,ChIP_H3K4me3_GENE_091,ChIP_H3K27me3_GENE_091,WGBS_CpG_GENE_091,RNA_GENE_092,ChIP_H3K4me3_GENE_092,ChIP_H3K27me3_GENE_092,WGBS_CpG_GENE_092,RNA_GENE_093,ChIP_H3K4me3_GENE_093,ChIP_H3K27me3_GENE_093,WGBS_CpG_GENE_093,RNA_GENE_094,ChIP_H3K4me3_GENE_094,ChIP_H3K27me3_GENE_094,WGBS_CpG_GENE_094,RNA_GENE_095,ChIP_H3K4me3_GENE_095,ChIP_H3K27me3_GENE_095,WGBS_CpG_GENE_095,RNA_GENE_096,ChIP_H3K4me3_GENE_096,ChIP_H3K27me3_GENE_096,WGBS_CpG_GENE_096,RNA_GENE_097,ChIP_H3K4me3_GENE_097,ChIP_H3K27me3_GENE_097,WGBS_CpG_GENE_097,RNA_GENE_098,ChIP_H3K4me3_GENE_098,ChIP_H3K27me3_GENE_098,WGBS_CpG_GENE_098,RNA_GENE_099,ChIP_H3K4me3_GENE_099,ChIP_H3K27me3_GENE_099,WGBS_CpG_GENE_099,RNA_GENE_100,ChIP_H3K4me3_GENE_100,ChIP_H3K27me3_GENE_100,WGBS_CpG_GENE_100,RNA_GENE_101,ChIP_H3K4me3_GENE_101,ChIP_H3K27me3_GENE_101,WGBS_CpG_GENE_101,RNA_GENE_102,ChIP_H3K4me3_GENE_102,ChIP_H3K27me3_GENE_102,WGBS_CpG_GENE_102
ANML_01_Untu_R1,Animal_01,Untutored_Isolate,0,0.1895,0.5051,0.1832,0.1564,0.1078,0.0476,9.289,6.671,0.891,0.492,5.299,3.916,1.706,0.3584,8.527,7.486,1.14,0.4211,7.648,8.426,0.1,0.49,8.109,10.387,2.56,0.4227,8.526,9.486,2.556,0.1319,8.129,5.663,3.938,0.4935,9.574,6.968,2.402,0.4247,8.848,8.251,2.749,0.0554,7.018,8.266,3.99,0.6312,5.649,3.565,4.818,0.5901,9.258,7.342,5.455,0.369,4.055,2.859,2.28,0.4054,8.027,5.946,5.415,0.6079,6.718,5.679,3.304,0.3206,6.678,5.962,2.912,0.5099,5.671,5.328,4.05,0.7242,10.022,6.883,1.193,0.1696,7.472,4.649,2.088,0.7858,7.498,4.065,3.249,0.2838,8.839,3.202,1.98,0.5989,6.067,10.569,3.858,0.6225,4.35,6.671,3.109,0.5649,4.245,4.281,5.039,0.3891,7.846,5.003,4.339,0.7245,5.296,5.286,4.893,0.3191,5.199,3.273,5.502,0.7686,8.005,4.437,3.155,0.5147,7.462,6.316,6.064,0.5111,7.901,6.085,1.911,0.6164,9.124,5.859,4.612,0.8245,4.649,4.244,3.59,0.5459,8.124,10.617,0.803,0.2115,5.863,3.397,2.286,0.4998,4.084,6.0,2.95,0.6117,7.337,6.325,4.326,0.3606,7.206,5.41,2.63,0.4754,5.395,5.475,4.946,0.5185,5.334,3.516,3.954,0.7775,4.75,4.916,4.778,0.3811,4.35,4.217,2.82,0.3955,10.719,9.745,0.861,0.3515,9.391,5.318,5.341,0.4115,6.057,8.474,0.315,0.5961,5.16,3.782,2.818,0.6861,8.416,4.135,4.575,0.6941,8.702,5.107,3.454,0.5592,11.085,8.346,3.0,0.4865,8.873,3.036,3.839,0.3885,6.436,4.395,3.778,0.6157,7.049,4.376,5.602,0.7074,6.867,5.608,5.838,0.701,5.712,4.121,4.853,0.7857,7.804,4.576,4.449,0.2884,5.233,3.248,5.717,0.5481,6.145,3.364,1.787,0.4125,7.406,6.512,4.013,0.4365,4.823,3.908,2.55,0.3736,6.13,3.099,3.981,0.7375,8.804,6.579,2.756,0.592,8.198,3.985,2.174,0.3753,7.583,4.18,4.393,0.4724,7.423,5.844,4.328,0.3573,4.722,6.698,5.333,0.7008,6.28,2.927,2.366,0.6541,6.813,4.081,5.349,0.5986,7.155,3.17,2.232,0.7306,7.925,5.824,2.069,0.5432,6.851,3.221,2.386,0.7005,5.645,4.375,3.549,0.7444,8.453,4.657,2.217,0.477,4.614,7.129,1.624,0.3528,6.058,5.528,6.005,0.6736,3.961,3.919,5.487,0.3771,9.564,2.778,2.958,0.661,8.785,5.531,5.621,0.3616,5.391,6.198,2.875,0.5802,6.75,2.61,1.738,0.5193,8.499,7.167,3.116,0.6442,6.281,2.541,5.938,0.7628,8.816,4.811,4.405,0.3207,4.302,4.163,5.565,0.3466,5.343,4.541,3.662,0.5226,8.04,3.239,3.461,0.434,7.007,4.469,4.66,0.5295,9.058,5.009,4.204,0.3485,5.718,2.783,2.938,0.7265,6.88,8.384,0.175,0.3155,8.423,4.336,3.022,0.7105,8.1,4.874,2.995,0.71,9.793,7.826,3.069,0.1676,8.682,6.373,2.578,0.3923,8.653,5.779,5.078,0.3963,4.157,5.271,5.973,0.7781,8.623,5.097,1.964,0.3888,7.671,6.48,5.427,0.6494,6.203,2.861,6.192,0.5443,8.634,6.554,5.232,0.8287,5.877,5.223,5.86,0.4313,4.715,5.295,5.43,0.4085,7.502,5.204,3.153,0.4757,6.265,3.644,2.407,0.5612,5.066,3.783,4.175,0.4156,4.168,5.855,4.804,0.7553,8.234,4.301,1.848,0.3009,9.114,7.973,1.186,0.5716,7.845,6.041,3.073,0.4355,7.648,4.012,6.419,0.6602,4.773,4.968,2.751,0.5766,6.187,3.168,4.807,0.5594,6.636,3.535,4.069,0.5899,10.691,8.903,1.931,0.3294,8.1,4.934,2.281,0.3733,7.783,5.901,5.057,0.5579,6.506,5.357,2.072,0.5098,5.168,6.826,5.443,0.2949,7.089,3.42,3.756,0.461,6.581,4.263,3.156,0.5928,5.316,2.97,3.226,0.6493,9.087,6.447,2.785,0.5314
ANML_02_Untu_R2,Animal_02,Untutored_Isolate,0,0.044,0.5091,0.1941,0.147,0.0914,0.0583,8.895,5.048,1.889,0.5503,6.061,4.336,2.313,0.5601,6.927,8.317,1.741,0.4043,9.612,4.815,2.74,0.6521,5.655,7.457,1.612,0.3493,4.468,5.322,3.715,0.6735,9.499,7.449,2.191,0.6251,5.332,3.371,5.088,0.4407,8.553,5.113,5.215,0.291,9.317,5.425,2.202,0.4439,8.152,6.214,4.045,0.5772,7.896,5.657,5.309,0.341,7.361,5.574,2.409,0.3435,4.224,6.692,4.739,0.5292,7.086,6.003,4.032,0.5034,6.552,4.092,3.666,0.6972,6.561,6.389,3.144,0.6152,8.802,7.34,4.592,0.5173,7.522,6.96,2.235,0.6037,6.503,3.678,4.666,0.5415,7.454,3.631,1.716,0.3235,8.495,8.29,2.172,0.6344,5.267,3.674,5.89,0.7932,5.364,5.776,2.684,0.4723,6.625,5.471,5.848,0.2673,7.467,3.655,2.018,0.4876,5.171,5.515,5.293,0.4606,8.387,2.648,5.11,0.8097,4.034,4.184,4.307,0.4903,4.556,6.623,2.779,0.8166,7.161,6.508,5.684,0.3981,7.879,4.709,3.387,0.3644,6.25,7.962,3.647,0.4889,6.992,4.756,3.391,0.7976,5.956,5.06,3.233,0.6656,8.5,4.408,5.048,0.7831,5.166,5.029,4.201,0.6603,7.287,5.291,2.681,0.3474,8.766,6.603,2.572,0.4599,7.973,4.915,5.776,0.6174,5.685,3.858,5.125,0.5721,7.865,7.225,2.417,0.4634,7.086,7.4,5.316,0.3801,7.487,8.373,2.418,0.2309,7.75,5.295,4.814,0.4632,4.946,6.298,2.443,0.7268,4.771,5.395,4.464,0.5589,6.221,6.936,2.035,0.5871,5.069,3.081,3.17,0.5621,4.954,4.148,4.069,0.539,4.377,6.455,2.932,0.6688,6.746,6.619,6.156,0.6699,5.303,6.203,4.121,0.6475,5.182,6.87,5.297,0.4561,5.957,3.129,2.06,0.3669,4.735,6.533,4.045,0.6835,6.756,4.74,5.565,0.7376,5.19,6.897,3.478,0.4366,8.502,2.528,5.78,0.4837,6.783,6.459,2.05,0.7262,4.449,6.379,3.481,0.3417,5.953,5.555,4.127,0.6251,8.716,5.044,5.049,0.3652,9.024,4.367,4.83,0.5233,8.136,3.381,4.591,0.4311,7.05,6.413,5.878,0.6454,5.347,5.15,2.577,0.3471,7.739,4.431,2.562,0.4028,9.355,3.751,3.135,0.8242,6.941,5.686,3.244,0.4259,5.874,4.004,5.969,0.423,5.147,3.865,3.114,0.5081,4.955,5.278,4.904,0.3567,6.905,5.674,3.034,0.6368,3.969,5.778,3.963,0.5675,7.069,4.587,3.199,0.3324,8.934,6.71,2.396,0.572,8.209,2.716,3.983,0.442,7.606,6.009,3.253,0.3798,8.213,5.035,3.418,0.5468,6.597,7.302,3.193,0.3401,4.661,2.739,3.756,0.7907,7.29,5.452,4.602,0.7597,8.287,3.712,4.515,0.3963,8.682,5.357,5.178,0.4904,6.717,5.302,4.067,0.4334,4.098,4.882,3.743,0.699,8.57,6.628,2.678,0.5991,4.304,5.971,3.921,0.5577,6.345,5.607,5.057,0.4904,5.837,7.463,3.057,0.657,6.656,3.197,3.475,0.5438,4.425,3.347,2.142,0.6932,7.211,4.09,2.716,0.3959,8.051,3.777,4.36,0.4707,6.895,5.183,5.088,0.2726,5.995,6.345,2.59,0.5155,8.461,5.113,5.861,0.6264,4.747,5.85,2.096,0.3619,7.927,6.816,4.231,0.8129,5.364,6.958,4.781,0.7497,5.34,5.188,5.876,0.6758,4.275,5.644,2.487,0.7706,7.961,5.065,5.401,0.481,5.535,3.124,4.179,0.657,10.129,6.901,1.284,0.5643,8.886,3.124,2.265,0.3936,9.018,3.549,3.513,0.6109,5.621,5.804,4.235,0.4004,6.325,2.566,4.793,0.5549,3.944,4.732,4.204,0.7707,8.384,5.028,3.076,0.3677,5.001,4.234,3.616,0.4068,5.381,5.57,5.55,0.6211,6.697,4.803,2.423,0.734,8.632,3.991,5.105,0.6849,6.669,4.293,3.46,0.5975,7.058,4.547,2.249,0.5722,5.411,5.216,3.611,0.5788,8.26,4.798,5.048,0.7262
ANML_03_Untu_R3,Animal_03,Untutored_Isolate,0,0.0636,0.5056,0.1953,0.1544,0.0988,0.0459,7.613,7.89,3.548,0.6102,8.174,7.186,3.563,0.4304,7.608,6.083,2.628,0.2866,9.598,5.594,2.755,0.5147,7.867,8.742,0.685,0.5447,9.023,7.966,4.804,0.3201,7.418,5.182,3.702,0.4811,8.332,6.992,1.441,0.6995,9.196,6.628,4.771,0.6576,10.009,4.699,6.125,0.6269,5.692,6.466,2.382,0.7872,6.208,4.82,5.597,0.7461,8.648,5.972,3.938,0.5399,5.283,3.766,2.068,0.6948,5.071,6.568,2.951,0.724,8.882,3.75,4.708,0.6158,6.13,4.922,5.112,0.5903,9.018,4.683,3.453,0.4883,5.168,3.533,4.778,0.3083,8.253,5.629,3.882,0.3869,9.2,6.058,2.127,0.7039,9.874,5.791,1.286,0.5704,7.282,6.46,3.168,0.511,6.486,6.224,5.831,0.5723,3.601,2.114,5.369,0.3655,5.041,6.867,3.206,0.4154,6.727,5.577,3.78,0.3911,6.655,3.567,3.444,0.6379,7.978,5.871,5.565,0.3716,4.194,4.324,4.524,0.3397,5.688,3.97,2.824,0.5821,6.29,6.808,3.777,0.8015,4.879,7.614,2.975,0.3554,4.637,6.77,2.806,0.3824,5.36,3.771,4.025,0.7395,5.001,6.406,2.429,0.3316,7.327,2.799,5.118,0.4403,7.219,4.04,3.629,0.5774,4.443,5.562,5.603,0.5564,7.861,3.196,3.399,0.5752,6.672,6.416,2.609,0.4551,7.408,7.412,3.157,0.4241,7.386,3.402,5.223,0.4376,8.801,6.921,1.5,0.383,4.719,3.327,2.894,0.6326,6.744,5.238,5.273,0.3651,6.252,6.054,4.758,0.3986,8.177,4.5,1.582,0.4995,6.214,2.329,5.135,0.4369,7.355,5.681,5.219,0.7727,6.932,3.141,3.543,0.4375,4.945,5.116,2.66,0.503,4.259,4.775,6.108,0.5911,6.273,3.351,4.499,0.2638,8.29,4.739,1.972,0.759,6.093,4.288,2.998,0.4623,5.136,4.829,4.477,0.7574,5.236,5.784,6.352,0.6626,8.789,5.113,4.518,0.3354,4.317,3.214,4.658,0.3329,8.169,4.083,1.971,0.4299,6.096,5.534,4.48,0.5785,6.33,5.307,2.262,0.8003,8.229,5.053,4.622,0.5297,8.405,4.085,4.507,0.708,5.25,4.101,5.749,0.4679,5.811,3.615,3.145,0.6222,5.937,5.611,4.622,0.4775,7.158,5.101,3.708,0.6296,7.272,6.146,4.732,0.7682,7.94,2.458,3.895,0.6072,3.597,5.059,5.408,0.353,4.174,6.729,6.103,0.5783,5.21,5.732,5.546,0.7647,8.026,3.776,5.163,0.8532,6.414,3.559,4.673,0.3118,7.766,5.117,4.381,0.3389,5.716,3.828,5.926,0.7352,4.151,6.11,4.858,0.7215,6.135,4.139,3.316,0.6526,8.174,4.012,5.271,0.4999,4.78,3.307,3.153,0.7917,6.23,4.232,5.393,0.3481,5.698,2.942,5.867,0.8187,7.636,4.451,2.898,0.3575,6.098,5.212,4.019,0.6581,7.797,2.958,2.566,0.5614,6.469,8.697,3.297,0.6006,8.687,5.783,3.646,0.4704,7.794,4.832,6.077,0.6456,7.909,7.539,2.825,0.6976,5.28,4.962,5.554,0.6223,7.05,5.593,3.834,0.5825,4.868,2.912,5.635,0.279,8.914,3.971,4.624,0.6375,9.224,6.575,2.409,0.4662,7.447,5.892,5.803,0.7262,8.605,5.057,5.24,0.7039,9.218,4.363,3.863,0.417,8.492,6.706,4.507,0.6273,8.508,6.689,4.834,0.3772,8.643,3.655,6.28,0.6794,5.371,4.493,5.107,0.52,6.702,6.394,3.671,0.3698,5.126,3.709,3.349,0.76,5.951,4.995,2.517,0.5969,6.611,6.104,3.689,0.6514,5.57,5.886,5.264,0.6453,8.053,6.257,4.941,0.4773,7.341,4.047,4.011,0.2128,7.029,3.951,5.232,0.658,9.052,6.685,4.048,0.642,7.574,3.156,6.034,0.4933,5.031,6.183,3.653,0.7714,8.288,3.94,3.5,0.7002,7.246,2.701,2.682,0.7389,7.551,4.535,3.507,0.4892,5.419,4.803,3.658,0.4933,7.742,6.678,2.351,0.5238,8.01,3.46,5.458,0.8317
ANML_04_Untu_R4,Animal_04,Untutored_Isolate,0,0.0353,0.5042,0.1764,0.1604,0.1109,0.0481,6.183,6.669,2.614,0.4039,7.621,3.66,3.839,0.75,8.913,6.019,2.989,0.458,5.01,4.798,4.06,0.4547,5.216,5.183,2.958,0.4055,6.218,5.838,4.415,0.7198,7.426,7.694,3.443,0.5031,4.421,3.49,5.578,0.7264,6.415,6.298,2.864,0.6869,8.945,4.715,3.109,0.3529,7.626,4.918,2.562,0.4719,11.037,6.886,4.093,0.5146,7.387,3.767,2.023,0.3362,3.998,3.141,4.79,0.4975,4.637,6.604,2.85,0.3024,9.156,4.883,3.469,0.446,8.69,5.693,5.573,0.5686,5.428,7.349,4.579,0.2748,7.349,4.99,4.769,0.732,8.574,5.089,3.903,0.7756,5.899,3.571,4.601,0.4571,7.102,6.056,2.311,0.4266,8.46,6.055,5.958,0.6174,5.175,3.841,3.16,0.2632,8.233,4.687,3.835,0.4699,7.89,3.196,4.525,0.6594,4.688,3.857,3.236,0.6287,5.712,3.51,5.938,0.6145,4.883,2.473,3.406,0.4834,5.392,5.944,5.92,0.8169,6.157,5.397,4.804,0.728,6.465,5.615,3.988,0.7419,5.443,7.551,4.323,0.5499,5.515,3.522,5.594,0.5032,4.759,5.353,3.901,0.7897,6.165,3.944,4.214,0.5913,3.974,3.614,4.995,0.407,7.606,4.81,4.142,0.4572,7.135,5.647,5.933,0.6936,7.921,5.788,3.081,0.6821,4.628,3.344,1.916,0.7195,8.987,6.158,3.305,0.4396,8.029,4.403,3.227,0.6377,7.21,7.441,3.326,0.251,8.579,3.424,5.647,0.604,9.099,2.548,1.929,0.5472,8.59,2.751,5.749,0.5737,5.712,7.07,3.397,0.6288,8.651,5.929,5.616,0.6699,6.082,3.671,4.84,0.4652,3.953,2.219,4.698,0.3885,8.709,2.959,2.398,0.7312,6.504,3.644,4.733,0.311,4.328,2.617,3.925,0.7961,5.366,4.292,3.375,0.29,5.351,5.282,1.913,0.4061,5.351,3.36,5.264,0.4034,6.263,5.19,4.618,0.5932,8.693,3.901,4.071,0.3971,8.307,4.63,4.146,0.3087,4.926,5.724,3.278,0.3547,4.033,3.053,4.15,0.4514,5.684,5.211,5.11,0.5022,6.637,3.212,4.875,0.2564,7.005,2.594,5.724,0.5666,8.454,4.486,3.186,0.6442,5.793,3.902,3.81,0.4752,8.967,3.347,5.499,0.7495,4.529,6.03,2.927,0.5139,7.974,2.53,4.153,0.3122,8.897,5.186,2.071,0.5431,5.222,4.034,2.449,0.279,7.795,3.086,4.023,0.5957,5.006,4.728,4.297,0.4481,6.695,5.978,3.043,0.4132,6.543,2.918,3.042,0.6217,7.535,4.618,3.498,0.6911,8.028,4.325,1.489,0.545,8.042,5.253,6.318,0.667,7.35,2.624,2.121,0.747,8.815,5.419,2.614,0.3445,7.466,4.493,2.393,0.6501,8.397,6.227,5.329,0.6397,6.783,4.971,2.559,0.7565,5.393,3.349,2.403,0.6197,4.225,4.165,5.072,0.3104,7.466,5.526,3.502,0.5232,7.853,7.23,2.993,0.5642,5.621,5.911,4.096,0.554,7.041,4.785,4.155,0.4209,9.471,5.981,3.92,0.3808,6.504,5.529,3.529,0.7867,7.689,5.666,4.803,0.445,5.263,4.508,3.804,0.681,7.854,4.311,2.103,0.7489,8.539,5.973,2.687,0.6873,4.069,3.292,6.434,0.2719,6.913,6.56,4.483,0.8057,8.497,6.018,4.97,0.4496,4.986,6.822,6.126,0.6208,8.111,4.26,1.73,0.4064,6.255,2.383,3.179,0.674,5.09,5.944,2.149,0.7371,8.041,6.281,4.968,0.4652,6.917,4.253,5.46,0.5115,6.663,8.038,5.114,0.3014,6.884,5.184,4.351,0.3228,5.011,4.229,4.896,0.7179,5.653,6.973,4.007,0.4944,6.632,6.772,4.945,0.3375,4.38,3.735,2.148,0.6164,6.926,7.584,1.493,0.5205,7.273,6.354,5.711,0.4929,8.698,6.804,4.981,0.455,7.866,5.859,3.641,0.6935,5.723,4.247,4.679,0.7957,4.332,5.728,5.986,0.665,7.502,6.178,2.617,0.5514,4.62,3.571,2.601,0.3704,5.858,2.723,4.269,0.563
ANML_05_Untu_R5,Animal_05,Untutored_Isolate,0,0.0456,0.5129,0.1939,0.1589,0.0835,0.0507,9.011,6.388,2.855,0.2341,8.283,5.133,4.323,0.5208,6.514,4.821,1.05,0.3404,5.388,5.743,4.178,0.296,7.399,5.549,4.327,0.4073,6.214,6.76,1.078,0.2353,10.168,7.35,2.398,0.5863,6.911,4.298,2.861,0.3467,4.508,5.66,1.748,0.2502,9.135,5.707,4.296,0.3729,3.959,5.274,4.652,0.3049,10.018,6.253,5.813,0.4922,7.08,6.808,3.91,0.5834,6.668,5.455,5.69,0.4889,8.365,3.557,6.003,0.491,7.469,3.241,1.981,0.3986,8.161,6.25,3.439,0.7677,4.689,6.615,5.807,0.4267,8.619,2.938,3.284,0.2688,8.459,6.706,3.999,0.5703,4.996,3.936,2.499,0.4484,10.047,6.438,1.165,0.6128,6.393,6.268,4.536,0.6937,3.799,6.209,4.745,0.5861,4.654,3.878,2.986,0.5398,7.767,6.16,4.584,0.3294,6.357,4.935,5.71,0.5931,7.603,3.294,5.404,0.4203,7.475,2.96,2.634,0.4356,7.639,5.484,3.479,0.4307,6.357,4.094,4.134,0.3819,7.401,2.787,5.388,0.72,6.25,5.789,4.894,0.3803,7.347,5.275,5.136,0.2984,5.653,4.446,5.53,0.3436,6.883,3.206,5.132,0.766,5.513,4.774,4.115,0.3492,7.021,3.722,2.558,0.5263,6.971,4.242,2.622,0.6218,5.25,4.11,3.957,0.7636,5.832,6.408,4.774,0.4658,6.871,7.949,1.15,0.3683,7.373,3.794,3.24,0.4852,7.166,4.944,5.122,0.415,5.877,4.349,3.316,0.7948,8.303,6.289,2.714,0.7721,6.814,5.313,5.431,0.3722,5.369,4.529,1.864,0.3921,5.653,3.575,5.193,0.6936,7.138,4.679,3.4,0.2464,8.159,4.699,3.819,0.4448,4.733,2.658,3.532,0.586,8.399,6.6,4.8,0.5786,5.458,5.935,3.8,0.4126,4.517,5.668,5.79,0.3585,6.326,6.789,4.097,0.4335,7.661,6.581,2.744,0.6128,7.217,6.01,4.065,0.6147,4.697,3.36,5.535,0.866,6.084,2.421,6.063,0.3015,6.031,2.508,4.298,0.2973,7.965,5.02,4.417,0.3906,5.484,2.702,3.788,0.7134,7.708,2.743,4.357,0.6198,8.521,5.111,5.646,0.4771,5.334,5.712,4.626,0.3207,6.542,2.908,4.29,0.4708,9.66,2.448,5.891,0.406,4.769,2.909,2.21,0.7579,5.268,4.396,3.493,0.6872,6.075,4.244,5.228,0.3597,7.589,4.125,3.032,0.4389,8.537,4.641,3.51,0.543,4.97,4.872,5.347,0.4159,5.403,4.234,3.588,0.3928,6.322,7.237,3.13,0.5272,5.112,4.638,3.805,0.4374,5.991,6.375,4.096,0.735,8.276,4.767,3.533,0.3653,7.283,6.573,2.343,0.3669,6.436,5.012,3.779,0.3575,6.361,2.007,5.917,0.6301,7.244,5.634,3.861,0.2788,7.528,5.078,2.637,0.3259,5.335,6.284,3.828,0.4228,6.991,4.745,4.834,0.5755,7.43,4.997,2.769,0.5479,8.514,6.292,2.865,0.2445,5.252,5.961,5.78,0.3855,4.823,6.077,4.597,0.5781,6.63,6.252,2.64,0.2342,6.991,4.795,3.44,0.7691,5.34,5.057,2.824,0.7646,6.738,2.892,5.737,0.7107,8.953,3.794,3.258,0.5016,6.984,3.486,2.631,0.4439,8.301,5.463,3.946,0.4231,6.712,6.425,2.601,0.7999,6.819,2.984,5.469,0.7889,7.653,5.177,4.568,0.5516,6.954,6.878,2.04,0.485,6.909,3.1,2.406,0.7117,4.955,4.999,4.082,0.416,5.986,6.249,3.487,0.3991,9.014,4.109,5.588,0.3172,7.254,6.727,3.21,0.4524,6.321,7.065,2.719,0.7222,7.973,6.46,5.942,0.6437,3.593,4.462,2.805,0.6165,6.153,6.358,5.251,0.4502,7.752,3.483,4.423,0.6928,7.133,7.967,3.749,0.6974,5.956,3.031,5.317,0.8052,5.677,2.753,4.213,0.4802,7.256,5.188,5.879,0.4872,7.145,5.535,2.286,0.703,8.231,6.055,2.191,0.3059,8.375,5.642,5.867,0.3779,4.835,4.588,4.354,0.4878,4.683,3.444,3.831,0.7771
ANML_06_Untu_R6,Animal_06,Untutored_Isolate,0,0.0,0.5132,0.1838,0.144,0.1086,0.0503,7.707,6.521,4.17,0.7614,6.435,4.325,4.773,0.3972,6.816,6.24,2.794,0.2822,7.011,6.812,2.956,0.408,4.562,6.554,4.4,0.2745,6.698,5.405,1.585,0.482,7.578,4.778,4.518,0.3745,4.43,3.621,4.055,0.8183,9.022,4.26,4.51,0.7003,6.777,5.281,3.646,0.3821,4.851,5.047,1.891,0.6492,5.827,6.891,3.073,0.6455,6.559,2.211,4.147,0.7217,8.749,4.073,2.276,0.3873,4.196,2.966,4.17,0.3624,8.039,5.44,3.45,0.5396,6.014,5.201,4.503,0.4677,5.844,5.337,4.106,0.6221,6.068,4.378,2.333,0.2997,8.044,5.216,2.902,0.4356,6.38,3.784,3.522,0.3666,8.001,5.834,2.761,0.42,6.783,3.805,2.295,0.6978,8.256,3.564,5.047,0.6635,8.946,3.517,4.683,0.7024,4.038,3.095,2.218,0.7808,6.997,5.68,6.217,0.6619,8.472,6.992,2.999,0.8315,8.627,5.896,5.225,0.402,5.777,6.368,3.299,0.7375,6.855,5.823,4.071,0.6952,5.569,6.529,3.893,0.6961,7.624,5.562,3.248,0.2823,6.122,5.429,2.84,0.7743,7.159,2.985,4.664,0.4346,7.479,4.485,2.579,0.4703,8.877,4.45,4.112,0.6762,8.357,4.947,5.443,0.72,5.965,5.365,2.289,0.797,4.593,5.476,4.049,0.598,6.373,6.576,3.598,0.3778,6.632,5.909,4.263,0.3389,6.524,6.178,4.382,0.4085,4.327,6.513,3.283,0.2501,6.82,5.45,2.384,0.7749,5.211,5.705,3.962,0.5113,4.998,6.821,3.151,0.6759,6.724,4.651,1.981,0.4939,4.853,4.559,4.066,0.4585,4.89,6.901,2.964,0.6264,7.877,6.033,2.169,0.4336,4.806,6.367,3.703,0.4675,4.499,3.547,4.686,0.7172,8.229,6.826,4.03,0.7406,6.451,6.295,2.679,0.7866,6.897,3.885,4.988,0.4814,7.596,5.905,3.989,0.5539,3.946,5.119,5.488,0.4415,5.099,6.627,5.671,0.6496,6.281,3.494,3.759,0.7517,7.592,5.773,4.538,0.6932,7.246,5.051,2.841,0.78,5.567,3.378,5.284,0.538,7.269,5.489,2.146,0.4823,7.278,6.175,4.775,0.5353,6.879,5.958,4.763,0.3114,6.871,4.098,2.64,0.7395,7.434,5.317,2.526,0.4724,7.164,6.126,3.996,0.315,4.573,6.786,5.997,0.4321,8.322,5.508,3.367,0.5142,4.997,3.663,3.07,0.6356,6.283,3.376,5.493,0.7854,7.437,3.247,4.523,0.846,6.384,6.477,1.974,0.2736,6.361,4.609,1.476,0.8208,4.261,2.895,2.371,0.496,8.695,3.945,5.503,0.8065,5.058,4.032,3.454,0.354,8.366,2.873,2.372,0.6417,7.851,5.568,2.449,0.5251,7.073,5.401,3.441,0.5741,6.045,6.937,3.845,0.605,4.684,5.749,5.736,0.6661,8.791,6.579,3.657,0.355,6.756,3.069,3.348,0.6447,4.645,2.719,4.585,0.689,6.017,5.872,3.603,0.5262,8.167,4.064,1.898,0.6714,8.706,5.196,4.806,0.2645,6.808,4.113,2.242,0.2236,5.717,4.207,2.409,0.5043,4.362,3.411,1.98,0.5834,5.016,5.253,3.51,0.7385,5.973,3.847,5.607,0.7435,4.779,5.02,3.182,0.6515,8.087,6.28,4.267,0.5493,5.392,5.364,4.208,0.7307,6.855,4.599,4.949,0.4297,4.096,5.933,2.828,0.751,8.157,4.528,2.84,0.6607,5.445,7.083,5.043,0.358,7.574,6.088,4.424,0.7293,7.207,3.993,4.091,0.6501,5.428,5.138,2.011,0.7621,7.869,7.069,4.551,0.4376,6.337,4.108,3.533,0.5544,5.46,6.302,4.513,0.8091,6.339,6.209,5.085,0.4625,4.3,4.045,2.905,0.7537,7.22,5.314,4.129,0.2948,7.123,5.318,1.34,0.6526,8.082,4.996,5.597,0.4978,7.061,5.842,4.399,0.4347,5.817,3.19,5.943,0.742,6.175,5.918,2.811,0.6641,4.594,4.457,4.256,0.698,8.202,5.291,1.93,0.4632,5.762,6.174,2.454,0.375,4.297,4.388,3.792,0.6385
ANML_07_Untu_R7,Animal_07,Untutored_Isolate,0,0.0,0.4936,0.1928,0.1534,0.1017,0.0584,5.031,7.991,4.797,0.6835,8.759,5.691,2.728,0.4243,9.355,5.777,3.972,0.2567,5.874,3.818,2.37,0.6223,8.414,6.993,2.417,0.6664,8.305,5.037,1.867,0.3666,8.384,6.203,5.79,0.4507,6.79,4.334,4.603,0.4417,7.057,2.269,5.46,0.7547,6.688,6.701,4.437,0.3878,5.636,3.393,5.888,0.3226,6.661,4.917,4.101,0.5691,6.497,6.541,3.143,0.7116,7.31,4.425,4.939,0.3937,6.001,6.608,3.164,0.407,4.959,3.3,3.346,0.6336,5.507,3.368,5.975,0.7103,8.269,3.978,2.305,0.6073,9.318,3.253,2.898,0.3184,8.274,4.314,5.245,0.6927,7.102,7.111,4.618,0.2981,9.129,4.629,1.628,0.6343,7.31,6.996,3.716,0.6237,6.714,3.358,4.866,0.7422,8.385,3.546,5.276,0.5584,6.118,4.449,4.595,0.5658,4.313,5.253,2.472,0.7874,5.205,4.524,5.673,0.483,5.276,6.6,3.029,0.5864,5.899,6.616,4.355,0.7812,8.481,5.686,2.137,0.5914,7.907,6.366,3.607,0.6056,6.236,6.527,2.944,0.4598,6.618,2.891,2.549,0.723,6.6,3.066,4.237,0.4583,4.428,4.801,2.51,0.2548,6.88,3.025,3.37,0.7359,6.649,6.846,3.212,0.5583,5.319,4.206,4.562,0.3477,4.637,2.862,3.034,0.3691,5.107,6.231,3.419,0.581,4.663,3.699,3.289,0.2358,3.583,4.942,4.961,0.7536,5.675,7.443,4.499,0.7759,7.898,3.706,1.587,0.4373,7.385,5.605,4.064,0.405,4.443,6.741,2.083,0.294,4.622,7.767,4.69,0.5598,5.739,2.482,4.626,0.6994,7.387,3.613,6.078,0.7337,7.494,4.476,2.973,0.4244,5.243,3.166,5.224,0.2859,5.54,4.119,3.737,0.5484,6.9,6.032,2.139,0.6906,6.183,7.315,2.516,0.7162,6.64,5.743,4.034,0.566,5.566,4.173,4.388,0.4609,7.306,3.451,4.989,0.4756,7.651,3.49,2.803,0.5604,8.231,3.807,3.184,0.4923,9.139,4.919,2.607,0.5376,8.879,6.798,5.72,0.5536,8.095,3.117,4.778,0.4409,5.139,3.028,5.927,0.5027,5.242,5.467,5.122,0.6986,8.299,3.602,5.016,0.7052,3.818,4.254,2.793,0.7526,7.098,4.374,5.072,0.6407,4.449,7.076,5.535,0.4703,8.38,6.799,5.128,0.3959,4.02,3.259,4.839,0.6365,5.045,5.78,5.703,0.4675,4.484,6.362,3.572,0.2995,4.775,5.416,4.772,0.6289,5.556,5.722,4.22,0.6672,8.26,6.667,5.697,0.4426,6.372,4.86,2.663,0.7784,6.718,6.784,3.838,0.4335,6.363,4.39,4.253,0.4881,4.603,6.812,5.37,0.3844,7.034,3.968,5.759,0.7055,6.939,4.997,2.036,0.5127,7.105,6.494,2.555,0.7146,5.772,2.627,4.555,0.4007,4.505,4.749,5.205,0.619,7.072,5.716,4.724,0.6107,5.202,4.736,4.021,0.5849,6.928,3.858,3.072,0.3686,7.198,4.448,5.02,0.7837,8.767,5.089,5.292,0.6459,4.798,4.022,4.149,0.5083,5.73,3.893,3.955,0.6791,7.406,6.768,2.896,0.5264,6.318,4.289,5.955,0.5927,8.928,5.409,5.597,0.6077,8.55,5.762,6.254,0.4524,4.775,3.821,2.968,0.5922,8.795,6.199,1.811,0.3978,8.025,2.71,1.791,0.5556,6.943,3.631,3.49,0.3484,8.558,3.897,2.531,0.5855,4.24,4.974,2.866,0.6374,7.814,6.844,3.596,0.6401,4.761,3.836,2.134,0.7119,5.473,3.662,4.935,0.628,5.66,4.423,3.097,0.6772,8.377,5.566,3.319,0.3351,8.71,6.544,3.482,0.7136,7.834,6.178,3.622,0.3858,6.969,2.9,3.835,0.6911,5.651,4.275,3.405,0.6155,9.698,4.759,3.211,0.5394,6.343,3.04,4.243,0.5804,4.1,4.876,5.489,0.4067,8.07,5.627,5.823,0.6497,7.424,2.398,5.528,0.4604,4.069,3.93,4.127,0.8133,7.842,4.731,3.495,0.7781,8.594,6.753,2.765,0.2896,6.688,6.242,2.513,0.3931
ANML_08_Untu_R8,Animal_08,Untutored_Isolate,0,0.0424,0.5258,0.1697,0.1448,0.0973,0.0625,6.926,7.188,4.352,0.5455,3.961,4.338,2.08,0.7077,8.873,8.931,0.963,0.4169,9.608,5.23,1.065,0.277,7.218,6.68,2.325,0.649,7.206,6.231,1.539,0.3455,5.668,7.611,5.232,0.5622,7.504,4.191,3.832,0.3942,4.284,5.616,2.164,0.5663,10.204,7.385,3.541,0.6893,7.856,3.16,4.607,0.2708,7.801,8.466,5.326,0.6759,9.077,4.374,3.608,0.5538,5.516,6.009,5.659,0.6971,5.978,6.387,5.585,0.3217,5.949,5.47,5.121,0.7416,4.275,3.683,4.532,0.7786,4.353,7.371,2.358,0.6301,4.592,6.121,4.632,0.2443,7.182,2.794,4.092,0.5901,8.114,6.43,4.453,0.5966,9.046,5.05,1.305,0.6697,5.439,5.151,2.015,0.3607,8.958,4.575,3.271,0.6136,7.625,6.873,5.541,0.5822,8.664,4.614,2.88,0.7533,8.058,3.11,2.984,0.6444,6.028,4.205,4.106,0.4737,5.157,6.404,2.932,0.6881,7.113,3.869,5.858,0.3665,8.512,5.556,3.309,0.4364,8.303,4.749,3.886,0.6054,7.361,4.853,2.569,0.6133,6.587,4.746,4.063,0.5421,4.859,3.577,1.809,0.3596,4.907,2.838,3.076,0.4294,8.233,4.769,2.304,0.5206,7.721,3.887,1.817,0.3907,5.125,2.909,2.764,0.8213,7.489,4.4,5.249,0.7299,4.222,3.975,4.891,0.3822,9.461,6.828,3.793,0.7084,5.577,4.174,3.459,0.6282,5.172,5.381,4.369,0.2869,5.614,5.51,6.133,0.7495,7.796,5.798,5.13,0.35,7.902,6.284,2.673,0.7878,5.021,5.778,4.971,0.3512,4.983,3.668,4.941,0.32,8.878,5.162,2.329,0.333,6.691,2.781,4.561,0.8221,4.592,2.861,6.138,0.5595,8.427,4.401,4.263,0.5508,7.093,3.593,4.176,0.5782,5.374,3.979,3.148,0.4,6.721,6.759,2.414,0.4971,4.573,3.193,4.918,0.6865,4.105,5.114,2.318,0.3922,5.858,3.08,2.236,0.4428,4.976,5.074,3.092,0.6601,9.215,2.857,2.241,0.5635,6.915,6.843,4.959,0.7362,6.974,6.557,1.891,0.7819,6.452,2.189,3.36,0.2645,6.07,3.733,3.062,0.638,8.357,3.622,4.919,0.3042,6.645,2.556,1.981,0.6907,7.387,6.786,3.013,0.6185,6.899,2.721,3.317,0.7181,8.279,5.714,2.849,0.4129,4.929,2.416,3.2,0.6766,8.384,2.763,4.475,0.5797,6.114,6.519,2.218,0.7987,5.141,6.609,4.788,0.5101,5.817,3.58,4.268,0.7624,5.698,3.817,1.798,0.3949,7.086,4.087,2.169,0.8104,4.311,3.465,4.086,0.4785,8.712,5.386,5.572,0.498,6.051,5.584,4.74,0.5352,5.139,4.247,3.947,0.4314,5.708,5.6,5.685,0.696,6.389,6.27,5.661,0.4061,4.909,3.287,4.497,0.5185,4.457,5.834,3.898,0.7445,4.193,3.387,5.68,0.6753,9.044,3.388,3.521,0.7387,7.347,5.815,4.567,0.4772,4.63,4.338,2.973,0.4031,5.745,5.724,4.749,0.6032,6.035,5.925,3.447,0.5484,7.588,4.42,5.907,0.3343,8.651,5.908,3.767,0.6917,8.967,3.146,4.871,0.3713,8.312,5.422,5.619,0.7132,7.58,3.027,5.174,0.489,6.731,3.045,4.032,0.4035,4.523,6.314,4.58,0.4181,8.667,3.168,2.225,0.7765,4.985,2.983,5.753,0.4961,3.784,2.673,2.109,0.7564,7.347,4.602,6.009,0.7364,6.614,6.716,3.987,0.5455,8.667,3.429,2.523,0.4908,5.278,7.092,5.015,0.5437,6.305,4.799,2.931,0.6741,8.285,2.671,4.05,0.5744,9.096,2.789,5.44,0.5544,4.062,4.456,2.513,0.6089,6.227,2.966,4.494,0.6556,3.986,6.159,4.838,0.6008,7.199,8.189,4.42,0.6131,5.113,6.61,5.652,0.608,8.562,5.82,4.187,0.5197,3.713,5.606,5.009,0.7722,6.639,5.574,3.961,0.2918,5.439,7.122,6.088,0.4864,5.208,3.991,5.798,0.635,7.708,6.635,5.674,0.7108,5.04,4.612,2.28,0.6932
ANML_09_Untu_R9,Animal_09,Untutored_Isolate,0,0.0,0.5219,0.1867,0.1466,0.0892,0.0557,8.845,3.863,4.045,0.5775,8.585,3.097,5.682,0.4108,9.511,6.975,3.212,0.5456,8.781,6.142,4.267,0.4124,7.531,8.404,4.44,0.5527,6.705,5.597,4.748,0.2969,6.129,6.3,2.577,0.4877,8.436,3.71,1.907,0.4376,5.926,3.146,2.349,0.4935,10.193,7.094,4.676,0.4464,5.398,3.796,4.319,0.4415,7.316,5.36,4.211,0.742,4.827,3.139,4.171,0.7874,4.027,3.204,4.487,0.6663,8.409,4.196,3.73,0.6662,9.325,4.516,3.065,0.6309,6.735,3.214,5.891,0.7948,8.845,5.392,2.245,0.5751,5.441,3.254,6.335,0.6567,5.684,5.44,6.204,0.5945,6.954,3.681,2.15,0.4459,9.98,4.31,3.405,0.3735,5.563,4.642,2.703,0.6383,7.957,5.468,2.638,0.5259,8.531,4.821,2.998,0.4091,7.36,2.616,3.85,0.6064,8.681,6.103,2.026,0.2645,8.748,4.888,5.032,0.7412,6.539,3.44,5.478,0.3308,5.613,4.687,4.729,0.8614,7.752,5.907,5.183,0.3095,6.598,2.895,6.02,0.7251,6.081,6.985,4.607,0.5305,8.951,5.777,5.818,0.3479,5.425,4.501,3.683,0.6583,8.471,3.076,2.783,0.3694,7.977,3.131,2.786,0.6296,6.658,6.778,4.375,0.5587,8.418,5.401,2.871,0.3216,4.492,2.877,2.818,0.5667,7.391,3.886,5.316,0.2645,6.499,6.439,4.343,0.4505,4.701,5.305,3.933,0.3694,4.272,6.067,4.369,0.4855,7.012,7.015,6.149,0.6368,5.589,3.14,3.85,0.7545,5.375,3.996,4.073,0.6643,6.393,7.114,3.835,0.2986,4.386,5.169,3.025,0.4464,7.7,6.511,4.398,0.4393,8.413,5.724,4.228,0.2724,4.777,3.866,4.685,0.3478,4.327,5.483,3.729,0.5573,4.602,4.061,2.528,0.7418,8.149,5.214,2.904,0.4051,7.423,4.604,5.424,0.4054,6.007,3.218,5.253,0.4526,6.949,7.219,5.018,0.6752,7.872,5.641,2.813,0.6809,8.877,3.217,4.249,0.8034,8.908,5.674,2.97,0.7049,4.314,2.43,5.932,0.7598,4.817,5.63,4.869,0.4744,6.146,6.468,5.723,0.3382,4.289,6.868,3.893,0.5632,7.4,3.558,3.877,0.4564,5.804,5.56,5.065,0.4855,3.844,5.958,3.468,0.3409,7.846,4.222,4.017,0.3472,7.029,3.613,4.386,0.6324,5.794,4.68,3.342,0.5006,6.738,4.085,6.749,0.6097,6.505,5.734,4.084,0.4335,4.872,5.604,4.289,0.3586,8.342,6.239,2.808,0.3695,7.524,5.274,2.671,0.5147,7.417,2.271,2.803,0.3357,5.213,2.16,4.901,0.7748,8.53,4.171,3.522,0.3529,8.575,3.753,4.006,0.7833,8.653,3.719,6.293,0.3752,7.94,5.576,2.579,0.5206,6.911,6.533,5.22,0.6124,5.434,5.309,4.868,0.83,7.433,5.441,2.478,0.6439,8.508,5.918,3.608,0.4361,8.511,5.018,5.84,0.3485,8.93,6.228,4.616,0.5422,6.887,6.503,1.995,0.5737,4.761,3.014,3.071,0.7955,7.411,6.776,4.342,0.4683,4.75,4.108,2.672,0.4164,6.725,5.014,2.656,0.7262,7.515,4.441,4.932,0.6179,7.177,2.7,4.693,0.3173,4.36,6.408,2.356,0.6374,8.95,5.844,3.412,0.6401,7.097,5.847,3.994,0.6109,4.176,3.094,3.575,0.2618,6.125,3.325,6.257,0.3546,5.2,3.739,2.791,0.3523,8.483,4.598,3.753,0.7052,4.97,2.921,3.067,0.3206,6.634,4.428,6.062,0.5961,4.107,5.853,4.051,0.4076,7.026,8.096,3.777,0.3652,7.102,6.39,2.868,0.6236,8.772,6.02,4.44,0.3754,6.671,3.634,2.671,0.8258,5.602,2.669,3.803,0.5254,6.929,5.159,2.885,0.5675,8.319,6.206,4.344,0.4796,4.895,4.069,2.511,0.6493,8.384,3.929,2.619,0.7995,7.478,4.719,3.445,0.7181,8.088,5.59,3.64,0.4681,8.577,4.504,4.615,0.4057,4.727,4.495,5.202,0.6573,4.478,6.108,3.233,0.4645,5.869,4.96,4.943,0.432
ANML_10_Untu_R10,Animal_10,Untutored_Isolate,0,0.0518,0.5435,0.1632,0.1432,0.1011,0.049,8.47,5.026,1.805,0.5393,8.193,4.034,1.976,0.4811,6.882,4.673,3.552,0.4488,8.476,7.881,3.727,0.2404,8.201,8.162,2.648,0.371,8.733,6.765,4.636,0.3593,6.442,7.904,4.289,0.5738,4.606,4.824,3.997,0.7132,6.94,3.158,1.748,0.5534,7.548,7.265,5.44,0.6526,6.635,7.068,2.778,0.4329,8.274,7.252,4.576,0.7039,9.449,5.736,4.567,0.5557,8.457,4.635,5.407,0.689,9.506,7.1,4.628,0.6517,4.536,4.334,5.418,0.3229,6.314,4.234,2.61,0.4725,7.752,3.734,3.726,0.4691,8.082,5.299,3.319,0.3908,7.523,3.876,4.773,0.3569,8.3,4.28,4.65,0.7545,8.802,7.764,4.394,0.3189,3.723,4.403,4.274,0.5781,5.064,6.433,1.891,0.4225,4.16,6.841,5.902,0.5767,7.901,6.769,2.973,0.7199,6.333,6.26,5.649,0.3367,6.873,3.977,4.155,0.3925,5.836,4.098,3.966,0.7832,7.123,3.273,3.139,0.5602,4.284,4.213,3.566,0.6564,6.176,4.371,5.418,0.7344,5.424,5.815,1.357,0.3311,4.443,6.241,2.38,0.4924,5.273,3.252,2.724,0.406,8.261,6.766,5.114,0.376,4.562,4.956,2.918,0.5128,4.872,5.05,1.954,0.3644,5.399,3.148,2.666,0.6276,4.547,5.086,2.675,0.6102,8.682,3.914,4.775,0.4535,8.837,5.31,4.026,0.5963,4.05,3.744,6.346,0.4109,7.452,4.213,3.159,0.3923,7.089,4.116,4.629,0.7609,5.264,6.281,1.804,0.3254,4.796,3.102,3.219,0.31,7.352,7.174,4.203,0.6272,7.296,2.563,3.31,0.7205,4.298,6.036,4.668,0.4478,8.69,6.129,2.691,0.5111,4.52,5.683,5.682,0.3242,4.4,3.808,4.381,0.3931,5.621,6.59,3.393,0.7142,4.751,5.908,3.763,0.4454,5.787,7.226,3.11,0.4435,5.615,2.822,2.556,0.4425,7.863,6.008,4.336,0.7584,9.196,3.46,2.321,0.652,7.973,4.316,4.98,0.3192,8.255,4.009,4.944,0.4744,4.376,3.56,3.423,0.7622,5.648,2.729,5.855,0.6308,5.104,5.586,4.137,0.6549,7.555,2.728,3.256,0.5092,5.353,5.775,5.27,0.4794,8.625,3.255,5.783,0.4251,7.769,2.935,6.309,0.5021,5.559,3.994,1.569,0.6522,8.612,2.912,3.057,0.756,4.395,2.924,4.403,0.3486,3.924,6.078,6.346,0.3257,7.923,3.082,2.281,0.7289,7.324,5.134,3.602,0.4403,5.414,3.064,4.022,0.3715,7.257,4.827,4.459,0.4366,7.958,6.319,3.584,0.8373,4.626,4.286,2.857,0.776,5.156,4.096,2.317,0.5226,7.052,4.106,4.263,0.4356,7.74,5.599,3.325,0.5937,6.04,5.973,4.719,0.5606,7.66,4.584,5.34,0.6702,5.387,2.783,5.375,0.5337,6.732,4.127,4.083,0.5338,4.791,3.454,4.099,0.2963,5.976,6.945,4.206,0.4134,8.089,5.943,3.571,0.3621,6.98,5.393,2.837,0.3677,5.446,2.928,6.057,0.3459,5.954,4.418,2.866,0.2464,6.78,5.905,4.452,0.6731,5.349,2.962,5.66,0.4797,4.701,5.229,1.941,0.7084,4.816,6.521,4.646,0.417,8.966,4.955,4.559,0.6416,6.658,4.705,2.621,0.4494,5.201,3.109,1.811,0.4451,8.558,3.125,3.419,0.4794,6.343,4.531,3.191,0.6125,5.847,5.91,4.689,0.409,5.667,2.622,3.886,0.6021,7.76,3.029,2.639,0.6028,5.648,4.368,2.781,0.5783,4.589,3.894,3.264,0.5477,9.818,7.325,1.174,0.373,7.729,6.838,5.231,0.501,7.467,3.304,5.426,0.7207,4.594,6.293,3.923,0.4334,4.593,7.037,5.681,0.4099,4.985,4.162,4.655,0.4396,7.469,7.593,1.999,0.6759,7.83,3.506,5.163,0.5977,8.687,3.062,2.888,0.4519,7.967,6.209,3.616,0.6982,4.188,5.308,3.013,0.4687,5.31,4.098,3.674,0.7454,8.847,3.875,3.312,0.3824,5.278,6.51,5.475,0.688,4.444,4.668,5.091,0.285
ANML_11_Untu_R11,Animal_11,Untutored_Isolate,0,0.037,0.5205,0.1689,0.165,0.0999,0.0457,4.274,5.597,1.932,0.7016,7.686,2.332,2.48,0.7359,7.567,7.6,1.107,0.3409,5.054,5.273,1.528,0.4703,5.443,4.23,1.889,0.405,7.612,7.162,2.337,0.5422,8.412,6.95,5.682,0.5542,8.102,3.734,4.265,0.4369,5.718,5.632,5.782,0.3413,7.419,4.845,4.669,0.3879,6.296,4.505,4.207,0.4593,8.269,8.482,2.832,0.8188,6.696,4.818,2.59,0.5753,4.701,3.938,2.569,0.4575,6.945,6.235,3.901,0.5925,8.234,5.402,5.058,0.4337,4.292,5.28,4.699,0.3873,5.708,2.768,2.132,0.701,4.97,6.891,2.998,0.5779,7.386,4.598,4.246,0.711,4.194,4.051,5.569,0.5551,6.076,4.364,3.263,0.6806,4.433,3.576,5.138,0.7737,8.843,4.653,5.316,0.5751,8.045,2.918,4.024,0.6848,8.227,6.903,1.941,0.5309,4.732,2.792,3.005,0.7847,7.149,2.842,3.98,0.4068,7.788,2.56,5.18,0.719,6.841,2.512,3.999,0.3385,6.303,5.31,4.406,0.2593,7.775,6.933,2.677,0.3721,4.814,8.986,2.786,0.4289,7.558,6.101,4.09,0.6985,7.72,5.173,2.864,0.5042,4.658,3.948,5.449,0.6854,7.551,3.112,2.919,0.6739,8.044,6.339,4.393,0.6727,4.267,4.329,2.405,0.3069,5.452,2.949,3.996,0.4461,4.193,5.896,5.6,0.7017,6.492,4.746,1.155,0.4052,7.878,2.615,3.347,0.8072,7.707,6.571,2.866,0.3063,8.865,2.843,4.46,0.3349,6.728,6.823,5.197,0.4265,4.906,3.329,3.862,0.7252,9.363,5.94,4.663,0.4295,7.566,3.237,3.434,0.5767,4.811,3.388,4.416,0.6128,6.534,3.925,2.699,0.6834,4.996,3.67,2.309,0.5892,7.81,3.001,3.287,0.3678,5.9,3.194,3.584,0.703,7.606,6.394,4.813,0.6608,6.229,2.449,5.028,0.551,6.403,3.028,5.008,0.4692,6.088,4.106,3.166,0.5084,7.553,4.619,3.691,0.6125,8.234,3.962,3.671,0.6789,7.081,4.137,4.048,0.6726,6.573,6.189,2.448,0.7231,8.362,2.913,2.278,0.8084,4.574,4.839,5.992,0.3934,5.608,4.492,3.204,0.5872,4.643,6.782,3.767,0.4399,4.359,4.228,3.726,0.2243,5.594,2.821,5.622,0.3714,7.274,5.18,6.146,0.4574,7.31,3.849,2.541,0.431,5.877,4.901,5.099,0.761,4.47,4.475,5.085,0.3084,7.207,5.627,5.644,0.3959,6.463,2.627,4.956,0.6386,5.906,4.519,5.24,0.5782,4.089,6.344,5.811,0.2749,5.608,5.609,2.738,0.685,8.069,5.651,2.262,0.7036,6.954,6.56,4.391,0.7499,5.589,5.676,5.42,0.7274,6.337,3.616,5.439,0.5519,4.22,5.928,3.022,0.7369,6.451,2.844,2.996,0.4731,5.707,2.953,2.905,0.4645,8.211,5.089,5.054,0.7605,7.177,3.022,4.023,0.7862,4.217,6.84,4.071,0.571,6.553,7.506,2.542,0.5773,4.6,3.603,4.939,0.4042,6.106,6.902,1.958,0.7429,5.132,8.375,3.866,0.5566,8.727,5.217,3.331,0.4496,4.863,3.978,2.645,0.6259,3.75,3.955,4.91,0.7167,7.524,3.401,3.402,0.3519,5.96,4.022,4.291,0.6154,4.884,4.187,3.28,0.582,4.281,5.526,2.309,0.459,7.688,6.049,3.053,0.3856,5.459,6.84,4.332,0.5967,6.93,2.268,1.916,0.3284,7.176,2.121,5.815,0.6196,4.753,3.212,2.965,0.5388,8.542,4.987,4.268,0.5285,8.104,4.289,3.7,0.6396,6.2,6.334,1.084,0.6726,6.051,3.532,3.251,0.2924,5.507,5.215,1.975,0.3581,6.652,3.948,2.06,0.3145,4.517,3.067,3.144,0.5726,7.792,4.856,4.989,0.8121,7.679,7.569,1.473,0.517,7.813,3.364,3.939,0.3599,6.494,5.816,2.604,0.6456,4.297,3.79,3.741,0.7032,4.766,2.578,3.229,0.6519,4.872,7.063,3.452,0.6051,7.446,3.422,6.196,0.7419,8.816,3.833,3.098,0.5318,7.337,7.02,4.665,0.8057
ANML_12_Untu_R12,Animal_12,Untutored_Isolate,0,0.0,0.514,0.1878,0.1409,0.1071,0.0501,7.617,7.439,4.807,0.5486,6.977,3.139,5.619,0.4975,6.053,7.341,2.678,0.6093,4.845,6.699,3.104,0.6762,8.74,5.509,3.279,0.331,8.203,5.546,2.287,0.7217,9.038,6.71,2.032,0.3927,6.188,5.609,4.005,0.5074,7.742,5.602,5.884,0.7928,6.852,5.617,5.151,0.4991,8.62,3.096,3.912,0.5945,9.552,5.922,1.945,0.3547,5.29,3.947,3.514,0.4858,6.923,4.93,6.307,0.6705,5.174,3.071,3.038,0.8201,6.02,4.075,2.929,0.604,9.031,3.385,2.362,0.4267,4.131,4.892,3.491,0.4694,8.755,6.115,5.411,0.6073,5.182,2.853,2.362,0.4286,5.808,5.272,5.282,0.6068,5.316,3.484,3.242,0.6547,6.903,6.218,5.437,0.3185,9.242,4.664,2.28,0.3993,6.071,4.673,3.384,0.4723,8.207,4.551,5.627,0.5393,6.055,3.742,4.399,0.559,7.587,3.438,3.67,0.7376,7.859,4.903,2.358,0.6587,5.726,3.382,4.192,0.6307,6.593,4.399,4.334,0.6164,8.585,6.065,2.717,0.5211,6.799,5.094,2.569,0.4591,4.631,4.632,2.277,0.7836,6.199,6.198,6.309,0.6327,7.003,4.287,5.049,0.6637,7.499,1.94,3.659,0.5246,4.309,5.639,4.301,0.7025,9.039,2.617,4.851,0.3789,7.408,5.811,3.864,0.7582,5.287,4.251,2.515,0.3351,5.668,5.22,3.374,0.6704,8.178,4.531,4.943,0.4074,6.522,5.376,4.787,0.6623,7.839,5.87,5.154,0.597,8.478,2.623,5.536,0.3642,7.812,3.015,5.624,0.4612,7.684,4.443,1.601,0.5759,4.817,2.921,5.715,0.773,6.791,4.339,2.556,0.2025,7.76,3.989,2.048,0.6551,4.56,5.976,5.435,0.5133,5.887,2.633,3.922,0.4141,5.673,3.022,5.306,0.3879,5.952,6.318,2.145,0.8045,5.397,6.275,2.511,0.6136,6.354,4.993,4.127,0.6015,5.877,5.884,5.853,0.8699,4.969,4.149,2.508,0.7764,7.342,4.164,3.344,0.625,5.633,6.256,4.844,0.5738,6.522,3.879,4.822,0.6251,5.465,3.77,2.426,0.5027,4.378,6.071,2.24,0.4144,5.522,6.949,5.459,0.5522,4.018,3.697,5.464,0.4325,7.873,3.79,2.325,0.5351,4.675,6.354,4.404,0.5216,7.075,3.147,5.877,0.5899,6.22,4.664,2.626,0.4179,8.602,3.885,4.618,0.4246,7.328,3.271,4.096,0.3372,6.105,4.774,4.739,0.4473,6.952,6.562,1.918,0.7223,9.049,6.05,5.71,0.5161,5.505,5.006,2.762,0.3677,8.261,5.007,2.646,0.729,5.504,5.948,3.06,0.4282,7.396,5.515,3.493,0.576,5.698,5.443,4.713,0.4584,5.88,2.877,2.911,0.4003,5.747,5.387,6.03,0.6157,7.49,3.709,5.193,0.408,5.748,4.799,2.452,0.6796,7.865,6.333,4.906,0.7393,5.084,4.274,2.748,0.3805,6.235,5.05,2.286,0.4199,7.973,4.895,5.138,0.7326,8.529,7.028,3.529,0.3758,7.373,6.378,5.85,0.5372,8.577,7.586,1.977,0.5139,5.458,6.052,4.839,0.4366,4.358,2.729,4.108,0.6643,8.547,4.984,4.95,0.6906,7.597,5.185,3.054,0.56,7.645,6.129,3.528,0.3886,7.691,3.175,5.116,0.3993,5.088,2.839,1.943,0.6352,6.945,6.705,5.666,0.7408,8.233,5.609,2.344,0.76,4.553,4.514,3.596,0.4794,9.069,4.229,3.041,0.8081,7.582,6.063,3.122,0.3303,8.357,4.159,2.747,0.485,3.875,5.159,3.607,0.3812,7.886,4.362,4.739,0.428,7.041,6.483,4.603,0.6129,7.518,4.612,3.927,0.6804,4.867,6.07,5.396,0.6484,5.729,2.973,4.176,0.5118,7.353,7.211,4.792,0.6451,8.323,7.12,4.453,0.4177,5.666,4.8,2.956,0.8386,7.919,3.733,6.207,0.5684,6.283,2.955,4.434,0.4004,5.716,3.797,3.875,0.2563,3.972,6.27,2.875,0.6,8.83,4.881,2.513,0.3951,4.118,4.783,2.712,0.6807,6.715,6.224,3.18,0.35
ANML_13_Tuto_R1,Animal_13,Tutored_Early_24h,24,0.3465,0.5328,0.1646,0.1558,0.0913,0.0555,9.208,10.602,1.412,0.2649,5.947,4.41,4.431,0.3659,11.129,7.921,1.623,0.271,9.207,10.001,0.1,0.2405,11.097,10.913,1.902,0.3704,9.125,9.505,1.953,0.3894,6.689,4.35,4.096,0.543,6.119,7.809,2.382,0.2878,8.539,6.012,1.975,0.2975,7.611,6.438,4.149,0.8123,8.759,5.763,3.173,0.7287,7.672,5.107,3.13,0.418,9.726,5.871,4.781,0.5835,9.195,6.086,2.942,0.5914,8.718,4.931,5.279,0.3898,5.35,3.361,4.232,0.3376,6.65,6.656,2.822,0.3674,9.91,9.154,2.169,0.0891,5.286,4.913,3.941,0.4859,6.293,3.609,2.431,0.5062,4.954,6.096,2.713,0.3165,8.766,9.381,0.1,0.3929,4.465,2.856,4.998,0.3414,8.266,3.714,4.969,0.4995,5.067,2.482,3.476,0.5286,7.07,5.214,5.125,0.6285,5.04,6.99,3.732,0.6208,5.957,5.968,3.9,0.395,5.212,5.755,3.026,0.7521,8.019,5.705,2.709,0.5957,7.172,7.108,4.705,0.6884,4.778,3.493,2.266,0.5274,10.533,8.792,0.1,0.414,6.397,4.351,2.048,0.6006,5.671,5.833,5.198,0.5302,4.573,4.801,1.698,0.3737,4.358,4.569,2.236,0.4108,4.698,4.488,2.285,0.4391,7.761,5.418,3.056,0.9405,8.367,4.217,5.175,0.8531,4.554,4.621,3.354,0.499,11.637,11.275,1.896,0.2349,6.217,6.381,6.015,0.3678,11.509,7.933,1.059,0.5331,8.614,3.086,4.41,0.4122,7.605,4.266,1.676,0.4051,4.048,5.112,5.062,0.6946,8.313,11.288,0.1,0.0224,4.317,4.855,5.707,0.3884,7.988,3.011,5.62,0.6854,4.349,4.644,4.087,0.684,7.04,2.325,3.67,0.602,6.918,6.447,5.164,0.3716,6.009,5.507,2.405,0.6042,8.107,3.445,5.641,0.5686,7.644,6.551,2.466,0.483,7.784,4.501,5.12,0.5967,5.635,3.497,3.391,0.4589,8.25,5.743,3.522,0.6231,5.713,4.807,4.771,0.4113,6.431,7.336,4.899,0.6718,6.119,3.294,3.846,0.4765,8.258,2.923,3.299,0.6253,7.06,3.935,5.762,0.4371,8.648,2.602,2.928,0.3499,6.94,4.317,4.83,0.6566,5.213,5.462,2.403,0.6509,5.14,3.541,4.218,0.3995,7.64,3.833,3.65,0.5983,6.571,4.571,4.068,0.9141,7.146,3.765,2.577,0.4206,5.283,5.812,3.259,0.3148,6.155,4.073,2.55,0.7243,3.887,5.135,3.207,0.9123,3.881,3.15,5.2,0.7696,7.086,6.593,6.094,0.3628,6.888,4.305,2.729,0.6744,5.026,3.407,5.196,0.6402,7.767,2.881,3.51,0.7267,5.597,5.306,6.605,0.844,6.438,4.598,4.75,0.6165,6.304,2.906,4.504,0.5725,7.304,3.039,3.827,0.6141,7.935,2.641,5.08,0.8023,8.171,4.246,5.054,0.5797,6.847,3.287,4.915,0.2046,6.511,6.523,2.183,0.7906,10.621,8.076,0.993,0.3955,4.659,6.09,4.509,0.5312,8.87,5.373,5.466,0.71,7.072,10.984,1.086,0.3968,5.635,6.812,4.821,0.6668,8.983,6.823,1.608,0.5121,4.079,6.868,3.168,0.4274,9.173,6.872,2.719,0.2583,5.714,4.684,2.442,0.6002,6.745,4.104,4.981,0.2731,7.726,3.843,3.796,0.5251,3.616,5.455,4.177,0.5745,5.004,5.283,2.114,0.355,8.196,3.8,4.99,0.5631,6.506,6.446,4.171,0.3525,8.355,4.653,1.945,0.4953,3.574,6.365,6.299,0.7169,4.9,3.405,3.429,0.4433,9.367,10.044,1.175,0.2177,7.933,4.688,2.96,0.5544,6.555,5.004,5.965,0.5464,8.806,4.837,2.79,0.4891,4.63,4.663,3.483,0.3595,4.69,5.105,3.715,0.7008,9.374,7.806,0.1,0.3451,6.037,5.109,5.427,0.7931,6.592,4.05,4.096,0.6241,9.101,2.229,5.777,0.5635,8.173,6.581,2.504,0.6952,4.052,5.666,5.804,0.7864,6.94,3.084,4.837,0.3518,7.357,5.48,4.886,0.5586,8.41,4.28,5.845,0.4959
ANML_14_Tuto_R2,Animal_14,Tutored_Early_24h,24,0.2802,0.5187,0.166,0.1496,0.1116,0.0541,7.367,10.051,0.1,0.468,6.442,6.294,3.144,0.4727,10.071,9.542,2.059,0.2012,7.478,10.184,1.125,0.4781,7.017,9.181,0.1,0.2783,10.564,10.768,0.286,0.0841,6.586,5.215,3.521,0.8631,8.519,7.843,2.232,0.1321,7.414,7.713,2.123,0.2733,7.579,7.614,4.775,0.5924,5.736,3.115,3.12,0.7077,9.764,6.241,5.789,0.3159,9.401,6.676,3.037,0.5794,5.911,6.072,3.385,0.27,6.802,3.601,2.499,0.2472,10.312,4.441,3.879,0.4764,8.772,5.306,1.571,0.6598,10.24,5.887,1.297,0.1056,7.568,6.804,3.801,0.587,8.406,3.118,4.37,0.7712,6.05,4.427,4.46,0.6589,11.485,10.39,1.713,0.0601,7.866,6.773,5.938,0.7378,6.811,4.049,5.189,0.3648,7.725,6.304,4.582,0.3991,4.308,4.668,5.421,0.4493,7.017,4.732,3.57,0.3885,6.073,3.072,4.765,0.5602,6.319,4.635,5.861,0.6416,5.991,5.902,5.743,0.2686,4.855,3.369,5.601,0.4751,5.934,6.06,5.94,0.633,8.23,9.743,1.27,0.351,8.473,3.806,2.9,0.6799,5.66,5.412,3.15,0.3342,6.154,3.68,4.623,0.6528,5.686,5.309,4.143,0.4542,7.391,6.459,3.697,0.8122,8.679,3.523,6.677,0.4178,5.956,6.986,3.958,0.6256,5.315,2.973,3.762,0.5568,11.233,8.501,0.1,0.1194,7.073,3.272,5.067,0.4484,11.039,8.967,0.1,0.2939,5.621,4.93,5.35,0.545,6.943,3.856,4.48,0.618,7.766,3.034,3.69,0.6025,11.465,8.835,0.377,0.5698,7.231,6.5,5.992,0.5264,3.687,4.998,4.837,0.3986,8.084,4.973,2.592,0.255,8.131,5.515,3.426,0.2908,5.622,5.095,5.07,0.5533,7.438,5.012,4.426,0.457,6.442,5.871,3.942,0.5895,8.232,4.11,3.808,0.2939,7.628,2.827,5.001,0.5798,8.156,7.011,2.36,0.5604,7.167,3.763,2.584,0.4574,8.081,6.615,3.872,0.5624,6.76,6.063,4.111,0.5886,8.839,6.887,3.318,0.3373,7.086,4.789,2.586,0.3781,8.29,2.85,3.663,0.3844,8.301,6.888,2.386,0.3635,7.285,7.002,4.263,0.5006,6.588,2.653,2.746,0.6501,7.188,4.707,4.776,0.8121,8.359,6.115,2.193,0.5775,5.146,5.602,3.272,0.573,6.466,6.828,2.625,0.3948,4.523,5.061,2.072,0.3207,7.595,6.224,4.369,0.4848,5.758,5.993,6.017,0.7428,9.42,3.155,5.497,0.7331,7.474,4.388,5.555,0.7584,6.153,6.749,4.281,0.4492,4.25,3.229,5.705,0.6071,6.397,6.684,5.407,0.3635,4.298,2.712,6.457,0.641,7.07,5.43,4.289,0.511,5.542,6.98,5.795,0.3814,7.121,3.475,3.787,0.4322,5.23,2.874,4.455,0.8051,4.557,6.672,1.755,0.3139,9.4,7.055,5.234,0.2344,7.295,2.576,4.688,0.7897,8.288,7.477,0.784,0.0788,4.091,5.155,5.789,0.4597,5.801,5.009,4.456,0.4895,11.806,10.527,0.1,0.4797,7.838,2.558,5.424,0.532,7.088,7.767,4.778,0.6448,5.175,3.035,6.06,0.4485,7.229,7.836,5.388,0.2071,7.486,6.424,3.964,0.5888,9.158,5.271,5.178,0.4049,7.049,4.13,3.432,0.6484,6.163,4.02,3.913,0.787,4.216,4.707,2.196,0.774,8.208,6.742,4.887,0.5524,8.576,4.209,2.799,0.7619,6.318,6.086,2.259,0.6891,3.764,4.765,3.824,0.3721,7.418,4.903,4.956,0.7275,8.441,9.42,2.078,0.4592,7.887,6.258,3.126,0.3646,5.176,4.118,6.191,0.8668,8.766,3.356,4.626,0.4227,6.171,6.954,3.637,0.4188,7.278,5.276,5.262,0.448,8.493,9.072,2.15,0.2299,8.23,6.135,4.954,0.7012,4.094,4.29,1.615,0.5512,5.113,2.854,4.033,0.756,6.856,4.196,2.443,0.3093,7.553,5.23,5.659,0.8737,9.021,7.475,4.972,0.6676,5.273,5.342,5.345,0.6979,7.439,6.153,4.674,0.3519
ANML_15_Tuto_R3,Animal_15,Tutored_Early_24h,24,0.268,0.5382,0.1614,0.1422,0.0985,0.0597,8.467,7.838,0.1,0.5219,7.672,4.997,3.653,0.644,7.379,10.674,1.702,0.2802,10.582,9.133,1.453,0.3642,10.58,8.792,1.055,0.2122,7.913,10.572,0.647,0.2744,7.614,7.13,2.952,0.4903,5.977,7.667,0.904,0.3505,8.465,5.417,4.471,0.0636,9.721,5.918,2.246,0.765,5.518,3.898,2.93,0.607,5.321,8.464,2.47,0.4068,7.039,5.529,3.531,0.5438,9.358,5.329,2.509,0.2467,9.102,6.234,5.545,0.3555,9.685,4.352,2.203,0.5953,5.853,3.27,3.646,0.266,7.713,5.331,1.196,0.1521,8.451,4.902,4.712,0.6738,6.876,4.447,3.036,0.6473,5.519,5.315,5.535,0.4234,9.15,8.656,2.919,0.4465,5.765,6.189,2.41,0.7852,5.932,5.995,4.183,0.7567,8.36,6.141,2.942,0.329,8.898,7.003,4.53,0.3106,4.728,5.691,3.774,0.7773,5.88,4.662,5.425,0.3851,8.328,6.583,3.693,0.5779,4.897,6.934,3.81,0.5766,4.524,4.965,4.7,0.7171,5.688,5.991,3.991,0.7938,11.351,8.184,3.115,0.3037,8.238,2.482,3.002,0.6054,7.156,4.196,3.411,0.383,6.812,4.208,2.563,0.5283,4.644,5.655,2.226,0.5546,5.623,5.584,4.21,0.5433,4.711,2.503,6.071,0.7308,7.956,4.774,3.731,0.6435,5.361,3.687,6.217,0.7625,11.262,7.789,2.049,0.0636,5.634,3.779,2.263,0.4424,7.759,9.291,0.1,0.2181,4.302,4.62,3.292,0.7692,6.568,2.584,3.836,0.7978,7.376,6.005,3.403,0.4856,9.928,10.71,0.843,0.2442,4.494,5.289,3.208,0.6518,8.447,3.709,2.513,0.6351,5.405,4.223,4.081,0.4577,8.343,6.496,4.81,0.5117,7.827,2.853,3.059,0.4111,5.565,4.948,3.905,0.6392,7.472,5.154,4.564,0.7824,4.98,5.618,1.901,0.5915,3.393,5.51,6.01,0.552,5.097,3.538,4.56,0.3931,7.743,4.382,3.096,0.4297,5.358,4.32,4.713,0.4008,6.307,2.877,2.23,0.3531,5.382,4.654,2.678,0.4584,8.358,6.104,4.379,0.5502,8.424,5.499,3.176,0.5131,5.291,3.065,3.765,0.4707,7.544,4.564,5.362,0.7547,7.919,3.853,3.18,0.4459,5.281,3.503,5.376,0.6988,8.72,2.548,4.606,0.4118,6.606,2.886,3.748,0.6945,8.284,3.722,4.522,0.3862,5.488,3.47,5.642,0.5227,4.736,3.055,2.396,0.2839,5.145,6.433,4.064,0.6033,6.511,3.182,3.238,0.7956,5.406,4.575,2.701,0.708,6.463,3.273,5.931,0.445,4.646,5.935,2.221,0.4716,5.28,4.8,3.409,0.51,5.657,3.741,2.405,0.8399,5.007,4.067,4.211,0.7238,9.135,5.78,4.473,0.3479,6.949,4.367,2.247,0.724,6.982,5.194,5.288,0.538,5.691,2.999,5.072,0.6204,5.394,3.855,2.796,0.5421,6.679,5.548,4.203,0.4802,9.583,11.388,0.768,0.2994,7.457,5.855,4.694,0.8162,6.691,4.701,3.369,0.7382,9.222,9.388,1.709,0.3134,7.718,3.41,5.036,0.2916,6.665,5.353,4.209,0.6228,4.151,5.589,4.8,0.762,8.851,6.141,5.055,0.6965,6.547,5.192,3.702,0.7533,6.23,5.407,4.157,0.3903,5.436,3.139,1.838,0.6344,7.432,4.985,3.146,0.582,6.918,5.411,2.495,0.6947,6.132,6.775,2.72,0.5121,4.992,2.275,5.567,0.3854,5.883,3.608,4.437,0.528,4.393,4.456,5.456,0.3962,6.257,3.616,5.057,0.52,10.199,11.081,2.107,0.4778,6.784,5.596,2.469,0.5106,5.393,4.095,3.755,0.6261,8.646,4.436,3.19,0.675,7.331,2.277,2.401,0.3324,8.578,3.226,2.366,0.7297,11.819,10.134,1.373,0.4515,7.219,4.432,5.407,0.3892,7.275,5.539,3.363,0.3863,7.298,6.304,2.932,0.3726,7.977,3.987,3.243,0.3553,5.732,4.953,4.36,0.6825,7.724,4.687,2.956,0.6611,6.463,6.24,5.001,0.6453,6.001,3.115,3.048,0.4043
ANML_16_Tuto_R4,Animal_16,Tutored_Early_24h,24,0.4002,0.5525,0.1847,0.1349,0.0872,0.0407,10.364,8.56,0.1,0.3458,5.412,6.715,3.731,0.5191,8.864,8.984,0.834,0.4161,7.068,10.215,1.879,0.4591,9.93,10.162,0.869,0.1812,7.618,11.589,2.492,0.3476,6.46,6.421,3.989,0.6715,7.762,6.112,2.741,0.411,8.289,7.306,2.643,0.1993,9.807,7.47,5.766,0.736,8.934,3.974,5.598,0.3907,5.664,4.615,5.04,0.5982,6.834,7.312,4.113,0.2372,6.883,6.781,4.807,0.3861,8.752,7.288,1.343,0.5924,6.138,4.37,5.213,0.4655,8.752,6.45,3.138,0.7066,9.77,6.826,3.347,0.1391,5.388,4.308,2.735,0.2958,7.146,3.35,2.714,0.6582,6.523,7.532,3.791,0.5059,11.576,10.349,2.333,0.4597,3.89,5.61,4.982,0.8387,5.457,6.327,2.084,0.6232,5.88,6.943,4.625,0.8022,7.587,5.676,4.145,0.5756,9.369,6.731,4.762,0.5047,4.694,6.935,5.803,0.4322,7.663,2.092,5.542,0.7583,5.674,3.453,5.454,0.4994,7.768,4.186,3.738,0.3123,6.088,5.028,5.193,0.5399,11.513,10.499,2.619,0.3073,6.804,3.822,6.154,0.5162,6.094,4.456,3.515,0.4809,6.152,4.494,3.688,0.4289,6.711,5.759,4.216,0.686,7.169,4.406,5.817,0.5344,5.038,5.738,5.042,0.5018,6.473,2.889,2.922,0.4471,7.759,3.169,6.166,0.7805,7.268,9.132,2.498,0.5224,5.79,6.336,4.375,0.6092,11.332,9.291,0.1,0.5022,5.181,3.747,3.123,0.591,8.052,4.78,2.22,0.5019,5.586,4.562,2.774,0.5351,7.594,11.964,0.1,0.2994,7.213,4.282,2.711,0.7195,5.482,5.344,4.551,0.4798,8.659,3.867,4.981,0.3777,8.868,4.51,3.027,0.2546,5.049,4.605,2.664,0.5296,6.466,4.351,5.525,0.6253,5.539,5.788,5.233,0.4728,8.535,3.595,2.89,0.5191,5.94,2.345,5.152,0.4833,8.902,2.941,5.321,0.6048,4.713,5.076,5.487,0.5733,7.772,7.753,3.746,0.1946,5.793,4.293,2.194,0.6459,5.565,5.009,4.671,0.5526,7.559,4.608,5.54,0.5039,8.51,2.913,3.593,0.5422,5.367,4.106,5.342,0.4689,4.846,3.179,5.158,0.8369,5.526,2.497,4.478,0.651,7.635,3.698,4.533,0.7503,5.412,3.021,2.165,0.5622,7.802,3.534,5.929,0.7663,6.958,3.654,2.283,0.7566,4.822,6.743,3.695,0.5192,8.145,5.259,2.8,0.355,4.03,3.304,4.108,0.406,6.347,7.194,4.84,0.8097,6.653,3.166,5.565,0.6684,4.629,5.949,3.587,0.6776,6.177,4.742,3.366,0.5016,3.681,6.075,3.254,0.6617,3.152,5.439,4.431,0.5246,8.475,3.088,2.207,0.3458,6.521,6.744,5.619,0.582,7.6,4.305,4.857,0.6005,4.689,4.617,2.483,0.4367,5.963,5.979,3.387,0.4915,8.592,3.68,1.928,0.545,7.042,5.996,4.55,0.4707,9.699,10.708,2.095,0.341,6.638,6.959,2.189,0.2846,8.475,3.811,5.185,0.64,9.62,7.708,2.415,0.1872,6.805,6.736,5.488,0.5571,9.852,5.181,2.99,0.6704,6.191,6.293,2.796,0.3836,5.467,4.221,3.995,0.2371,5.803,2.381,4.482,0.6711,8.006,6.043,2.855,0.4314,5.477,2.718,5.31,0.5767,3.385,4.24,3.562,0.9349,8.258,6.711,1.921,0.4631,7.223,3.997,5.957,0.5977,5.644,7.342,4.658,0.7877,4.997,4.861,5.431,0.3574,5.356,2.351,6.31,0.7394,7.678,2.467,2.795,0.3214,9.951,7.465,2.622,0.197,8.447,6.176,1.611,0.3868,6.02,2.74,6.354,0.9397,4.903,4.644,2.531,0.5354,4.266,3.37,6.269,0.4096,7.06,4.725,2.041,0.7325,7.326,10.461,1.156,0.1366,5.218,4.097,2.392,0.3269,4.773,4.7,3.653,0.3486,3.793,3.185,3.172,0.3842,6.335,2.71,4.408,0.5768,7.574,4.625,6.21,0.6575,7.446,2.644,1.705,0.7086,7.098,6.589,4.073,0.4201,9.2,6.316,3.253,0.7578
ANML_17_Tuto_R5,Animal_17,Tutored_Early_24h,24,0.3467,0.524,0.1827,0.1436,0.0867,0.063,8.677,10.431,0.123,0.3345,9.827,4.956,4.274,0.3134,9.592,10.505,0.469,0.3512,11.439,9.702,0.1,0.3908,7.673,9.033,1.034,0.191,10.782,9.682,0.1,0.4385,5.733,4.661,4.871,0.3913,9.877,7.116,3.063,0.2872,6.184,6.558,0.976,0.0876,9.45,4.133,4.439,0.5901,4.397,5.279,1.831,0.5011,9.66,6.286,4.236,0.3507,6.325,6.686,2.091,0.6677,9.533,5.03,4.422,0.289,6.118,5.812,3.359,0.4773,7.948,6.718,3.948,0.2023,4.732,6.732,4.414,0.6348,5.772,9.461,1.528,0.1038,6.607,5.27,3.853,0.8102,4.716,5.787,5.074,0.5364,6.236,6.466,1.479,0.4034,9.487,9.941,2.572,0.4115,8.159,4.482,3.077,0.7167,4.006,4.937,4.227,0.3208,5.119,6.362,5.864,0.3415,5.451,5.775,3.323,0.5597,6.221,4.565,3.975,0.3648,5.776,5.063,3.71,0.5695,4.734,3.623,4.461,0.7331,3.438,6.461,4.942,0.7733,5.637,4.811,4.621,0.7839,6.809,4.043,2.243,0.5739,10.975,10.246,2.274,0.4815,9.084,5.04,3.432,0.5571,8.697,7.265,2.128,0.6186,3.795,3.025,5.856,0.41,4.935,4.154,3.111,0.2942,8.376,5.451,4.186,0.5549,6.104,2.908,6.318,0.4591,8.727,6.288,4.559,0.2903,7.265,2.333,3.501,0.5941,11.171,10.164,2.625,0.2688,6.117,2.757,5.424,0.6216,8.738,8.159,0.1,0.513,8.727,3.467,3.504,0.3401,7.431,3.592,4.247,0.4176,8.37,2.378,3.176,0.5158,7.03,12.012,0.1,0.4629,6.971,3.675,2.748,0.7517,7.463,3.196,5.149,0.7074,9.034,4.061,3.332,0.8164,4.471,3.038,1.775,0.6869,7.253,6.648,5.671,0.3342,4.497,6.484,4.428,0.6375,6.011,3.279,2.58,0.3753,6.577,5.884,4.336,0.4059,6.498,3.291,5.181,0.8376,6.761,6.946,3.401,0.6254,7.485,2.359,3.618,0.2179,6.534,3.023,2.638,0.4035,4.952,3.584,3.771,0.684,7.426,5.763,4.388,0.7487,5.262,3.631,4.574,0.5542,9.279,5.7,2.429,0.6667,8.773,7.378,4.105,0.6376,8.718,3.233,2.341,0.3691,7.519,7.167,4.979,0.4702,5.713,2.675,2.244,0.6752,4.854,4.299,5.754,0.4159,4.04,3.884,3.091,0.7575,4.865,3.553,4.621,0.7731,5.851,3.962,6.407,0.5523,8.444,6.291,3.725,0.4348,3.596,5.955,3.955,0.5983,8.317,3.0,4.505,0.4345,4.298,3.074,6.107,0.32,5.794,4.34,3.93,0.5932,7.054,3.694,2.296,0.4682,4.254,3.636,2.364,0.7399,4.484,6.299,4.921,0.6236,4.799,3.599,2.374,0.6807,6.461,3.53,4.721,0.7345,7.163,4.737,5.391,0.6159,5.104,2.293,2.582,0.5311,5.068,5.148,5.561,0.7285,7.57,6.553,2.521,0.6288,5.22,3.348,2.71,0.2294,9.279,7.517,1.935,0.1123,5.761,3.133,5.342,0.564,8.24,4.137,3.804,0.2861,8.015,11.968,1.288,0.4845,6.668,4.061,3.056,0.3772,5.241,4.867,3.994,0.2106,8.525,6.296,4.089,0.6096,7.521,6.785,5.067,0.5373,7.801,4.145,2.559,0.4355,4.908,3.107,4.871,0.4183,7.571,3.166,5.37,0.5697,7.689,3.041,6.156,0.9111,8.658,3.563,2.871,0.3424,5.645,6.347,2.644,0.3964,7.158,5.386,3.225,0.3794,7.838,6.379,2.121,0.2712,5.909,4.365,4.607,0.7435,5.55,5.525,2.933,0.4816,7.327,10.328,0.732,0.509,4.674,5.763,5.459,0.3312,7.743,2.749,6.33,0.6323,7.685,4.234,3.5,0.3361,8.557,6.447,4.326,0.6225,6.974,6.258,4.961,0.6467,10.532,8.54,0.1,0.4995,4.583,4.274,3.006,0.4296,5.488,3.694,4.181,0.764,8.43,5.142,5.064,0.7148,7.091,4.543,6.072,0.5457,4.977,4.286,4.031,0.8464,3.802,4.961,2.752,0.6555,5.106,3.784,4.408,0.7462,6.697,5.472,2.802,0.3912
ANML_18_Tuto_R6,Animal_18,Tutored_Early_24h,24,0.4718,0.5515,0.151,0.1392,0.1106,0.0477,7.313,10.455,0.731,0.3662,6.147,5.971,2.438,0.4448,6.778,10.886,1.851,0.4866,7.462,9.916,0.1,0.223,7.678,9.686,1.517,0.2807,10.069,7.24,0.1,0.5372,5.58,7.135,4.616,0.7957,8.094,10.02,0.847,0.02,10.018,6.196,1.868,0.0216,9.388,5.386,3.064,0.4308,7.882,5.244,3.702,0.333,7.331,3.298,5.087,0.6713,9.068,7.379,3.209,0.3094,7.648,6.797,3.107,0.3976,5.465,6.225,1.591,0.5649,5.483,5.119,4.623,0.4265,8.318,4.612,3.305,0.3264,8.25,7.333,1.057,0.0492,6.285,5.44,2.669,0.4945,9.197,4.754,5.137,0.6695,7.383,7.257,1.959,0.3121,7.922,10.077,0.671,0.5803,6.831,5.5,5.256,0.6749,9.542,6.709,5.407,0.4848,4.635,6.33,5.667,0.7308,5.848,3.412,3.574,0.4562,4.166,3.704,3.276,0.4567,5.934,3.394,4.972,0.6326,4.525,4.577,6.159,0.7076,7.104,5.447,4.173,0.7712,5.938,5.578,1.732,0.7258,4.424,5.313,2.5,0.3707,8.34,10.396,3.131,0.4337,4.285,4.587,2.536,0.3848,5.858,5.176,2.766,0.4134,5.515,4.832,3.153,0.3243,5.983,5.978,2.762,0.6215,5.766,6.5,3.128,0.4702,3.569,1.939,4.645,0.8536,9.22,2.512,3.721,0.7207,7.285,2.117,4.695,0.5147,10.341,7.403,0.477,0.5813,6.161,4.649,5.131,0.3694,10.673,8.27,2.273,0.2687,7.056,6.572,3.942,0.3188,8.269,3.244,4.957,0.5715,4.688,5.686,5.769,0.5401,8.935,9.563,1.91,0.3344,7.206,5.326,2.903,0.5021,4.707,5.124,5.121,0.7567,4.436,3.343,2.013,0.6887,9.144,4.693,5.653,0.3305,4.585,5.402,3.05,0.3361,6.657,4.448,5.992,0.5203,9.786,5.575,4.498,0.6699,5.507,4.63,4.156,0.3952,4.351,5.786,5.383,0.6897,7.034,2.591,2.462,0.3294,5.671,2.596,2.567,0.461,5.714,4.809,3.389,0.6447,8.204,6.09,5.046,0.4775,7.317,6.843,1.595,0.7951,5.008,3.715,2.363,0.3256,7.614,4.988,3.513,0.6288,6.768,3.703,4.834,0.6255,4.787,4.389,2.5,0.4369,5.777,4.983,4.519,0.3708,5.479,3.743,4.022,0.7,3.966,5.738,5.37,0.6303,8.43,3.842,4.624,0.6951,4.879,6.42,1.746,0.6947,8.853,5.004,4.544,0.7939,5.786,5.624,5.81,0.4979,5.934,6.033,4.487,0.5909,9.31,6.442,5.417,0.6088,3.787,4.076,3.763,0.3468,8.211,6.588,4.106,0.6229,4.847,6.274,2.395,0.6339,4.934,7.0,1.691,0.4996,6.49,2.812,4.259,0.5602,5.604,3.562,3.403,0.5965,9.122,5.594,2.889,0.8225,8.158,3.891,5.205,0.3686,5.912,3.193,6.151,0.7138,8.855,5.023,4.118,0.2884,7.028,7.081,3.638,0.1513,4.976,3.598,2.302,0.6734,9.574,10.794,1.606,0.4444,4.588,6.152,4.715,0.3642,4.285,3.95,4.376,0.766,7.583,9.03,2.189,0.2237,8.402,3.18,3.19,0.6818,9.683,5.872,5.144,0.4051,8.633,3.963,4.736,0.5469,6.164,5.653,1.262,0.4712,6.746,5.162,3.471,0.7198,6.192,6.518,2.781,0.5465,4.212,6.248,4.341,0.4168,4.886,4.873,4.106,0.8021,4.957,7.392,2.263,0.6947,3.869,5.038,4.255,0.4209,4.84,4.696,5.422,0.8267,4.354,5.695,3.47,0.5429,6.877,1.646,4.311,0.8037,8.837,5.772,4.323,0.3718,11.088,9.829,3.014,0.1003,4.214,3.688,6.02,0.3597,7.461,3.718,4.673,0.742,7.507,4.14,1.873,0.4794,7.553,4.135,6.025,0.5568,6.229,3.211,4.033,0.2941,7.857,7.725,0.764,0.1705,5.618,5.413,2.11,0.4789,5.292,2.934,2.047,0.4965,7.837,2.671,6.001,0.3553,4.55,6.922,5.925,0.5112,6.536,3.515,5.272,0.541,5.87,7.261,4.637,0.6828,8.348,5.634,2.058,0.5924,5.382,7.115,4.248,0.5627
ANML_19_Tuto_R7,Animal_19,Tutored_Early_24h,24,0.5158,0.5178,0.168,0.145,0.1084,0.0608,8.695,6.877,0.508,0.3101,7.874,4.574,1.564,0.1914,6.266,9.986,2.633,0.3941,9.201,6.921,0.1,0.5926,9.078,10.783,3.171,0.4563,7.659,10.711,0.501,0.6117,7.183,7.788,4.493,0.6583,7.946,7.089,0.434,0.02,7.692,8.301,0.777,0.1801,9.117,6.587,3.62,0.4161,6.484,4.16,5.088,0.3906,8.334,3.361,6.922,0.5136,7.9,5.995,2.391,0.1878,9.13,4.549,3.19,0.3852,9.523,6.373,3.364,0.5061,9.4,6.266,1.825,0.3413,10.068,4.001,3.542,0.5287,7.419,8.852,1.203,0.02,6.583,3.35,3.801,0.4804,9.12,5.999,4.652,0.5649,9.739,4.021,2.819,0.3625,6.57,8.012,0.867,0.2639,5.134,4.962,4.899,0.4721,5.779,4.247,4.241,0.4172,4.491,5.247,3.951,0.7824,8.269,5.763,2.738,0.6669,7.807,4.707,4.249,0.3951,8.492,6.445,4.846,0.3848,7.39,2.98,5.977,0.5329,7.89,6.323,4.851,0.5927,5.73,4.219,3.24,0.4292,8.529,4.825,5.367,0.6494,10.353,9.825,3.078,0.4786,5.979,3.132,3.04,0.6932,5.369,4.097,2.437,0.6471,8.327,5.693,4.941,0.4582,6.466,6.091,4.518,0.4042,7.785,4.599,4.565,0.566,5.109,3.9,6.009,0.5823,5.206,4.116,4.437,0.4568,7.029,5.801,5.598,0.4194,7.487,8.291,0.1,0.5079,6.372,2.743,3.865,0.6424,7.61,7.389,0.363,0.3896,6.44,3.055,5.607,0.4681,5.605,7.052,5.792,0.6863,6.449,6.074,2.662,0.3896,6.102,6.881,1.094,0.5558,7.514,3.994,5.01,0.4246,5.735,6.223,2.206,0.6088,4.706,3.659,3.838,0.6488,5.362,5.448,4.823,0.5982,6.086,3.683,2.273,0.3818,7.766,6.682,2.663,0.5489,8.853,4.257,5.636,0.7089,6.753,3.336,2.352,0.7517,5.121,2.144,6.357,0.5241,7.053,3.267,2.044,0.7087,7.832,4.885,2.448,0.4716,8.362,3.514,1.375,0.4823,9.896,6.204,4.566,0.4012,5.452,4.373,2.376,0.7097,6.572,5.891,3.553,0.6534,6.567,6.438,5.73,0.3854,7.495,5.478,2.368,0.6796,8.108,2.076,5.079,0.4671,4.241,2.543,5.134,0.607,8.239,6.878,2.757,0.7471,6.438,3.179,6.064,0.4028,7.259,1.701,6.919,0.9488,7.634,7.138,3.747,0.6495,7.161,6.8,4.173,0.5642,6.705,3.598,3.665,0.4905,4.572,5.353,4.063,0.8398,7.497,6.598,6.467,0.7057,8.492,4.245,4.693,0.4463,5.774,3.06,5.768,0.3957,5.818,6.177,2.867,0.6232,7.943,2.433,4.509,0.6929,5.76,5.521,6.361,0.4363,4.872,4.007,4.38,0.6544,6.539,2.859,6.199,0.7867,7.016,3.164,4.551,0.5443,4.763,5.688,6.1,0.532,9.22,5.697,2.928,0.6955,10.05,7.738,2.923,0.22,8.899,6.173,2.367,0.5636,10.456,7.049,0.1,0.3254,8.38,2.822,2.149,0.7366,6.3,2.831,3.023,0.7372,9.338,10.582,2.836,0.5753,6.529,3.686,4.973,0.5569,8.066,4.34,3.425,0.5945,4.931,3.221,4.594,0.7434,8.884,5.525,4.971,0.4457,6.026,3.43,3.733,0.6911,4.334,6.231,3.509,0.5472,8.527,4.147,3.921,0.5376,4.731,4.073,4.897,0.7854,8.257,4.605,5.126,0.3376,7.0,3.428,2.654,0.7802,4.918,5.179,2.658,0.5674,5.181,5.044,2.5,0.6211,5.718,3.665,3.504,0.836,6.781,3.591,5.74,0.5902,9.09,8.311,2.846,0.4198,5.228,3.173,4.498,0.374,5.498,3.943,4.818,0.5078,6.512,5.541,2.317,0.6497,8.628,3.443,3.642,0.5712,7.468,6.142,3.55,0.3309,8.138,7.757,1.815,0.4635,8.651,4.881,3.224,0.7913,8.959,6.247,2.473,0.4427,8.017,5.813,3.313,0.5354,8.689,3.177,3.32,0.4848,6.809,4.758,6.09,0.8877,5.647,6.624,5.295,0.7425,4.311,5.731,3.43,0.5071,5.279,3.857,4.47,0.3244
ANML_20_Tuto_R8,Animal_20,Tutored_Early_24h,24,0.3812,0.5348,0.1656,0.1306,0.1138,0.0552,8.105,9.553,2.013,0.1163,6.244,7.595,4.71,0.3777,8.915,7.43,2.323,0.5476,7.009,9.87,0.1,0.235,11.587,7.038,2.384,0.0987,12.087,9.391,0.1,0.4863,10.041,8.114,4.186,0.4846,9.603,7.63,0.1,0.3118,7.295,8.388,1.692,0.02,6.16,4.607,4.469,0.5279,6.242,7.097,2.499,0.489,9.033,7.039,3.78,0.4441,6.325,5.795,3.944,0.6118,10.006,6.422,2.958,0.2433,7.323,7.684,2.095,0.3889,9.992,7.551,2.344,0.3407,9.271,3.524,2.983,0.756,10.758,5.425,2.969,0.1983,4.289,5.96,5.483,0.4935,6.688,2.927,6.344,0.4971,8.275,5.78,4.196,0.1788,8.397,9.898,1.079,0.5259,7.358,5.857,4.139,0.7166,6.772,6.679,3.195,0.2738,5.289,5.57,5.292,0.3779,8.399,5.589,5.488,0.8161,6.796,5.612,6.118,0.3138,8.999,4.016,3.346,0.3687,6.156,3.863,5.599,0.8385,7.806,3.034,3.933,0.6348,8.509,4.248,5.12,0.7848,4.164,6.36,4.218,0.3141,9.544,8.788,2.005,0.2386,6.216,6.243,4.3,0.4221,6.325,4.492,5.44,0.4252,6.185,5.57,2.984,0.6804,3.935,5.979,4.477,0.7299,7.522,5.119,2.654,0.4975,5.499,4.592,6.193,0.7762,6.973,2.763,5.502,0.7126,8.307,2.699,5.504,0.4312,11.885,9.981,0.392,0.2879,5.272,6.892,2.607,0.5943,11.87,8.478,0.898,0.1241,4.71,5.514,5.167,0.6166,8.19,2.773,3.922,0.7524,7.55,3.371,4.941,0.6812,8.405,9.531,0.25,0.4432,6.332,4.059,2.442,0.777,8.555,5.236,3.15,0.4945,6.51,6.854,4.081,0.696,6.698,6.863,2.853,0.5654,8.01,5.468,4.006,0.6873,8.33,5.906,3.56,0.6551,4.319,6.207,5.845,0.4503,6.427,2.834,2.975,0.6631,5.46,2.524,5.369,0.7467,5.305,4.677,5.956,0.5835,5.653,4.883,5.597,0.787,9.663,3.627,1.218,0.5576,9.568,7.369,3.793,0.519,8.031,6.581,5.238,0.6878,8.701,3.585,1.708,0.345,4.908,3.591,4.673,0.7332,8.676,4.909,5.088,0.7417,5.863,7.501,3.808,0.3263,4.222,3.625,5.214,0.7172,8.418,6.214,2.308,0.6167,7.344,5.721,2.415,0.3834,4.43,2.743,3.859,0.7459,6.039,4.308,5.262,0.6148,7.977,6.768,3.297,0.4926,8.375,4.746,4.03,0.554,3.882,3.464,3.903,0.4975,4.166,3.846,4.857,0.6325,6.949,3.022,2.917,0.436,7.276,5.993,2.755,0.356,5.986,5.511,3.695,0.7464,4.323,5.205,4.907,0.7642,4.267,3.167,6.489,0.6827,7.915,3.822,3.31,0.4774,6.614,4.425,5.147,0.5545,5.918,5.205,3.53,0.4503,7.819,5.914,6.08,0.4918,5.633,6.622,4.902,0.4984,5.86,8.284,3.902,0.2712,4.643,3.51,6.05,0.5611,7.042,9.109,0.361,0.5663,5.904,3.568,3.026,0.3341,7.344,6.904,4.366,0.2657,9.27,11.194,0.262,0.316,7.311,3.801,5.495,0.3581,5.217,6.319,3.923,0.2414,5.818,4.663,4.601,0.5442,9.073,3.855,1.605,0.2947,5.432,6.571,3.427,0.5434,5.775,6.337,5.879,0.7087,4.792,2.445,2.2,0.6352,4.037,2.444,5.429,0.7153,5.05,3.8,5.183,0.4278,4.75,6.206,3.224,0.6152,7.663,3.194,5.015,0.7968,9.223,2.186,4.202,0.4094,4.49,2.788,4.103,0.4225,5.511,4.447,4.176,0.5223,11.546,11.69,0.1,0.3264,6.553,6.818,5.806,0.3304,6.406,5.969,2.944,0.6906,7.515,6.962,2.038,0.5086,6.092,3.869,4.514,0.756,5.282,6.502,4.121,0.3945,6.977,9.746,0.1,0.2142,4.648,4.808,3.682,0.6606,7.346,7.352,4.405,0.5686,8.156,6.872,2.603,0.3516,8.256,4.856,3.098,0.7236,5.78,2.863,4.409,0.6227,4.417,4.84,3.224,0.6682,9.442,5.999,3.433,0.4603,3.943,2.649,4.435,0.5697
ANML_21_Tuto_R9,Animal_21,Tutored_Early_24h,24,0.3545,0.528,0.1841,0.1468,0.094,0.0471,11.702,9.786,0.1,0.2738,7.388,6.978,1.917,0.3064,7.267,9.908,1.774,0.4165,8.129,8.272,0.532,0.2838,10.757,10.376,0.1,0.4586,8.613,8.422,0.1,0.4999,5.638,5.736,4.666,0.5029,9.985,6.278,2.5,0.02,8.445,8.068,0.31,0.3466,7.189,3.992,3.256,0.6663,5.789,5.994,2.654,0.4368,8.084,4.353,5.852,0.7769,8.855,3.457,4.606,0.6595,9.33,3.424,3.941,0.3346,9.834,5.74,3.504,0.6244,9.72,3.295,2.183,0.5428,4.876,6.758,4.922,0.5502,9.023,8.07,0.31,0.1876,6.996,5.955,3.557,0.4431,5.345,3.35,3.089,0.5886,8.097,3.995,3.171,0.5901,11.526,8.265,0.1,0.1939,8.394,6.92,2.864,0.6281,5.515,5.566,2.448,0.659,8.035,5.615,3.307,0.3249,8.467,6.291,2.728,0.3316,4.525,7.745,5.769,0.4764,7.81,6.393,2.98,0.5004,5.033,5.822,3.086,0.6289,4.89,5.632,2.203,0.6894,6.434,5.27,1.984,0.562,6.606,4.111,6.31,0.4931,9.462,8.227,0.614,0.2655,8.93,5.532,4.495,0.5611,4.771,6.917,2.941,0.5471,8.286,3.209,4.419,0.7346,5.781,6.666,3.57,0.427,6.59,2.683,5.426,0.7167,7.571,5.589,5.778,0.9017,6.8,2.952,4.885,0.7046,5.612,4.109,4.439,0.452,10.207,10.126,1.293,0.2313,4.429,5.0,3.477,0.5703,9.039,9.825,0.1,0.2785,8.482,7.057,3.854,0.4243,6.112,6.118,4.629,0.6625,5.153,6.805,2.163,0.5822,7.611,9.712,0.1,0.2333,6.784,6.836,2.694,0.6811,5.524,5.304,5.647,0.4862,5.829,6.545,4.239,0.7236,8.091,4.475,4.646,0.7118,4.353,6.864,3.997,0.6175,7.972,3.554,3.789,0.454,7.965,2.709,5.794,0.5149,5.861,4.603,1.845,0.7524,5.99,4.911,3.997,0.574,5.915,6.176,4.723,0.5685,5.912,3.369,5.762,0.8566,8.731,5.666,2.419,0.2154,6.666,5.963,2.329,0.5518,5.936,4.309,4.355,0.5791,7.837,6.678,5.637,0.5352,8.464,3.476,6.132,0.3299,7.649,5.826,4.775,0.6652,7.556,2.209,2.255,0.5158,5.287,3.833,5.289,0.5708,7.468,3.433,4.237,0.6707,7.584,2.947,3.617,0.4431,6.176,3.139,2.758,0.7511,7.044,3.229,4.713,0.8252,6.452,6.07,2.035,0.3587,4.617,5.624,2.764,0.4982,6.371,1.787,5.685,0.709,8.706,6.234,3.386,0.6282,3.938,6.022,2.789,0.462,7.668,2.732,4.484,0.7563,7.771,4.796,4.978,0.4783,8.833,5.62,4.368,0.5799,6.896,2.307,5.066,0.9139,8.692,5.689,5.696,0.7259,6.759,5.646,2.611,0.2958,4.477,4.317,3.709,0.4805,9.221,3.143,3.597,0.7054,6.064,4.933,5.613,0.5945,6.754,7.372,3.572,0.5322,7.299,5.238,2.899,0.495,11.668,11.196,0.707,0.4801,8.105,4.034,3.325,0.6756,9.01,5.356,4.105,0.3684,7.822,9.751,0.1,0.256,6.455,4.78,2.536,0.3613,9.41,4.055,4.151,0.6292,8.302,3.596,5.429,0.3615,7.62,4.756,2.056,0.1416,8.177,2.423,2.995,0.8135,9.242,6.084,4.358,0.7413,7.347,3.833,4.723,0.5307,6.96,6.703,5.513,0.8251,9.059,4.881,4.875,0.4229,3.895,3.258,3.268,0.7077,4.827,5.715,3.807,0.4973,8.523,5.231,5.195,0.4921,5.197,4.412,4.983,0.4436,8.709,3.52,5.751,0.8327,10.072,12.358,0.113,0.3156,6.852,3.328,3.6,0.5385,4.873,5.763,3.015,0.7159,8.16,4.857,3.305,0.6116,7.576,5.487,5.331,0.3151,5.308,2.714,3.478,0.6014,10.94,8.111,2.01,0.3824,7.81,6.365,5.88,0.5878,6.307,5.561,3.229,0.7572,9.197,2.633,3.955,0.3166,9.231,3.057,5.067,0.7408,4.823,6.614,4.924,0.9188,5.524,3.619,3.815,0.3715,4.965,3.568,5.343,0.6535,4.165,4.646,2.203,0.4605
ANML_22_Tuto_R10,Animal_22,Tutored_Early_24h,24,0.4519,0.525,0.1858,0.129,0.0979,0.0624,7.243,8.037,1.623,0.102,8.126,4.764,1.648,0.1689,6.799,8.185,1.789,0.2039,9.063,10.254,2.881,0.3456,8.596,10.98,0.778,0.5494,10.054,8.679,1.387,0.2412,5.631,7.006,3.313,0.7306,9.684,10.197,2.543,0.0878,8.564,6.238,2.392,0.2956,6.885,6.086,4.963,0.5587,6.73,3.604,5.022,0.4626,6.601,4.757,5.173,0.4365,9.325,5.231,3.648,0.2094,9.616,7.142,4.981,0.5433,8.503,7.914,2.045,0.263,5.752,7.634,1.923,0.5288,8.485,8.202,4.549,0.4186,8.671,9.834,2.07,0.02,4.885,3.952,3.888,0.4538,6.045,4.973,4.39,0.3806,6.335,4.735,2.595,0.3967,8.835,7.228,0.1,0.3305,4.242,4.312,3.176,0.4427,5.083,3.298,4.538,0.656,6.454,6.846,2.158,0.4827,6.53,4.402,2.757,0.5971,7.398,2.804,2.931,0.4179,4.101,4.012,3.083,0.2928,3.364,2.304,4.205,0.8712,4.658,6.711,4.761,0.5814,8.104,4.405,4.169,0.5422,5.334,3.096,2.053,0.4603,9.542,9.861,0.146,0.558,4.841,5.855,5.306,0.6459,8.384,5.04,2.719,0.5321,7.82,6.674,5.383,0.4946,5.772,5.232,5.794,0.4892,5.935,3.05,3.552,0.8017,7.159,4.476,6.052,0.5322,5.184,5.75,2.373,0.29,4.208,5.713,5.695,0.4742,7.056,8.669,2.981,0.114,7.621,5.423,5.951,0.4632,7.97,7.021,0.1,0.1231,5.836,6.683,4.519,0.6118,8.15,3.655,2.071,0.6039,4.087,6.463,2.311,0.6899,6.535,10.859,1.516,0.1476,8.288,6.511,4.033,0.7166,6.227,5.845,4.453,0.7471,7.714,3.161,2.682,0.5585,7.672,4.127,3.609,0.3737,4.934,4.893,3.79,0.6817,5.653,4.154,2.274,0.665,8.341,4.83,4.905,0.65,4.359,5.49,3.297,0.5805,5.735,4.32,2.962,0.7619,8.097,3.098,3.166,0.3777,6.884,3.233,5.975,0.4433,8.045,4.608,4.269,0.3557,5.012,3.842,2.96,0.6641,8.311,6.584,4.426,0.6462,7.828,5.796,6.052,0.4596,4.343,5.532,6.258,0.5246,6.888,3.157,4.662,0.513,8.86,5.224,4.564,0.3414,6.542,5.918,2.841,0.7841,8.547,2.525,2.81,0.7209,8.291,3.324,3.33,0.4804,6.274,4.294,6.654,0.727,5.813,5.538,4.8,0.4783,5.365,6.758,3.72,0.6632,8.636,3.06,5.416,0.2989,7.534,5.847,6.098,0.4926,7.431,5.67,4.743,0.4015,8.251,5.991,4.593,0.2939,7.32,2.421,4.834,0.5648,6.42,5.098,4.185,0.4483,8.198,5.097,4.786,0.6823,6.584,6.532,6.566,0.4825,8.221,3.981,2.165,0.3482,7.326,4.233,5.467,0.6089,6.541,5.37,3.658,0.4877,4.162,3.545,2.932,0.2959,8.541,3.444,5.625,0.444,8.166,5.874,1.925,0.1888,6.223,6.401,3.312,0.5766,7.887,9.276,0.128,0.152,9.294,4.853,2.635,0.3826,6.021,5.499,4.07,0.5389,8.121,11.691,2.503,0.54,6.959,4.476,5.159,0.3649,6.561,4.417,5.203,0.1915,8.588,5.522,4.225,0.3405,7.344,4.912,4.367,0.5487,6.18,5.403,5.499,0.5216,6.455,3.439,4.6,0.4297,7.629,6.533,5.357,0.7725,7.836,4.055,3.191,0.6711,7.579,6.623,2.592,0.3626,6.054,4.247,3.19,0.5874,4.832,3.852,2.029,0.557,6.944,4.83,4.925,0.4144,5.88,4.459,6.941,0.6687,6.172,5.528,3.251,0.778,9.497,7.83,2.091,0.5551,5.648,4.82,2.75,0.7992,3.509,4.803,6.578,0.8935,4.778,3.746,2.556,0.7613,6.925,3.856,6.488,0.5238,3.962,3.508,6.115,0.5953,6.529,7.716,3.336,0.5548,5.683,5.849,5.6,0.4909,5.398,3.312,2.187,0.2915,5.326,5.42,4.012,0.7407,5.792,3.427,3.909,0.4643,7.621,3.145,3.848,0.4631,7.234,6.259,3.287,0.5861,7.634,5.757,5.8,0.4561,6.54,6.646,2.513,0.3201
ANML_23_Tuto_R11,Animal_23,Tutored_Early_24h,24,0.2139,0.5316,0.1693,0.1452,0.0865,0.0673,10.019,10.37,0.274,0.167,6.506,5.334,1.681,0.4117,10.981,7.744,2.715,0.2646,8.028,8.179,0.167,0.2061,7.269,7.719,1.894,0.0626,8.131,10.19,0.1,0.5358,5.673,5.094,5.048,0.6144,8.709,6.859,2.886,0.055,6.099,7.844,1.918,0.3548,6.707,8.738,6.442,0.7798,6.559,6.167,1.701,0.4032,10.007,7.307,4.162,0.3492,8.944,7.138,3.105,0.5789,6.411,6.616,5.301,0.309,6.211,6.069,3.819,0.4368,4.401,3.395,3.227,0.3874,7.48,6.216,3.09,0.6926,9.609,5.596,3.775,0.1841,4.45,3.509,5.047,0.4227,6.363,3.017,2.361,0.6963,8.377,3.557,5.125,0.382,11.226,7.235,0.734,0.26,5.027,2.481,3.879,0.3473,7.209,4.502,3.517,0.6152,7.117,6.86,4.327,0.4166,5.12,3.291,5.412,0.3619,6.987,3.21,2.259,0.7276,6.825,3.707,2.543,0.542,4.901,6.014,3.756,0.5826,4.401,3.952,5.137,0.3399,7.872,4.581,4.364,0.3846,7.841,5.46,5.563,0.717,10.087,8.676,0.354,0.3935,4.169,2.83,2.34,0.722,5.686,6.164,4.998,0.7638,3.838,5.844,4.968,0.8023,8.747,5.555,4.781,0.3799,4.14,6.56,2.827,0.6299,3.841,2.275,4.028,0.5601,6.793,2.729,5.294,0.3197,7.114,4.652,2.467,0.4073,9.826,6.811,1.065,0.4358,7.169,3.084,4.662,0.4657,9.927,9.05,2.28,0.4414,4.57,6.666,4.594,0.7621,7.445,3.201,4.288,0.4484,5.709,5.448,1.526,0.5633,6.563,7.636,2.003,0.5632,4.965,2.761,4.188,0.3898,7.056,5.942,5.681,0.7271,7.671,5.825,3.39,0.6958,8.626,6.636,3.076,0.5203,8.805,3.59,2.877,0.6078,5.892,3.097,4.721,0.4751,4.98,6.772,5.599,0.4202,6.648,6.776,3.586,0.357,5.159,4.425,5.397,0.8246,7.145,6.228,3.06,0.7846,4.892,6.925,5.866,0.388,5.121,7.066,1.535,0.4916,6.214,7.096,4.689,0.6935,7.332,5.69,5.039,0.6239,9.588,6.48,3.05,0.4499,6.095,2.31,4.566,0.3649,4.087,6.134,2.322,0.3962,7.464,2.515,5.429,0.4208,4.354,4.946,2.057,0.259,7.449,2.843,5.183,0.4224,5.182,4.997,3.411,0.3429,8.709,2.064,5.478,0.6163,6.312,5.003,5.314,0.6766,7.245,4.636,1.693,0.4671,7.327,5.865,3.225,0.7506,4.191,3.78,2.862,0.8301,8.114,5.783,4.722,0.3958,6.182,4.414,3.227,0.6643,5.294,3.711,2.343,0.8006,5.68,5.989,4.338,0.7652,6.56,2.914,5.405,0.5375,5.078,5.775,5.104,0.3529,7.838,4.085,4.522,0.7348,4.38,3.508,2.28,0.4518,5.812,3.674,1.935,0.7884,8.277,5.247,3.416,0.6346,5.867,3.347,5.631,0.6827,5.613,6.875,3.185,0.2429,7.574,5.591,2.522,0.6755,9.585,7.821,2.186,0.1515,4.434,4.276,4.838,0.6355,8.923,2.601,4.73,0.4105,7.774,8.094,0.869,0.2529,6.711,4.547,4.123,0.4688,7.181,3.351,2.535,0.2992,4.919,5.046,4.105,0.6286,6.383,6.228,3.724,0.452,4.136,6.472,5.967,0.5182,5.289,5.636,3.016,0.8136,4.667,3.835,4.386,0.5368,4.693,3.224,4.372,0.3454,4.019,4.738,2.325,0.2838,5.469,2.569,5.827,0.6407,5.124,4.274,4.289,0.4103,6.846,2.759,5.217,0.7131,6.162,3.307,4.527,0.69,8.745,6.064,3.579,0.7035,7.833,7.851,2.573,0.6108,8.546,6.306,4.913,0.5261,4.477,2.69,3.842,0.5013,7.653,2.269,2.306,0.6223,4.965,5.879,4.548,0.6106,9.074,3.46,3.918,0.6481,6.91,10.39,2.781,0.4145,7.593,6.726,1.703,0.4103,5.993,4.534,5.177,0.5107,7.89,3.945,4.879,0.4368,8.497,3.594,5.992,0.3922,8.327,3.512,5.762,0.5516,7.918,3.853,3.537,0.7874,6.017,5.358,3.854,0.448,7.204,3.628,1.698,0.3316
ANML_24_Tuto_R12,Animal_24,Tutored_Early_24h,24,0.2522,0.5602,0.1624,0.1323,0.0925,0.0527,6.752,9.488,0.1,0.5577,5.439,4.073,5.251,0.7097,6.727,11.25,2.181,0.1933,9.25,11.313,0.1,0.2971,7.264,8.682,0.1,0.3081,8.656,9.874,2.937,0.2767,6.423,6.672,3.8,0.6003,9.379,5.661,3.291,0.0844,7.357,9.517,3.054,0.02,7.688,5.736,4.105,0.8172,4.301,6.031,2.913,0.7639,9.964,4.987,4.905,0.4659,7.716,6.985,5.274,0.2308,9.101,7.519,4.325,0.2909,7.475,6.772,3.005,0.3084,5.17,4.383,3.812,0.6787,10.225,5.214,3.166,0.721,8.439,8.935,3.924,0.2843,6.861,4.463,2.57,0.4335,6.1,6.659,3.86,0.4013,9.106,4.643,2.501,0.6705,8.451,9.087,0.986,0.0776,7.642,6.583,3.041,0.7189,6.71,5.812,3.977,0.4753,5.941,2.518,4.859,0.8104,6.821,7.004,5.12,0.7783,8.098,6.893,4.329,0.7042,4.686,5.473,5.153,0.339,4.011,4.646,6.351,0.8338,8.821,5.111,2.416,0.5397,5.569,5.387,5.272,0.7303,8.996,6.418,3.636,0.3668,6.812,8.425,0.1,0.0828,5.621,2.485,2.983,0.5621,7.457,6.773,4.732,0.6886,4.456,6.039,3.844,0.384,6.887,4.466,4.78,0.493,4.368,6.722,2.143,0.4549,7.108,2.863,3.46,0.3537,6.851,6.163,5.058,0.5532,3.902,5.664,6.607,0.6566,9.387,10.387,2.416,0.5822,5.323,5.897,4.16,0.6944,10.01,9.035,0.212,0.2207,5.551,4.269,4.778,0.8052,4.45,2.216,2.89,0.3256,8.356,7.4,4.802,0.4296,9.092,11.81,1.489,0.4631,8.259,7.343,2.75,0.5348,6.451,5.854,2.1,0.7865,4.981,3.151,2.678,0.6604,5.35,3.27,5.235,0.4549,7.17,4.899,5.347,0.4638,8.112,3.899,4.393,0.65,4.217,4.436,3.898,0.81,6.425,4.352,2.532,0.6305,7.987,2.449,5.679,0.8443,7.332,3.715,4.781,0.4685,7.573,4.695,5.735,0.3935,9.301,5.973,5.347,0.4281,8.079,4.73,4.609,0.7376,4.206,3.139,6.049,0.3221,4.402,2.779,4.256,0.5594,6.843,2.54,3.343,0.4917,7.768,4.722,2.989,0.7114,3.291,6.145,3.442,0.608,3.95,6.38,6.1,0.6591,4.91,4.796,4.211,0.5629,5.409,3.278,3.178,0.6376,3.562,2.233,2.545,0.3769,5.424,5.228,3.357,0.3747,4.248,4.061,3.449,0.3549,6.069,4.134,3.702,0.5131,4.468,2.295,4.031,0.4335,8.538,4.4,3.914,0.7116,6.88,4.271,5.521,0.6305,7.869,4.592,3.417,0.8377,6.232,5.103,5.906,0.7407,7.781,3.04,5.76,0.5474,8.237,2.828,3.766,0.3496,8.993,3.091,3.088,0.2852,8.403,5.169,5.905,0.6666,6.724,6.021,5.173,0.424,7.59,4.414,3.387,0.757,5.84,3.896,4.532,0.5949,9.301,7.054,4.701,0.584,7.814,3.488,2.954,0.3876,11.305,7.925,1.442,0.4398,6.127,4.601,6.119,0.4941,4.351,5.758,3.615,0.6427,7.444,8.882,1.904,0.1521,5.413,5.501,4.978,0.5182,8.093,5.774,3.903,0.417,4.825,4.09,3.3,0.4408,7.956,6.515,3.288,0.594,7.492,3.912,5.406,0.7281,5.817,6.193,3.53,0.6024,6.631,6.027,5.973,0.3958,5.306,5.826,5.577,0.5768,6.942,4.963,5.445,0.5846,6.977,3.995,2.209,0.3806,7.691,5.145,5.399,0.6663,8.027,3.846,3.955,0.5301,3.502,4.651,5.072,0.5585,8.637,5.264,5.241,0.6381,8.079,9.905,0.158,0.4137,4.655,6.223,5.673,0.4322,7.325,6.396,2.952,0.5278,6.853,4.57,3.01,0.6653,8.762,5.962,4.242,0.5519,7.433,6.224,3.224,0.5249,6.661,9.981,2.473,0.3828,7.843,5.259,2.916,0.5392,6.042,6.501,3.445,0.485,6.536,4.382,2.841,0.4459,5.636,7.12,3.448,0.5962,3.8,4.567,5.183,0.7363,5.492,3.974,3.21,0.6976,8.255,2.914,4.966,0.7156,5.579,3.103,2.32,0.3709
ANML_25_Tuto_R1,Animal_25,Tutored_Subchronic_7d,168,0.6572,0.5596,0.1694,0.1427,0.0675,0.0607,6.92,5.556,3.522,0.5913,10.502,7.352,3.427,0.2153,6.105,6.109,2.635,0.6944,9.808,6.253,2.276,0.398,10.042,5.182,1.216,0.7112,8.124,6.58,2.524,0.3376,8.499,4.324,3.531,0.3558,6.18,5.598,2.208,0.0884,7.855,10.05,2.244,0.2275,7.807,3.568,3.466,0.5496,5.808,4.311,5.661,0.5291,5.386,3.619,3.034,0.5829,7.085,6.581,3.624,0.5347,6.785,3.795,4.591,0.5364,5.871,5.621,1.756,0.4189,7.683,4.703,1.868,0.3662,7.691,6.244,1.354,0.1485,7.455,9.798,2.303,0.3602,5.996,6.267,3.262,0.6913,6.884,3.7,2.634,0.5776,9.389,6.982,0.965,0.4389,6.962,6.46,3.196,0.5426,8.344,5.471,3.315,0.7251,8.294,5.799,1.626,0.7078,8.347,2.75,2.215,0.5598,8.445,6.615,2.384,0.7002,7.758,3.717,3.829,0.4144,6.345,3.84,5.738,0.7027,5.452,2.807,5.194,0.847,4.974,6.1,6.058,0.4278,6.533,4.561,2.999,0.4634,7.833,3.386,5.59,0.8681,6.74,7.29,1.62,0.5333,7.236,3.195,3.707,0.3953,5.675,3.2,5.148,0.5329,7.144,5.134,5.669,0.7046,6.728,5.206,5.361,0.7158,6.659,3.507,5.398,0.4482,6.921,3.735,6.794,0.7666,4.079,6.298,5.812,0.7299,2.804,1.681,4.404,0.5457,6.653,4.616,4.172,0.3376,7.424,6.565,3.513,0.31,10.038,6.843,3.583,0.4214,8.141,3.411,3.497,0.6799,6.382,5.895,4.464,0.5984,6.333,3.024,5.348,0.2941,5.572,5.004,2.757,0.3851,4.701,2.664,4.958,0.6247,5.701,3.183,2.514,0.4212,8.763,3.113,5.12,0.6901,8.789,4.799,1.495,0.5813,5.852,3.891,4.314,0.3697,7.396,5.301,4.566,0.4127,5.646,3.758,4.0,0.617,5.479,4.422,3.984,0.6664,4.051,4.275,6.838,0.736,5.493,2.755,2.926,0.375,5.046,5.48,2.271,0.4701,6.006,4.454,0.734,0.2716,5.999,4.053,0.955,0.1934,8.682,6.744,3.956,0.6924,5.826,4.095,4.43,0.5446,8.652,2.716,3.687,0.3143,8.725,5.803,5.158,0.5681,4.473,5.94,3.946,0.2793,5.239,6.241,6.127,0.4253,5.258,4.907,5.12,0.337,5.89,3.101,4.531,0.6967,3.218,2.658,4.615,0.563,7.433,6.624,4.46,0.5122,5.121,6.275,2.31,0.3679,7.594,2.7,5.481,0.4631,2.305,1.957,4.207,0.5573,8.236,5.441,2.142,0.2669,8.944,5.697,5.52,0.5237,4.791,3.369,6.361,0.7007,4.657,3.601,3.358,0.6416,7.169,3.241,3.936,0.6538,4.025,2.57,5.184,0.9526,7.57,5.625,4.753,0.4432,9.032,4.096,3.7,0.5325,4.132,2.667,5.105,0.4465,4.721,6.536,4.434,0.3551,5.661,4.029,2.148,0.6631,6.637,3.653,4.608,0.5332,5.85,2.796,2.248,0.521,8.491,4.252,4.636,0.6802,4.757,4.946,2.607,0.8205,8.346,4.345,4.825,0.6482,8.641,6.105,4.537,0.2631,8.606,6.041,5.306,0.558,8.99,6.839,3.253,0.5622,4.848,3.461,2.415,0.4432,6.42,8.528,1.961,0.4449,8.089,5.687,5.989,0.5606,5.124,4.747,2.596,0.7017,6.286,6.128,5.905,0.7614,7.241,2.222,6.859,0.9516,5.373,3.433,5.054,0.8324,4.613,4.952,3.131,0.3907,7.753,6.027,4.757,0.3507,9.437,5.334,5.484,0.7255,4.089,3.41,5.013,0.6788,6.531,3.701,3.193,0.3435,4.851,5.905,3.52,0.6708,4.578,6.481,5.299,0.7241,6.355,1.157,7.207,0.7482,9.242,5.477,3.006,0.2814,6.003,6.674,5.91,0.7459,7.943,4.597,4.993,0.6605,6.934,4.714,1.653,0.3814,7.074,5.457,3.949,0.4953,8.664,5.882,4.528,0.5578,7.619,4.158,2.701,0.5443,6.349,6.073,4.395,0.6974,3.354,5.766,6.225,0.8269,8.102,6.888,3.567,0.5352,6.822,5.228,3.692,0.385,8.018,4.011,3.871,0.5083
ANML_26_Tuto_R2,Animal_26,Tutored_Subchronic_7d,168,0.694,0.5564,0.1939,0.1325,0.0673,0.0499,9.955,4.282,1.971,0.2864,8.615,7.68,1.89,0.2846,7.704,7.596,2.946,0.5171,7.411,4.305,3.152,0.4734,6.171,4.2,3.622,0.6158,8.527,4.152,1.206,0.5483,6.812,3.756,3.099,0.6635,9.513,8.561,0.481,0.1922,8.665,6.992,1.794,0.1857,5.2,6.932,2.972,0.7125,6.879,5.574,4.877,0.3205,9.097,7.249,3.39,0.5863,10.426,7.358,1.081,0.4035,7.138,7.193,4.723,0.3023,7.492,7.167,4.084,0.2116,9.923,8.382,3.731,0.3773,10.655,7.169,3.803,0.2566,7.446,6.85,3.822,0.2569,6.832,4.905,5.077,0.4396,4.164,6.597,4.512,0.6351,8.072,5.986,3.205,0.3916,5.371,6.352,2.044,0.5799,5.142,4.619,2.218,0.3569,3.828,3.639,2.386,0.695,8.511,5.272,4.739,0.4783,8.235,5.117,5.873,0.3551,6.707,6.918,5.699,0.6076,7.355,6.046,3.675,0.4469,7.072,1.424,6.8,0.8408,5.657,5.521,2.186,0.6752,4.552,3.818,3.639,0.5796,4.544,3.191,5.103,0.344,6.167,5.232,1.588,0.3762,5.61,5.072,3.341,0.7077,8.244,5.67,3.074,0.3503,4.708,3.138,5.919,0.6444,5.175,4.391,3.962,0.6049,8.506,5.035,5.674,0.5393,4.574,4.715,4.597,0.7462,4.254,5.243,3.304,0.7588,6.599,5.298,5.468,0.5529,8.903,5.926,5.005,0.4003,8.366,6.073,2.96,0.2977,8.85,5.693,2.417,0.4723,5.019,5.657,5.038,0.5459,6.632,5.973,3.26,0.8079,5.132,6.79,2.644,0.332,8.626,4.972,1.412,0.4907,6.027,3.976,2.916,0.3421,4.112,3.287,1.886,0.4486,6.668,2.24,5.194,0.589,6.108,6.983,3.849,0.4333,7.778,3.972,4.036,0.4487,7.769,3.099,5.955,0.3772,6.156,4.024,2.887,0.6906,4.74,5.418,1.928,0.4767,5.06,1.584,4.68,0.9272,3.962,6.263,3.824,0.3419,5.477,2.0,4.43,0.4831,9.188,7.743,2.52,0.6345,6.925,6.445,0.722,0.2767,6.141,2.898,5.356,0.8129,7.789,3.499,4.936,0.4407,6.202,4.658,4.592,0.5261,7.026,6.118,2.151,0.4357,8.086,3.804,1.798,0.6387,6.164,7.249,2.729,0.2864,7.669,6.85,4.235,0.3371,7.958,5.066,5.461,0.2809,7.046,2.738,4.913,0.6219,7.772,4.779,3.974,0.4922,7.794,6.214,2.527,0.7625,5.99,4.169,2.154,0.5845,2.884,5.202,5.437,0.7569,7.626,5.573,3.615,0.248,8.37,6.522,2.83,0.3708,8.253,4.222,2.191,0.4349,8.623,6.709,2.312,0.5637,8.586,4.335,5.19,0.2876,4.764,3.143,5.739,0.8707,7.618,3.893,6.072,0.408,6.901,6.761,3.274,0.5461,5.305,2.433,3.651,0.2321,6.583,3.832,6.204,0.4356,8.236,3.216,3.054,0.4702,10.961,6.364,4.656,0.3296,7.624,6.26,3.114,0.761,7.524,8.159,2.49,0.3715,7.728,2.482,5.305,0.7126,6.908,2.27,2.672,0.5208,4.569,6.582,3.683,0.3921,8.904,4.532,5.854,0.4662,7.04,7.042,4.668,0.4103,6.27,4.745,6.218,0.3095,8.352,7.707,3.421,0.2795,5.912,6.424,5.85,0.7505,4.565,5.626,3.563,0.454,7.583,4.556,4.545,0.7028,3.393,3.533,4.831,0.7599,4.806,3.255,4.387,0.3222,5.615,6.036,3.417,0.4679,7.807,5.209,4.746,0.4856,4.444,3.31,2.34,0.7732,5.973,3.417,3.749,0.8437,6.203,6.674,5.621,0.7162,4.687,7.611,2.304,0.5789,4.794,6.356,3.59,0.3997,5.22,6.026,4.071,0.7091,7.648,5.09,4.165,0.6419,4.526,6.311,2.956,0.7229,4.86,7.472,4.945,0.5794,5.298,8.178,3.373,0.7076,8.41,4.631,2.549,0.6488,7.303,6.447,3.801,0.5109,7.528,3.172,4.685,0.7468,4.462,2.597,5.558,0.5676,5.726,6.31,7.013,0.5632,4.946,5.696,2.186,0.3967,6.989,3.95,2.695,0.5435,8.34,4.231,4.24,0.4353
ANML_27_Tuto_R3,Animal_27,Tutored_Subchronic_7d,168,0.6783,0.5353,0.1833,0.1345,0.0937,0.0532,7.953,5.754,4.712,0.3618,9.03,5.786,1.024,0.4817,8.17,7.67,2.724,0.3562,5.137,7.046,2.648,0.4005,5.919,4.185,1.6,0.3697,7.248,5.586,2.445,0.6651,6.199,7.207,3.045,0.6791,7.029,8.725,3.898,0.1516,7.175,7.31,3.048,0.038,5.662,3.736,5.416,0.6152,8.691,6.533,3.205,0.655,8.314,6.647,4.925,0.7053,5.444,5.18,4.121,0.2437,9.803,8.196,3.138,0.5635,10.604,8.088,2.605,0.2742,9.559,7.407,0.916,0.166,6.556,4.971,3.131,0.1213,7.961,7.401,2.611,0.1174,7.35,3.34,2.919,0.2895,4.843,6.494,4.729,0.6447,6.204,6.37,4.487,0.4011,5.211,7.468,3.246,0.2304,8.965,5.313,2.355,0.3376,9.278,5.749,3.272,0.8175,4.857,3.024,1.876,0.4426,8.95,3.155,3.478,0.4759,7.411,4.193,3.121,0.4397,7.915,6.095,3.832,0.5264,4.289,2.17,6.841,0.6369,8.16,4.96,4.699,0.7759,6.854,5.544,3.17,0.6247,6.999,3.783,5.597,0.3851,8.798,5.964,2.511,0.2366,5.301,3.662,4.645,0.6615,8.248,2.334,3.273,0.7235,5.212,2.39,2.551,0.5043,7.572,3.59,4.349,0.6558,5.701,4.775,2.896,0.4131,7.117,1.755,6.168,0.8649,5.705,3.031,3.484,0.6813,5.407,2.694,5.661,0.8454,7.733,7.046,1.564,0.3289,4.593,5.962,2.78,0.6305,8.98,3.579,3.625,0.5002,6.411,6.194,2.069,0.7383,7.412,3.948,4.714,0.6604,4.43,4.268,5.767,0.5271,8.732,4.17,1.736,0.2361,7.871,4.699,5.443,0.3061,7.434,3.936,4.769,0.4164,5.316,6.413,3.041,0.6867,7.424,2.483,2.745,0.634,4.464,3.338,2.484,0.7347,4.867,5.53,2.567,0.5583,7.783,4.655,5.658,0.3977,5.436,5.065,3.712,0.7897,6.8,3.588,6.866,0.6484,5.113,5.469,2.883,0.3865,6.836,4.365,4.853,0.3174,10.126,8.174,4.762,0.1463,8.919,5.091,3.977,0.284,8.157,2.918,5.508,0.7081,3.932,3.725,2.286,0.5423,7.99,6.032,5.094,0.2884,5.996,3.701,5.89,0.7366,7.847,6.948,4.575,0.3892,7.651,3.622,4.064,0.802,5.808,7.34,6.312,0.5618,6.761,3.986,3.237,0.5831,4.168,5.089,3.964,0.8759,8.489,3.634,1.956,0.5561,5.104,6.091,2.932,0.4381,4.686,4.677,3.015,0.4108,3.677,4.963,3.455,0.8369,4.564,2.565,5.687,0.3305,6.647,3.357,2.636,0.5616,5.759,2.567,2.937,0.3286,8.54,3.192,3.737,0.5152,5.407,3.019,3.317,0.5022,5.763,5.611,4.959,0.5867,6.644,2.848,3.541,0.6852,6.463,4.087,4.288,0.6135,4.502,6.95,3.416,0.6793,3.685,5.448,4.418,0.49,5.947,5.627,5.613,0.8313,8.313,5.973,1.822,0.1622,6.601,4.009,2.349,0.491,6.785,6.051,4.558,0.3609,8.661,4.627,3.271,0.7726,4.118,3.294,3.741,0.6641,8.371,5.439,4.996,0.251,6.864,4.627,3.129,0.3778,7.62,4.688,4.033,0.1785,9.533,2.552,3.614,0.55,8.836,5.837,0.997,0.3996,8.325,5.478,4.786,0.5414,6.506,2.531,2.186,0.7257,5.427,5.801,3.644,0.3197,7.052,2.734,4.194,0.5957,8.939,4.216,2.878,0.8209,7.416,2.845,5.543,0.297,4.777,5.664,4.848,0.4202,9.545,3.885,5.138,0.4763,5.714,4.916,4.206,0.6428,8.159,3.635,3.205,0.6772,8.872,5.236,1.493,0.2519,5.415,7.248,3.94,0.6658,2.739,4.909,3.334,0.5753,7.157,4.505,2.973,0.7386,4.464,5.301,3.525,0.5575,5.101,5.903,3.646,0.6676,7.839,6.873,3.294,0.596,7.943,5.79,3.312,0.3904,8.871,6.718,4.714,0.6844,8.099,5.754,5.604,0.7686,7.056,6.838,2.337,0.6089,4.56,3.918,4.236,0.6148,5.02,2.672,4.564,0.6205,8.095,5.699,2.325,0.5004,7.829,4.475,4.014,0.4738
ANML_28_Tuto_R4,Animal_28,Tutored_Subchronic_7d,168,0.6796,0.5433,0.1727,0.1258,0.1108,0.0474,6.942,6.735,5.721,0.6631,9.456,5.157,0.875,0.2568,5.409,7.729,2.767,0.3177,5.407,5.145,5.185,0.547,6.286,4.404,4.299,0.5972,5.972,5.696,3.354,0.5739,7.457,4.654,3.671,0.5231,8.625,7.75,0.146,0.02,9.841,6.91,0.445,0.1469,8.198,4.207,4.456,0.5036,8.088,3.652,3.765,0.742,8.932,4.945,6.667,0.4067,10.371,4.124,3.235,0.5183,6.615,6.257,3.089,0.1898,6.953,8.002,0.993,0.2515,5.93,5.627,1.802,0.1698,10.267,5.283,1.416,0.1505,9.471,6.791,2.543,0.4433,7.736,6.213,5.649,0.4576,7.763,5.945,3.02,0.5686,8.866,7.258,1.802,0.4417,6.179,7.426,4.159,0.4971,4.479,6.315,2.853,0.791,6.938,3.926,5.837,0.6594,8.81,3.538,5.51,0.7604,4.634,5.962,5.162,0.8162,4.626,5.086,2.219,0.4914,5.542,4.044,2.276,0.6953,6.182,1.647,4.148,0.5199,4.976,3.66,4.391,0.4497,7.565,3.831,3.114,0.4375,6.194,3.677,4.585,0.311,9.192,7.44,4.616,0.7412,7.512,2.948,2.82,0.4342,6.156,4.51,4.688,0.5927,6.481,4.666,5.234,0.7024,5.406,6.751,6.502,0.3957,5.219,2.842,3.793,0.7624,4.183,2.718,7.12,0.8384,8.071,6.252,2.966,0.6895,7.315,1.853,3.556,0.5767,7.227,5.579,3.312,0.2327,8.716,3.446,5.268,0.6813,7.897,6.42,1.379,0.3762,4.223,4.272,6.074,0.8548,4.881,6.653,4.773,0.5524,5.316,2.231,5.943,0.6844,7.872,4.983,2.087,0.3294,7.224,5.996,2.842,0.5111,4.944,5.387,4.116,0.4694,4.986,4.491,3.057,0.3157,5.739,2.58,3.731,0.6395,4.042,5.905,2.144,0.3324,7.198,6.677,1.757,0.2996,4.984,5.727,2.534,0.4837,4.799,3.211,4.208,0.4462,6.323,3.77,6.363,0.6707,6.882,5.792,3.866,0.5219,4.723,4.824,2.4,0.7387,8.856,7.018,3.356,0.215,8.833,7.72,1.325,0.1318,5.399,5.497,3.752,0.3723,8.915,5.516,4.615,0.7537,8.814,5.182,1.282,0.7681,8.051,2.983,5.671,0.7534,7.35,4.961,3.911,0.4288,5.352,4.383,6.108,0.758,7.502,4.635,2.334,0.6059,5.518,6.23,5.43,0.8072,3.9,1.228,4.81,0.5829,5.996,5.977,4.87,0.5456,6.886,3.331,5.024,0.604,6.303,4.576,4.621,0.8369,6.612,3.595,5.847,0.5401,6.302,2.323,4.567,0.3554,7.886,5.776,4.487,0.8958,6.367,4.463,2.853,0.6476,8.347,6.492,2.929,0.5863,7.705,7.068,2.459,0.3501,4.193,3.599,3.193,0.8468,5.959,5.501,2.031,0.8163,4.821,4.298,2.125,0.5752,7.478,5.034,4.601,0.456,7.767,4.562,3.585,0.6324,4.709,5.493,3.355,0.7481,9.764,4.728,2.834,0.4801,5.317,3.819,5.924,0.787,7.564,6.551,2.802,0.4142,9.282,3.688,2.234,0.3504,4.863,6.035,5.512,0.481,9.327,5.838,3.226,0.4457,6.784,3.05,4.978,0.5152,10.31,6.705,4.637,0.5334,6.122,4.868,5.987,0.5024,7.048,6.315,3.715,0.2449,7.501,5.664,2.662,0.6227,6.017,6.758,4.194,0.5332,7.188,5.362,2.0,0.2823,3.773,3.541,5.944,0.9038,4.133,2.359,2.31,0.7144,7.107,2.596,5.526,0.5889,4.517,3.769,5.586,0.3127,6.498,4.131,2.283,0.6105,6.505,4.066,6.661,0.9192,8.915,5.247,2.798,0.4522,9.151,7.17,4.476,0.7047,7.683,3.877,2.828,0.5279,6.7,2.489,6.536,0.8741,7.56,3.033,2.927,0.4158,5.638,6.536,4.246,0.7276,5.36,2.871,3.355,0.3431,8.057,4.25,3.571,0.73,7.938,5.313,2.974,0.2832,8.821,3.737,4.605,0.734,3.87,4.56,3.082,0.5468,5.539,4.855,5.179,0.6349,3.554,1.596,6.241,0.7658,6.486,5.2,4.759,0.3884,8.438,3.304,5.798,0.38,4.914,5.531,3.816,0.7579
ANML_29_Tuto_R5,Animal_29,Tutored_Subchronic_7d,168,0.7232,0.5219,0.1761,0.1471,0.0942,0.0608,5.976,3.944,4.488,0.6165,9.054,4.154,2.843,0.3557,8.183,6.231,2.919,0.7191,6.157,5.548,4.96,0.6549,8.522,4.522,3.756,0.4623,9.066,3.708,3.369,0.4957,4.927,3.597,4.589,0.6627,8.665,8.599,1.669,0.2349,7.165,7.206,3.889,0.02,8.393,7.053,5.312,0.7544,5.288,6.364,5.826,0.616,5.404,3.536,3.217,0.3914,10.927,6.332,1.622,0.5398,9.481,4.98,1.007,0.4035,5.768,4.37,0.647,0.3581,7.347,6.902,0.874,0.5789,8.575,7.158,4.698,0.2176,8.468,8.745,2.965,0.0921,6.002,5.831,4.252,0.5896,5.044,6.552,3.423,0.5532,8.14,5.643,3.17,0.0848,6.453,6.735,1.694,0.5217,6.148,3.45,5.445,0.4559,5.846,6.623,5.114,0.4826,5.501,2.916,5.351,0.6968,4.836,4.029,3.16,0.3648,3.803,2.97,5.611,0.2731,4.587,4.986,2.538,0.8053,6.984,1.567,6.84,0.7343,4.167,5.63,4.891,0.4797,4.76,5.166,3.353,0.5568,4.315,5.574,3.899,0.4347,5.818,7.259,4.443,0.7423,5.294,6.139,2.811,0.7627,4.945,6.223,3.72,0.7123,4.947,3.267,3.339,0.6608,4.964,2.701,3.282,0.7685,8.82,3.014,3.335,0.6331,6.339,4.439,4.759,0.8945,5.745,4.333,5.938,0.5385,3.652,4.194,4.826,0.8797,7.118,5.616,3.127,0.5319,7.954,3.73,3.368,0.4369,7.871,6.58,2.103,0.3562,8.935,2.839,2.342,0.6233,8.759,4.605,2.889,0.3874,5.561,6.573,5.35,0.5992,7.71,4.551,4.565,0.5058,4.329,6.454,2.759,0.4077,4.107,5.568,5.859,0.8296,8.493,3.075,2.556,0.5604,9.58,3.466,5.065,0.5003,8.341,2.944,3.994,0.7824,7.74,6.484,5.972,0.4503,6.503,6.08,2.06,0.7449,7.637,7.088,4.732,0.3044,6.79,3.484,3.936,0.9495,8.63,2.954,4.392,0.6365,4.955,6.909,5.692,0.7044,10.149,5.703,1.965,0.3354,9.35,6.644,1.949,0.4778,7.273,6.61,5.813,0.7577,4.274,5.79,6.122,0.6068,6.468,3.076,4.185,0.3597,8.074,6.655,3.269,0.443,8.263,4.858,4.938,0.7295,3.945,6.588,2.707,0.4605,8.082,3.866,5.687,0.3565,4.928,6.147,2.696,0.5358,7.255,3.134,5.298,0.7679,6.038,6.352,4.232,0.7066,4.308,3.108,2.54,0.7679,8.274,6.19,4.804,0.2859,5.034,3.861,5.97,0.8563,9.282,6.244,3.026,0.5323,8.492,3.715,2.214,0.5331,8.825,5.722,4.705,0.3564,8.713,4.059,4.507,0.412,7.026,3.584,2.797,0.3094,4.936,2.956,4.849,0.9277,7.722,6.801,2.189,0.6874,6.666,6.369,4.132,0.7441,6.741,4.28,4.173,0.479,8.696,3.836,2.351,0.3458,4.261,2.638,1.869,0.7105,10.987,6.288,1.399,0.2606,6.616,4.673,1.762,0.5051,4.262,6.522,5.167,0.6213,6.516,3.003,3.047,0.717,6.681,5.95,5.457,0.5754,9.357,5.539,1.488,0.6811,7.648,4.711,4.871,0.6937,5.915,6.082,1.987,0.3557,8.653,4.01,5.209,0.4859,9.964,6.001,3.225,0.4117,6.096,5.348,2.704,0.7059,7.619,6.377,3.217,0.724,4.387,3.538,5.852,0.373,4.907,1.823,5.872,0.98,7.605,2.763,3.854,0.5686,8.068,4.278,4.769,0.5435,7.123,6.642,2.244,0.595,4.524,2.751,4.57,0.6321,4.824,2.123,5.6,0.7543,7.277,2.864,3.428,0.2853,8.548,5.162,1.82,0.2859,8.85,3.124,4.477,0.427,5.275,3.621,4.154,0.8411,4.545,3.295,3.938,0.4374,8.097,3.301,1.809,0.5532,5.327,6.623,5.738,0.787,5.407,4.303,5.163,0.4196,6.306,5.045,5.275,0.2398,4.719,6.738,2.404,0.737,8.214,6.916,3.258,0.5918,5.187,4.323,5.701,0.7833,4.162,2.416,7.484,0.9619,7.054,2.66,5.416,0.4463,7.525,2.906,2.768,0.6812,6.301,3.419,3.529,0.3179
ANML_30_Tuto_R6,Animal_30,Tutored_Subchronic_7d,168,0.6718,0.5251,0.1769,0.1376,0.0974,0.0631,8.992,7.227,3.224,0.299,9.069,7.716,4.314,0.2123,9.123,3.954,3.928,0.6213,9.201,4.383,4.758,0.2448,4.61,7.77,2.484,0.6268,6.919,5.979,2.881,0.4458,9.351,3.578,5.434,0.8154,6.494,8.355,0.414,0.3664,9.42,8.444,1.166,0.2347,5.134,7.608,3.927,0.5975,7.024,6.886,3.589,0.622,7.99,5.133,6.495,0.6759,8.296,4.941,1.486,0.0529,8.637,5.846,4.44,0.4306,10.504,7.145,2.902,0.1618,9.509,5.15,3.849,0.3229,8.26,7.293,2.108,0.3436,8.825,6.393,1.397,0.4045,5.355,3.299,5.356,0.5104,7.481,5.871,3.151,0.7599,9.212,8.208,4.755,0.1482,8.302,4.422,1.376,0.2457,5.841,6.438,5.91,0.5246,6.899,3.395,2.861,0.3991,5.53,4.702,4.205,0.5666,5.338,2.239,4.994,0.3102,6.255,6.542,4.19,0.608,8.6,6.741,2.578,0.311,6.877,2.406,7.005,0.7928,5.325,5.082,3.966,0.7692,6.004,4.588,5.742,0.4943,7.186,2.612,3.66,0.7851,7.047,7.121,1.363,0.5492,7.593,5.894,4.954,0.7866,6.188,2.76,4.245,0.3222,5.999,4.869,3.682,0.7028,5.139,5.448,3.91,0.5895,7.694,6.037,2.822,0.4595,3.161,5.122,4.675,0.7414,9.227,2.383,5.368,0.3973,4.71,5.68,5.431,0.9474,8.685,8.043,1.42,0.5715,6.004,3.936,3.824,0.3482,6.997,6.564,3.724,0.5241,7.12,2.987,3.976,0.2846,8.153,3.839,4.39,0.5287,9.304,5.768,4.626,0.5517,8.286,6.758,1.43,0.5205,5.311,4.722,4.34,0.5575,6.985,4.214,4.27,0.349,8.181,6.823,2.124,0.6777,4.483,5.371,6.583,0.4128,7.92,4.638,3.58,0.3794,5.793,5.228,5.347,0.5924,7.931,6.646,4.46,0.4655,6.203,5.831,2.916,0.6027,3.041,1.449,6.003,0.539,8.262,6.63,5.99,0.6876,6.781,3.921,3.758,0.5792,5.711,7.823,1.969,0.4589,10.515,6.285,3.198,0.3619,5.651,3.015,3.704,0.4997,9.101,6.241,3.406,0.6666,6.178,5.748,4.582,0.7956,6.424,6.143,3.728,0.3812,7.915,3.282,5.514,0.4488,7.085,6.138,3.354,0.8052,4.068,4.75,3.008,0.6439,7.051,6.627,2.551,0.263,3.563,1.717,5.599,0.7197,8.202,7.213,5.297,0.7178,7.215,3.912,4.243,0.7325,5.786,5.001,2.746,0.343,7.171,4.758,6.978,0.735,5.231,5.839,2.509,0.3206,7.781,4.342,2.438,0.3483,4.843,2.986,4.346,0.3211,8.17,3.468,3.76,0.714,6.75,5.789,2.835,0.7088,5.979,3.436,3.494,0.8029,6.7,6.145,2.332,0.6807,8.73,7.05,2.85,0.5887,8.234,7.146,5.681,0.3563,5.495,2.66,5.114,0.4815,5.579,6.354,4.059,0.4824,7.273,7.744,3.639,0.0753,7.642,5.587,5.354,0.7883,5.689,6.783,2.155,0.5273,4.826,4.241,3.971,0.7257,6.547,6.23,4.184,0.364,7.08,8.416,2.104,0.2728,5.861,2.495,1.528,0.501,5.686,4.066,2.674,0.1125,4.43,5.908,4.237,0.6388,7.62,5.276,0.743,0.1843,7.41,5.695,1.858,0.7071,4.141,3.908,4.436,0.6546,6.5,5.041,3.066,0.6369,6.67,2.322,7.127,0.8214,5.775,2.695,4.813,0.4258,5.902,3.616,4.353,0.7402,3.379,6.299,2.081,0.4623,4.83,5.653,3.187,0.4004,2.528,3.086,3.528,0.8027,5.42,6.266,2.052,0.4343,5.193,4.194,2.326,0.5321,7.276,5.158,5.516,0.7784,5.606,4.213,5.688,0.6032,4.026,4.132,5.15,0.562,6.795,6.421,2.4,0.4511,6.984,4.653,1.84,0.5149,5.699,4.365,5.109,0.3059,4.981,4.298,3.048,0.5296,7.442,2.911,5.002,0.5716,8.335,6.126,4.411,0.6964,5.029,4.302,3.257,0.4931,4.959,3.63,5.635,0.9463,5.191,2.44,5.242,0.8279,6.752,5.258,4.181,0.7183,7.248,1.982,6.072,0.4991
ANML_31_Tuto_R7,Animal_31,Tutored_Subchronic_7d,168,0.7114,0.5322,0.1886,0.118,0.1043,0.0569,5.183,7.109,5.46,0.4702,8.756,7.827,3.624,0.2594,6.536,5.507,3.307,0.4991,5.068,5.546,3.907,0.7445,8.21,3.791,3.415,0.6544,9.355,4.649,3.865,0.577,8.264,3.083,4.213,0.7066,8.821,9.396,0.576,0.1648,7.0,5.54,4.196,0.3869,7.069,6.416,3.47,0.6595,6.565,5.184,2.744,0.5554,5.713,7.001,3.728,0.6228,10.923,8.24,2.881,0.2995,8.02,6.86,4.494,0.3474,9.271,7.522,1.158,0.3379,7.237,8.074,2.867,0.3224,8.827,7.717,4.063,0.375,8.179,8.975,1.458,0.3493,7.264,3.577,6.099,0.4607,7.503,4.029,5.555,0.3745,8.776,3.939,1.787,0.0925,6.487,6.045,3.397,0.4653,5.717,4.896,5.325,0.777,5.464,6.094,3.953,0.8155,4.248,4.02,1.743,0.3254,7.306,5.939,4.7,0.4243,4.647,4.873,5.167,0.684,4.814,2.743,5.698,0.4996,6.661,4.65,4.203,0.8395,5.298,2.576,2.621,0.7286,8.763,6.237,5.022,0.2998,5.999,3.414,2.552,0.5687,5.461,4.167,1.366,0.2605,7.787,4.185,6.225,0.6393,4.864,6.189,3.181,0.6102,8.816,4.321,5.198,0.5099,6.152,4.83,2.418,0.6738,4.065,2.816,2.706,0.5622,6.061,5.556,4.499,0.6698,7.23,6.587,4.043,0.4013,5.731,3.937,7.078,0.98,7.568,3.771,5.259,0.35,7.509,3.985,2.488,0.5425,6.426,5.089,3.513,0.3114,5.227,3.066,3.371,0.4296,4.477,5.659,5.633,0.7519,6.018,7.013,2.543,0.5429,7.951,6.577,3.359,0.3058,4.691,5.672,1.446,0.5199,6.532,4.71,2.369,0.4016,8.384,5.489,3.844,0.4837,7.601,4.815,3.084,0.5289,3.83,4.418,5.485,0.7614,3.725,4.936,3.597,0.2858,4.914,6.338,4.434,0.6703,6.702,3.651,5.024,0.5053,3.651,6.075,5.499,0.9568,9.048,5.76,5.593,0.4203,4.778,4.189,5.083,0.4896,8.963,7.218,0.992,0.2571,8.258,4.882,1.585,0.5516,7.092,5.821,4.769,0.5017,5.633,6.426,4.255,0.4124,7.866,4.953,6.51,0.6211,6.378,6.262,5.199,0.718,8.415,4.878,4.435,0.8099,4.528,5.095,4.4,0.5396,8.848,4.899,5.999,0.4748,8.878,5.605,3.236,0.6412,6.132,3.139,4.921,0.7535,5.312,4.479,5.217,0.3267,7.196,4.567,5.917,0.6986,6.548,4.743,2.16,0.7341,4.204,3.376,6.569,0.9343,4.641,6.161,3.075,0.3799,6.325,2.694,3.191,0.6317,7.099,5.395,1.762,0.7451,4.234,5.157,2.41,0.4414,7.874,6.884,5.741,0.5377,4.34,1.944,6.38,0.844,4.325,3.275,2.521,0.5254,6.706,3.64,3.473,0.3031,7.491,4.866,3.424,0.7554,8.88,6.105,4.197,0.4518,4.742,6.327,4.989,0.3599,9.321,7.081,2.208,0.3084,7.394,4.013,2.146,0.8229,7.363,5.949,3.517,0.3054,7.053,3.514,4.426,0.4009,3.75,6.823,5.161,0.4536,7.416,6.973,4.671,0.3684,8.679,3.579,3.793,0.3095,10.333,6.437,3.854,0.4158,4.899,3.204,2.114,0.5271,6.293,4.218,1.721,0.442,6.683,2.639,2.742,0.3693,5.575,5.712,2.387,0.7915,8.686,3.894,4.598,0.4309,3.983,2.358,6.898,0.7432,4.454,2.448,1.798,0.4555,7.812,6.254,3.205,0.3308,6.839,4.98,3.768,0.6671,8.582,3.813,4.732,0.4207,4.428,5.102,5.559,0.6209,9.04,4.872,2.92,0.364,5.567,7.288,3.997,0.832,9.171,5.122,4.086,0.5689,4.576,2.137,4.755,0.7172,5.985,6.049,1.965,0.5336,8.347,3.084,5.578,0.5401,7.287,5.717,2.108,0.6189,7.842,3.772,3.778,0.5461,8.041,5.139,3.675,0.4517,5.871,6.544,5.868,0.7847,7.424,5.33,3.185,0.5988,7.494,1.963,5.118,0.5305,3.32,1.735,4.86,0.5568,6.934,2.733,4.348,0.791,5.989,5.598,4.103,0.5074,6.031,6.661,3.97,0.6669
ANML_32_Tuto_R8,Animal_32,Tutored_Subchronic_7d,168,0.6897,0.54,0.1804,0.1386,0.0956,0.0453,7.072,6.225,4.509,0.2381,6.165,4.31,3.764,0.4528,8.422,4.377,3.562,0.6093,4.971,6.918,2.992,0.5066,5.958,6.699,2.1,0.6564,4.953,5.355,4.842,0.4267,6.037,4.459,6.51,0.6088,6.382,7.8,3.847,0.0618,10.011,6.691,0.632,0.0421,9.047,6.223,4.922,0.45,5.571,2.255,4.253,0.5443,6.791,4.401,3.478,0.5592,8.277,6.102,3.568,0.3375,6.717,4.703,3.215,0.5257,10.209,6.223,1.085,0.263,9.339,6.335,4.287,0.0963,9.666,6.203,2.075,0.3734,8.227,5.282,0.386,0.0616,3.391,4.313,2.583,0.4978,6.856,4.908,2.425,0.7686,8.097,6.523,4.488,0.2859,8.404,4.466,2.361,0.2418,7.022,5.737,3.948,0.7615,4.667,6.142,3.944,0.6281,8.502,1.922,5.052,0.6441,4.639,3.358,3.907,0.725,4.696,6.635,3.218,0.7684,5.882,5.653,3.399,0.4262,4.441,5.543,6.531,0.6936,3.953,2.651,5.294,0.7868,5.42,6.731,3.042,0.7149,7.329,3.228,4.437,0.4998,5.797,3.894,2.912,0.5566,3.896,6.878,4.094,0.689,6.313,4.8,4.205,0.332,5.341,3.789,3.668,0.7105,4.864,5.619,4.646,0.4349,4.389,4.082,3.273,0.4439,7.286,4.238,4.108,0.8179,6.32,4.807,4.328,0.4309,3.918,1.883,6.379,0.956,7.256,7.96,3.001,0.4004,5.108,3.175,2.424,0.6661,5.473,4.497,4.071,0.6842,5.016,3.164,2.307,0.5965,8.181,5.359,4.646,0.6941,8.024,3.013,4.521,0.7235,7.883,4.782,1.704,0.5612,7.117,3.106,3.203,0.3481,5.156,5.096,3.092,0.6507,8.59,6.696,2.65,0.5647,7.28,5.763,3.209,0.7888,5.341,5.068,2.171,0.4874,6.416,4.189,4.384,0.6275,5.595,3.564,5.025,0.4008,4.234,2.578,2.446,0.5814,4.48,4.741,5.232,0.4885,7.017,5.297,4.23,0.4627,4.146,4.144,4.519,0.4336,7.233,7.734,4.127,0.4407,8.639,6.395,3.625,0.5411,6.221,4.876,4.827,0.2674,7.455,2.624,6.109,0.6477,5.999,5.247,5.301,0.7011,5.524,2.781,5.253,0.6571,5.837,4.231,4.727,0.6628,5.302,5.326,4.152,0.672,7.903,3.969,6.045,0.668,4.263,5.994,4.687,0.7499,4.393,1.783,5.543,0.615,6.813,6.594,3.042,0.7073,4.938,6.349,2.913,0.4208,8.16,4.957,3.566,0.6813,6.386,2.549,5.979,0.6028,5.512,4.918,3.43,0.6981,8.78,3.666,4.955,0.7361,8.341,3.843,3.553,0.6033,6.187,3.849,3.571,0.3456,7.727,3.25,3.614,0.4974,6.805,3.492,6.908,0.7656,5.474,6.412,5.966,0.6317,8.205,5.533,4.918,0.7612,4.273,3.917,2.905,0.5199,6.422,5.26,3.759,0.617,6.363,3.658,3.353,0.2792,7.601,5.625,2.831,0.2308,7.526,3.225,5.007,0.6274,6.972,7.1,3.82,0.527,5.323,3.068,2.176,0.5739,8.058,6.594,4.193,0.4519,5.495,5.967,3.099,0.7473,9.369,3.898,5.623,0.402,6.266,5.241,4.717,0.3589,4.638,5.792,3.245,0.4125,7.455,6.002,3.163,0.31,6.783,5.569,2.557,0.4247,5.333,5.556,4.971,0.6206,7.948,3.901,4.284,0.5238,5.572,3.344,6.119,0.7035,8.661,5.538,2.796,0.6254,6.146,6.665,6.044,0.6666,5.114,6.271,3.401,0.4477,7.588,6.702,3.843,0.6308,6.967,5.648,4.878,0.7885,6.621,3.562,3.453,0.595,5.122,7.389,2.364,0.4573,3.536,2.066,5.637,0.667,4.497,2.908,5.473,0.8161,4.668,2.925,4.602,0.625,4.652,2.667,3.12,0.6852,6.642,3.074,5.692,0.5822,5.185,8.188,1.462,0.3342,7.031,3.67,5.247,0.7008,7.952,6.182,4.838,0.6405,4.992,6.292,3.114,0.4459,3.823,5.474,4.748,0.5009,6.041,5.176,6.139,0.818,7.875,6.364,5.23,0.6706,5.344,6.213,2.624,0.3207,6.222,4.834,2.558,0.6642
ANML_33_Tuto_R9,Animal_33,Tutored_Subchronic_7d,168,0.6319,0.5548,0.1732,0.1312,0.0934,0.0474,8.307,6.124,1.678,0.6663,7.479,6.901,1.529,0.3187,8.696,5.723,4.204,0.3776,6.873,6.155,4.259,0.5196,7.318,5.475,2.643,0.2865,4.532,6.787,2.818,0.6559,9.436,6.872,6.721,0.8252,6.771,6.295,0.1,0.1443,6.242,7.073,0.16,0.2355,7.188,5.419,5.284,0.6621,8.974,2.818,3.686,0.6822,7.859,7.473,3.299,0.7104,7.373,5.737,1.951,0.5079,9.248,6.797,3.34,0.2445,6.772,7.084,1.707,0.1794,8.077,4.389,4.537,0.4894,8.263,7.132,3.961,0.5519,6.79,6.503,0.505,0.0901,5.213,4.148,3.14,0.6322,7.815,6.544,3.462,0.3627,6.998,6.943,3.628,0.4737,9.88,5.676,1.048,0.6342,6.811,4.991,2.925,0.5159,8.515,4.153,4.428,0.7127,5.041,5.284,2.91,0.697,8.991,6.997,2.683,0.407,6.879,4.911,4.239,0.7146,7.801,3.321,3.995,0.4537,5.148,3.324,6.142,0.5367,6.973,6.506,2.437,0.4616,5.61,3.183,5.922,0.5854,6.228,3.523,3.497,0.2973,6.826,4.131,2.346,0.53,7.743,6.881,1.538,0.5807,7.067,6.497,3.301,0.7318,7.481,5.769,1.962,0.6565,4.141,6.297,5.619,0.7659,5.479,4.036,3.894,0.5122,3.475,2.989,4.002,0.7985,5.346,2.65,5.437,0.5477,4.101,5.498,6.737,0.9486,6.834,8.68,1.007,0.4093,6.409,4.426,2.897,0.803,6.333,5.583,4.678,0.682,7.555,3.896,5.81,0.5677,4.148,5.287,2.281,0.7364,8.592,6.651,4.648,0.4529,7.31,5.311,3.158,0.6638,7.709,2.559,4.945,0.6515,4.552,6.322,3.538,0.545,5.762,3.751,4.585,0.5044,5.741,4.587,5.648,0.7415,4.619,3.522,4.618,0.3549,3.324,5.65,3.865,0.421,6.512,6.218,4.909,0.5563,5.685,3.72,3.432,0.6449,5.865,4.965,6.738,0.9131,7.021,3.129,3.597,0.361,7.053,5.247,5.334,0.4645,7.733,5.563,1.929,0.5919,6.165,4.722,3.707,0.1122,7.675,2.745,4.903,0.3859,8.437,4.942,4.454,0.4303,7.85,4.153,3.917,0.3219,6.06,6.79,3.985,0.3816,5.796,6.459,4.207,0.7675,8.724,4.503,4.637,0.3632,6.313,6.934,3.261,0.3434,7.133,5.972,6.15,0.5545,3.039,3.456,6.101,0.7757,5.881,2.395,1.881,0.3572,8.52,6.456,2.07,0.5486,8.634,3.145,4.73,0.6463,3.084,4.041,4.003,0.4377,7.826,5.902,6.207,0.8863,5.135,6.008,2.372,0.3989,5.192,5.653,3.588,0.2585,8.788,2.586,3.292,0.6364,6.463,3.655,5.81,0.4307,7.752,3.102,6.663,0.98,5.296,3.722,5.825,0.4713,8.709,3.417,4.663,0.5962,6.766,3.904,4.027,0.4159,6.981,5.602,3.971,0.4404,7.777,4.842,2.48,0.5484,8.194,4.771,2.905,0.4303,8.2,3.202,3.996,0.2138,9.214,5.274,2.755,0.375,5.5,6.152,5.913,0.4403,7.066,6.12,2.601,0.5939,5.672,7.293,1.835,0.3761,5.187,3.757,5.764,0.3962,9.842,5.144,2.062,0.2364,4.768,3.899,3.974,0.4488,7.444,4.988,4.278,0.3881,7.938,6.792,4.183,0.7679,5.112,5.892,3.914,0.7538,8.135,6.367,5.519,0.54,6.689,4.676,4.654,0.7793,4.682,6.588,5.777,0.6436,8.598,2.279,2.684,0.7008,6.2,4.169,3.57,0.4118,5.414,5.649,5.217,0.3934,7.091,1.873,4.852,0.8112,4.175,3.892,2.268,0.4761,9.724,8.146,1.792,0.3498,4.249,5.575,5.228,0.4081,4.059,4.03,5.586,0.6018,4.539,6.387,4.137,0.5326,7.382,4.712,3.439,0.4229,5.224,3.867,4.17,0.4808,8.851,5.058,1.704,0.4757,7.851,5.576,2.356,0.5825,7.169,3.889,2.995,0.5307,8.079,2.478,3.053,0.7651,7.872,4.186,3.12,0.5649,3.802,2.881,3.85,0.7174,8.307,3.555,4.884,0.4258,4.65,4.583,2.998,0.6681,6.176,5.142,2.896,0.5136
ANML_34_Tuto_R10,Animal_34,Tutored_Subchronic_7d,168,0.6139,0.5474,0.1854,0.1124,0.1015,0.0533,9.23,5.323,2.62,0.6432,5.452,8.175,3.2,0.3824,9.731,7.931,1.268,0.272,8.281,9.268,2.876,0.2528,7.991,9.025,3.131,0.3917,8.034,5.716,3.49,0.3509,7.242,7.703,5.475,0.8484,7.411,5.792,0.1,0.1129,8.929,6.437,1.641,0.3025,5.934,7.007,6.036,0.7169,4.693,6.32,3.918,0.6631,6.268,4.229,4.495,0.8022,9.028,4.716,1.507,0.326,10.108,6.844,3.304,0.2064,9.457,7.144,3.014,0.4823,7.418,4.055,3.851,0.1429,10.601,5.298,1.89,0.3924,6.832,7.054,3.276,0.1184,6.643,6.098,5.639,0.3865,4.887,3.883,4.403,0.4158,9.166,5.624,3.95,0.5507,5.981,8.42,3.382,0.4692,5.342,2.609,4.684,0.5297,5.17,6.76,5.553,0.6656,6.716,4.788,2.873,0.5545,4.351,4.699,4.597,0.7193,6.458,4.313,5.75,0.6836,5.187,5.946,2.633,0.6381,6.712,1.764,5.8,0.7283,4.995,4.532,4.733,0.6345,5.379,6.074,3.649,0.7269,4.65,4.309,4.831,0.3659,7.897,8.781,1.741,0.5097,5.669,2.477,4.228,0.6305,5.61,3.67,3.855,0.4706,6.37,5.024,3.752,0.3815,8.506,4.349,2.086,0.301,8.507,4.744,3.178,0.4231,5.006,2.651,5.567,0.5078,4.881,3.704,4.074,0.7159,3.44,4.709,3.767,0.874,7.667,5.771,3.111,0.5613,8.537,6.534,3.107,0.6786,7.057,8.244,1.77,0.6972,8.271,6.786,4.028,0.5019,8.179,3.628,6.015,0.3588,6.813,4.962,3.973,0.7577,5.526,7.782,4.623,0.5639,7.582,5.586,6.339,0.4742,4.457,2.88,3.348,0.5915,6.979,2.659,2.802,0.7187,5.182,5.261,4.346,0.7845,6.898,3.134,2.194,0.6875,8.264,3.767,4.039,0.6602,7.79,3.317,2.959,0.449,5.677,5.439,3.197,0.4317,3.383,4.044,6.887,0.6206,4.761,5.259,2.641,0.8036,7.082,3.572,5.129,0.7333,10.028,6.572,4.039,0.5699,8.826,8.316,4.747,0.4252,6.725,3.153,4.94,0.8258,8.271,2.842,6.089,0.6259,5.108,7.067,2.686,0.4407,6.037,3.18,5.011,0.6436,6.177,4.903,2.244,0.7423,6.33,3.214,3.844,0.621,4.043,5.023,5.721,0.7359,4.766,3.737,3.029,0.6625,4.933,4.484,5.649,0.7334,8.518,2.686,5.108,0.4462,4.186,6.832,4.084,0.3025,6.87,5.051,2.887,0.5489,3.204,2.558,4.328,0.8169,3.606,6.744,4.404,0.5351,4.564,3.781,2.403,0.45,7.234,5.266,2.082,0.5739,6.743,3.737,2.793,0.6054,4.873,2.661,4.218,0.7477,6.346,4.123,6.7,0.9302,5.329,5.384,3.253,0.5121,5.354,4.771,2.184,0.7661,4.599,2.593,4.873,0.5837,8.436,5.949,4.248,0.498,8.209,3.946,4.379,0.6299,6.39,5.279,1.192,0.128,8.071,3.591,5.712,0.3206,6.807,7.881,1.58,0.7243,3.623,2.789,4.745,0.443,5.703,6.446,3.508,0.756,6.288,8.963,4.116,0.2388,5.509,5.518,5.577,0.6925,7.955,6.834,0.903,0.4983,4.528,3.167,5.66,0.4729,6.795,6.734,2.719,0.5289,6.912,6.001,5.899,0.4193,3.892,5.195,1.707,0.4126,4.552,6.738,5.171,0.4692,5.853,5.101,4.942,0.9374,7.108,3.016,2.117,0.8018,7.769,4.627,3.674,0.5879,8.923,6.175,5.376,0.4465,5.776,4.095,3.978,0.6752,5.928,1.672,5.627,0.8809,7.168,2.968,4.095,0.6592,6.05,8.701,2.706,0.4346,5.356,6.077,2.384,0.827,5.367,2.1,7.049,0.7745,5.952,3.706,3.243,0.6967,5.205,5.654,3.006,0.6513,5.122,3.808,3.538,0.3943,4.995,5.153,1.863,0.2218,8.775,3.926,3.006,0.7439,7.906,7.024,4.245,0.3248,5.598,3.992,3.472,0.4053,4.999,3.59,4.74,0.4117,2.657,1.746,5.576,0.4708,5.626,2.552,4.885,0.7033,8.206,3.805,2.196,0.5436,4.431,6.463,3.377,0.4382
ANML_35_Tuto_R11,Animal_35,Tutored_Subchronic_7d,168,0.6006,0.5332,0.1796,0.1298,0.104,0.0533,7.866,7.318,1.231,0.6233,5.755,6.141,3.189,0.2108,9.879,7.48,2.642,0.5541,10.281,6.193,2.643,0.6017,8.113,6.869,3.797,0.2177,5.592,9.229,3.739,0.4744,5.088,7.49,4.598,0.5485,9.258,5.921,2.374,0.1895,7.432,7.901,0.358,0.02,7.879,4.775,5.58,0.4635,5.405,2.855,5.926,0.3511,6.794,7.881,4.903,0.812,7.427,7.388,1.381,0.3877,7.632,5.183,3.199,0.2691,8.478,7.726,3.608,0.3779,9.549,7.543,1.524,0.5119,8.822,5.05,2.551,0.3211,6.386,5.993,3.187,0.02,8.912,6.679,4.893,0.3841,6.599,2.533,6.02,0.3868,8.445,7.513,2.668,0.2418,7.286,6.257,3.644,0.2705,8.699,3.275,3.161,0.2491,6.92,6.752,3.971,0.5587,5.856,4.2,4.667,0.5007,7.837,6.175,2.221,0.698,7.947,4.151,2.551,0.6677,9.264,3.966,3.26,0.5319,7.621,1.986,4.55,0.5232,8.449,7.435,3.58,0.7679,8.556,5.961,5.123,0.5308,8.189,3.284,4.579,0.3817,6.95,6.201,2.551,0.4299,8.717,3.752,1.804,0.6459,7.945,4.415,2.8,0.4301,5.445,3.685,3.83,0.7418,6.007,5.537,3.011,0.511,6.189,5.818,2.996,0.5538,7.748,5.81,6.312,0.8908,4.589,3.129,5.078,0.3428,7.472,5.259,4.206,0.558,9.092,8.307,3.314,0.3223,7.098,5.077,2.414,0.691,10.559,6.039,0.504,0.4434,4.548,5.336,4.391,0.3922,8.308,2.933,5.175,0.2879,7.12,2.815,5.065,0.5753,8.582,5.875,1.483,0.4958,8.359,5.144,2.862,0.7384,4.565,6.972,2.535,0.2749,7.716,5.221,2.865,0.5312,5.343,6.03,3.411,0.5357,4.508,5.467,2.925,0.5302,7.976,4.437,5.293,0.5101,8.777,5.706,4.768,0.6196,7.496,6.544,5.264,0.434,3.809,1.445,6.293,0.7224,6.512,5.769,5.426,0.5774,6.58,7.042,2.704,0.4022,5.438,6.658,0.632,0.3402,8.986,4.211,4.175,0.436,4.147,4.887,4.443,0.3387,5.644,5.268,2.896,0.7101,5.145,5.723,5.3,0.6079,4.544,4.887,5.532,0.4265,4.336,4.72,3.878,0.5472,5.009,4.106,3.851,0.4384,5.665,2.767,2.709,0.3137,8.168,3.521,5.607,0.5523,5.272,2.066,6.234,0.5836,7.635,3.335,2.302,0.4617,3.757,4.344,4.148,0.667,8.768,4.527,2.099,0.5756,4.729,1.625,4.358,0.9704,5.499,6.408,4.527,0.6295,3.988,3.174,3.107,0.7452,8.411,5.308,2.82,0.5443,7.227,5.811,4.435,0.5044,5.627,4.016,1.978,0.6444,3.335,5.366,4.591,0.8898,6.314,5.653,3.585,0.7466,6.925,5.785,3.205,0.7036,5.105,2.889,3.081,0.3489,6.895,4.088,4.671,0.3083,8.725,5.176,3.19,0.6115,10.543,7.859,4.087,0.2595,6.989,5.244,2.836,0.651,6.318,5.507,1.316,0.2728,5.443,4.527,3.699,0.7198,5.595,6.75,4.594,0.4723,10.214,6.567,4.445,0.2193,8.794,3.003,3.598,0.3101,8.511,7.368,3.925,0.5696,4.156,4.996,4.521,0.452,6.104,7.85,2.797,0.3175,6.566,6.188,6.009,0.5256,9.013,4.412,1.98,0.4607,6.739,6.527,1.87,0.7515,4.178,4.295,4.271,0.4745,5.785,6.165,2.071,0.7415,5.636,5.756,5.272,0.5212,7.587,3.507,4.621,0.6434,8.147,6.133,3.074,0.3694,3.589,4.781,4.771,0.6794,6.278,4.511,4.488,0.6166,8.528,6.531,0.978,0.2503,8.19,6.052,4.194,0.3803,5.304,5.949,6.082,0.683,7.701,4.59,3.265,0.5299,4.985,4.707,5.523,0.5299,6.224,5.106,4.264,0.7684,7.749,6.023,2.056,0.4442,6.878,4.706,2.316,0.5578,7.41,6.379,3.371,0.5033,5.293,3.515,4.147,0.6124,6.728,3.656,1.622,0.3255,2.877,4.772,5.636,0.9586,7.59,5.816,3.053,0.6349,4.552,3.475,4.424,0.3723,4.702,4.417,3.512,0.6557
ANML_36_Tuto_R12,Animal_36,Tutored_Subchronic_7d,168,0.7006,0.5488,0.1776,0.1197,0.1033,0.0506,5.467,5.424,3.212,0.5104,8.661,6.998,1.496,0.5271,7.392,4.049,1.629,0.4688,9.53,7.647,5.388,0.6781,7.421,6.166,4.257,0.6267,5.795,5.821,4.218,0.2631,6.646,4.107,6.055,0.8554,9.052,8.259,1.216,0.425,6.182,6.753,3.695,0.2418,9.537,5.933,3.512,0.4715,8.385,4.635,4.126,0.3503,6.501,5.195,5.268,0.4668,7.842,5.141,2.19,0.3766,6.169,7.667,1.631,0.4043,9.645,5.767,4.315,0.1407,6.463,6.585,3.467,0.2537,11.186,4.949,2.957,0.3558,9.158,6.749,3.116,0.4229,7.857,5.565,2.544,0.4272,5.11,6.023,4.947,0.4628,5.983,8.151,3.91,0.1825,5.807,6.132,1.182,0.6123,5.799,6.514,4.766,0.5347,6.78,2.878,5.222,0.5627,8.434,4.464,2.319,0.3381,8.101,4.014,5.7,0.582,8.392,2.439,3.888,0.4717,6.892,6.241,2.389,0.7034,3.581,2.077,4.642,0.5421,4.117,4.047,5.059,0.6195,6.332,3.223,4.261,0.4446,8.064,5.142,2.65,0.2123,8.427,6.57,5.287,0.6705,8.747,5.464,4.785,0.7621,7.157,5.306,3.573,0.5519,7.796,6.714,2.388,0.3018,7.956,4.442,2.616,0.7734,8.825,4.28,2.935,0.3541,5.046,2.956,7.251,0.98,6.961,2.367,3.539,0.3248,2.934,1.569,4.304,0.9178,5.112,6.303,1.64,0.5759,6.961,3.281,5.791,0.3921,4.996,5.146,1.692,0.6594,7.498,4.744,4.19,0.76,4.86,3.339,3.376,0.2572,5.945,3.815,4.793,0.691,6.41,6.3,1.554,0.7054,6.581,2.962,5.503,0.4018,9.709,5.604,4.514,0.6403,5.144,2.657,5.192,0.6782,7.506,5.104,2.1,0.8081,6.553,2.513,4.3,0.5941,5.587,6.419,6.065,0.7031,7.647,6.271,4.273,0.3249,6.842,4.95,4.354,0.6328,6.747,1.97,7.054,0.9629,8.683,3.63,6.025,0.4877,4.599,5.118,5.3,0.4526,7.913,6.829,3.819,0.533,6.315,6.905,1.93,0.16,5.041,3.339,3.164,0.7557,7.949,2.778,2.292,0.5514,7.53,3.439,3.582,0.3794,6.45,6.779,3.649,0.6628,7.273,3.089,4.225,0.753,5.206,2.108,4.774,0.4955,7.284,5.888,5.281,0.736,7.965,3.877,4.367,0.2924,7.049,5.39,6.11,0.9573,7.638,5.551,4.059,0.6171,7.627,4.456,2.051,0.3702,4.278,4.672,4.02,0.7078,3.167,2.578,6.313,0.5037,9.059,7.003,2.246,0.7206,7.289,5.523,4.155,0.4495,3.944,3.279,4.796,0.3975,5.729,6.435,5.251,0.3427,8.251,6.169,5.144,0.5701,4.105,4.889,3.405,0.6919,8.157,7.076,6.183,0.6509,8.442,4.814,4.886,0.3671,3.572,6.101,4.959,0.6175,4.641,6.698,3.124,0.5776,6.273,6.454,4.909,0.4198,6.844,6.234,2.012,0.1687,5.604,2.368,5.001,0.6023,5.628,7.784,1.93,0.629,7.636,6.268,6.012,0.6085,8.242,3.473,3.636,0.361,7.507,7.031,4.969,0.5661,5.932,2.396,4.118,0.5777,9.842,6.177,3.906,0.3613,8.529,3.407,4.438,0.7625,6.464,6.476,3.701,0.4174,6.826,5.517,3.971,0.5773,8.975,7.061,3.886,0.7167,3.86,3.837,3.846,0.6525,4.38,5.987,3.543,0.8554,8.954,2.922,2.703,0.4839,5.785,4.732,4.046,0.639,4.987,6.493,3.006,0.3951,5.836,3.266,2.084,0.3882,3.169,5.824,4.07,0.7968,5.637,2.818,5.653,0.5908,7.834,3.93,4.274,0.2636,4.42,5.621,5.034,0.5183,5.175,1.4,6.331,0.6629,8.486,6.948,6.204,0.6501,3.84,3.568,5.943,0.7812,6.459,6.191,3.605,0.6884,10.393,4.374,4.435,0.3626,7.289,6.544,3.786,0.3492,6.396,4.889,5.87,0.6189,5.995,5.608,5.468,0.8337,6.531,3.789,5.364,0.4177,3.261,3.79,3.77,0.8962,4.219,2.648,3.024,0.736,7.483,5.968,6.365,0.4244,5.064,5.557,5.059,0.8332
ANML_37_Tuto_R1,Animal_37,Tutored_Mastery_30d,720,0.9918,0.5495,0.157,0.1315,0.1072,0.0548,8.334,6.582,2.397,0.5634,8.737,6.915,1.154,0.1986,7.37,3.946,6.049,0.8093,6.681,4.4,5.065,0.6535,4.058,5.516,5.15,0.3566,5.086,7.149,2.384,0.5958,7.247,3.283,4.977,0.8931,8.596,3.234,2.368,0.6777,6.171,6.408,5.127,0.3398,5.847,2.954,6.673,0.5967,8.145,5.644,2.634,0.5365,5.473,4.022,6.724,0.8218,11.189,6.877,4.706,0.4346,10.582,5.678,3.359,0.3352,11.138,7.953,2.116,0.0307,9.059,6.568,1.103,0.0702,7.324,8.036,3.025,0.2165,8.169,5.122,4.468,0.7321,8.728,4.576,5.955,0.5465,3.801,3.574,4.626,0.4897,11.71,7.572,1.341,0.0428,5.511,3.271,5.94,0.3898,5.072,3.243,3.428,0.6228,4.228,6.031,1.997,0.4366,5.692,2.428,4.736,0.815,8.742,3.809,3.2,0.322,7.308,6.51,3.851,0.4444,9.038,5.258,2.126,0.3888,2.572,4.387,4.051,0.7327,6.142,3.132,1.768,0.5386,5.905,3.276,2.872,0.6598,6.09,4.181,5.577,0.4659,9.173,3.965,5.683,0.3549,6.482,5.804,4.196,0.6654,7.491,4.793,3.815,0.4541,7.18,5.704,5.082,0.5437,5.461,5.463,2.456,0.5196,4.33,4.579,3.725,0.3683,6.201,4.894,5.297,0.6317,7.824,6.456,5.105,0.3743,4.028,1.341,5.37,0.98,7.079,4.257,3.592,0.5995,8.503,2.569,6.329,0.3928,7.788,4.183,5.267,0.8042,7.556,2.611,2.018,0.5932,6.501,3.958,2.714,0.286,7.127,3.809,2.102,0.7158,6.647,6.131,5.19,0.7543,8.025,4.58,3.176,0.5202,4.298,4.092,5.772,0.6949,9.208,5.846,2.441,0.563,5.069,5.695,2.601,0.5873,4.623,4.637,3.445,0.6473,8.823,5.784,2.296,0.6218,6.404,3.885,1.795,0.5038,7.897,3.577,5.693,0.7678,5.385,1.233,6.985,0.98,6.084,5.293,4.918,0.4063,3.898,4.057,4.78,0.576,10.926,4.225,3.352,0.1439,10.773,5.677,2.439,0.2675,5.379,3.294,3.751,0.6099,4.812,4.406,5.917,0.7243,5.217,5.584,3.894,0.7179,5.226,3.233,6.24,0.7479,5.804,5.941,4.302,0.3252,5.866,6.099,5.915,0.3496,8.094,3.333,5.932,0.392,5.067,5.737,2.872,0.6413,1.912,1.603,5.333,0.9127,7.277,4.527,1.993,0.6587,5.284,3.182,3.098,0.5948,4.721,5.194,2.416,0.3534,5.85,1.326,5.664,0.8893,4.724,7.452,3.092,0.6426,4.202,6.738,3.975,0.5854,7.98,4.34,2.543,0.5028,8.49,4.141,3.351,0.7838,6.509,3.252,1.789,0.8364,5.306,3.871,5.275,0.8928,5.836,4.805,3.013,0.4282,8.274,2.726,2.341,0.4636,4.261,5.335,5.337,0.3973,7.317,3.232,4.918,0.3912,4.803,5.61,5.398,0.7988,8.775,5.61,1.511,0.4082,4.24,3.832,3.744,0.3465,8.934,3.905,4.217,0.7423,8.28,5.821,4.685,0.6973,8.382,3.21,3.199,0.6632,7.965,5.393,4.639,0.4192,4.197,4.398,2.867,0.6928,7.102,8.881,0.869,0.27,3.851,5.132,4.492,0.5903,10.96,9.009,3.614,0.2302,8.655,5.179,3.337,0.6745,5.398,3.534,4.908,0.4316,7.261,4.321,5.96,0.5629,4.071,3.136,8.001,0.6396,6.124,4.171,3.104,0.6492,6.023,3.185,6.167,0.7384,7.645,5.891,6.105,0.787,8.251,6.729,3.55,0.6456,5.678,3.492,7.858,0.98,6.675,4.128,5.284,0.6427,9.121,6.935,5.895,0.4904,8.841,7.251,5.38,0.339,4.181,1.475,6.06,0.7906,8.382,5.112,5.473,0.8303,6.904,3.124,5.626,0.3641,6.173,5.214,5.465,0.4928,7.971,7.021,4.792,0.6367,7.294,4.31,4.844,0.3529,5.295,5.161,2.325,0.451,4.368,6.126,5.641,0.582,6.589,5.853,3.068,0.3794,6.283,3.645,4.201,0.98,5.995,6.582,4.028,0.5409,4.921,5.798,4.313,0.6132,4.29,5.65,5.344,0.6129
ANML_38_Tuto_R2,Animal_38,Tutored_Mastery_30d,720,1.0,0.5265,0.1952,0.1327,0.0932,0.0524,6.588,2.725,5.424,0.4059,6.077,8.523,4.128,0.0619,4.813,6.081,4.673,0.7544,8.554,4.218,2.448,0.5068,5.026,5.919,4.163,0.5534,4.961,4.886,2.846,0.5378,7.566,6.63,5.393,0.6231,5.967,5.006,2.369,0.5054,8.497,5.281,2.944,0.4863,8.872,3.368,7.143,0.7233,8.644,4.697,4.148,0.7062,5.16,4.185,6.127,0.4726,7.546,5.805,3.814,0.3222,6.589,7.073,3.331,0.3182,8.016,6.884,1.718,0.3867,10.116,8.445,3.41,0.3055,9.869,8.697,4.001,0.3266,7.855,3.804,5.54,0.7554,5.727,2.084,1.682,0.6262,5.612,5.104,2.482,0.528,8.561,7.927,1.371,0.2744,7.504,5.757,2.043,0.6019,5.093,5.518,5.179,0.6576,4.84,5.239,3.314,0.7174,4.833,6.836,4.905,0.3688,4.833,4.915,3.985,0.5926,5.96,4.725,3.349,0.6937,8.919,5.193,2.771,0.705,5.442,4.326,7.11,0.7764,9.383,6.49,4.398,0.8067,3.984,3.941,5.782,0.7073,4.716,3.359,5.572,0.6529,6.637,7.167,2.596,0.5542,5.332,3.528,4.357,0.5794,5.385,5.487,5.694,0.4899,8.081,2.753,5.471,0.5222,7.572,4.298,5.607,0.7081,6.239,4.285,3.685,0.2884,2.381,4.357,5.697,0.9411,7.808,5.573,2.645,0.7627,5.014,5.146,5.133,0.6776,4.393,2.613,5.657,0.4283,7.802,7.385,4.914,0.6528,5.695,4.84,5.458,0.4938,6.697,6.2,5.666,0.3925,8.285,5.936,3.969,0.7368,8.489,6.398,4.136,0.6205,5.917,3.745,4.96,0.3586,3.718,6.557,1.865,0.6819,5.719,3.926,2.774,0.5178,6.223,3.97,5.046,0.5347,4.419,4.471,1.969,0.5794,4.846,3.589,5.0,0.5582,7.088,4.399,2.738,0.4021,9.077,3.023,5.373,0.5811,6.603,2.804,2.299,0.7945,6.915,3.174,6.368,0.8651,5.315,6.166,3.709,0.2083,8.408,4.789,4.596,0.8293,10.206,5.861,3.994,0.2322,7.896,8.63,0.681,0.233,8.453,4.848,3.785,0.486,5.265,6.439,2.728,0.7934,6.257,4.116,4.399,0.7173,5.576,4.177,5.658,0.5155,5.821,3.229,3.87,0.6295,4.541,4.747,5.083,0.4905,8.732,6.052,2.762,0.7107,8.345,3.32,2.596,0.3937,6.205,1.764,7.361,0.98,8.317,6.354,4.138,0.384,7.212,6.452,2.703,0.5133,7.245,6.2,5.243,0.6874,6.143,1.16,5.813,0.98,8.214,5.011,5.278,0.4483,6.132,5.804,5.502,0.4906,7.079,5.482,5.643,0.5073,5.066,7.084,4.029,0.5768,5.394,5.981,3.712,0.5836,2.026,4.788,5.741,0.6682,6.049,3.859,4.266,0.718,7.304,2.892,6.114,0.4411,8.968,3.581,6.216,0.573,4.232,3.456,1.816,0.4054,6.918,3.474,3.327,0.6511,9.325,7.287,3.075,0.4325,5.728,5.521,4.562,0.4313,8.019,3.412,5.263,0.6927,6.382,6.722,3.251,0.4822,7.471,6.375,5.886,0.7102,5.222,5.544,4.302,0.474,4.054,2.968,4.478,0.3602,11.448,7.416,1.791,0.1497,8.404,4.972,3.288,0.2974,8.417,8.144,0.456,0.4438,6.445,5.658,3.526,0.644,6.39,3.582,5.497,0.6313,8.32,7.263,4.907,0.4208,4.022,1.02,5.765,0.8676,7.34,3.16,2.08,0.6537,7.891,3.248,2.733,0.6968,7.878,3.729,5.16,0.661,8.985,3.552,2.06,0.7881,5.164,2.631,4.642,0.7483,9.639,2.37,5.466,0.6825,7.68,2.782,3.58,0.6109,6.728,3.338,1.798,0.6882,4.966,1.611,3.876,0.7168,4.946,2.708,2.818,0.5198,4.827,3.224,5.566,0.792,8.302,3.603,5.288,0.3983,4.882,6.26,3.991,0.3995,6.802,5.559,4.305,0.3981,5.482,3.795,5.813,0.6573,6.308,3.718,3.052,0.4502,9.11,7.112,1.81,0.4136,3.648,4.154,5.212,0.8886,5.871,5.626,5.016,0.696,6.207,5.833,3.112,0.5629,7.185,6.338,2.811,0.7112
ANML_39_Tuto_R3,Animal_39,Tutored_Mastery_30d,720,1.0,0.5611,0.1644,0.129,0.1015,0.044,8.826,3.458,5.776,0.7039,10.449,7.655,3.08,0.2886,5.609,3.504,2.835,0.5736,8.632,6.19,3.976,0.7354,6.074,5.303,2.811,0.6076,8.169,5.785,5.654,0.6647,4.261,6.699,3.652,0.8812,8.651,6.398,3.759,0.7109,8.016,4.255,3.139,0.6902,9.042,6.88,4.165,0.6806,6.7,6.569,2.55,0.3743,8.82,3.427,5.816,0.6974,10.545,7.7,1.424,0.2804,6.264,5.092,3.216,0.02,10.329,5.798,3.563,0.2716,11.689,8.732,0.813,0.446,10.901,8.213,0.885,0.4868,4.235,5.985,4.802,0.4777,9.308,4.345,4.795,0.7785,6.504,5.82,4.586,0.3549,9.618,6.643,3.172,0.32,4.912,3.54,3.138,0.484,9.135,7.058,4.051,0.6351,5.446,7.268,4.905,0.4423,4.675,5.597,2.454,0.5625,7.177,6.57,2.429,0.723,7.832,5.959,2.812,0.7032,5.208,5.176,3.381,0.6194,2.4,5.15,4.251,0.98,5.92,3.516,2.278,0.5188,3.777,3.706,4.344,0.6055,4.79,4.96,2.519,0.8024,7.005,4.57,2.804,0.7787,6.17,3.11,6.537,0.3772,5.981,4.79,3.471,0.6175,7.636,3.442,4.192,0.4616,9.025,4.862,2.512,0.4168,4.708,5.552,5.446,0.5788,4.125,1.34,6.12,0.6639,4.721,6.976,2.524,0.5616,2.723,3.877,4.924,0.5622,6.791,4.924,4.914,0.6831,4.433,4.533,5.438,0.5596,8.178,2.38,3.076,0.5837,6.454,4.161,2.924,0.4235,4.265,4.091,6.118,0.5642,5.732,3.035,3.301,0.4653,8.357,5.13,2.443,0.4652,7.041,5.94,2.934,0.6394,8.267,4.601,2.679,0.6421,6.499,3.142,5.036,0.6288,3.955,3.326,2.467,0.7462,9.093,6.737,4.016,0.6945,8.991,6.432,6.066,0.7,5.737,5.474,3.968,0.7646,8.462,4.587,2.16,0.6042,5.493,5.033,4.969,0.98,6.019,5.015,3.675,0.5469,5.12,4.711,2.712,0.4153,10.106,4.659,0.726,0.2575,7.312,6.719,2.86,0.4376,6.854,6.84,2.813,0.6514,6.576,3.036,5.511,0.553,8.843,3.448,4.199,0.6191,7.123,5.767,2.939,0.3858,6.397,3.841,5.197,0.7037,6.02,6.117,2.148,0.2431,4.738,6.168,3.622,0.3736,7.326,5.964,4.754,0.4884,5.701,3.365,7.37,0.98,8.224,2.889,2.92,0.7781,8.55,3.742,4.25,0.4191,5.939,2.913,4.859,0.545,6.563,5.248,7.759,0.9201,5.7,7.002,2.64,0.7109,7.999,4.102,3.625,0.6312,5.495,3.31,3.519,0.4427,4.541,2.28,2.242,0.4328,4.086,4.976,3.836,0.6251,2.588,1.253,6.604,0.8202,7.577,5.317,2.239,0.5615,4.353,3.375,2.53,0.3657,4.508,5.32,4.185,0.3951,5.577,2.67,5.369,0.5196,8.22,6.419,5.877,0.5512,7.068,8.036,2.077,0.0744,8.411,2.355,4.159,0.718,5.184,2.714,5.519,0.5698,6.401,3.944,5.227,0.3904,5.921,5.391,4.041,0.8177,5.056,6.702,4.73,0.5937,5.161,3.51,2.148,0.7281,8.69,7.769,1.123,0.1558,8.976,6.633,5.193,0.62,6.959,6.359,0.193,0.1742,5.522,2.95,3.044,0.6833,4.361,3.081,3.117,0.686,6.668,3.184,3.898,0.3979,3.427,5.419,5.888,0.98,8.042,7.146,2.956,0.7365,4.336,6.08,3.682,0.6322,8.707,3.302,3.121,0.2665,6.45,6.65,5.544,0.6359,7.227,5.179,5.024,0.6621,5.367,6.658,5.679,0.3572,4.801,4.249,2.083,0.5156,5.216,4.785,3.674,0.7217,4.575,2.102,4.208,0.9157,4.05,2.192,1.903,0.5125,9.311,5.614,4.082,0.7661,6.795,6.291,4.68,0.6988,5.309,3.79,2.533,0.7131,7.621,4.54,4.93,0.558,8.454,4.28,5.491,0.5333,3.579,3.314,3.389,0.4017,7.886,4.033,3.846,0.8286,2.729,1.333,6.079,0.98,5.169,5.147,2.504,0.4971,5.115,5.725,3.447,0.394,6.367,3.233,3.011,0.7042
ANML_40_Tuto_R4,Animal_40,Tutored_Mastery_30d,720,1.0,0.5592,0.1635,0.1233,0.1079,0.0461,8.361,5.734,4.079,0.392,8.985,7.485,1.049,0.4849,8.831,6.757,4.377,0.6442,8.937,3.37,2.23,0.5897,7.297,4.477,2.278,0.6348,5.862,4.405,2.791,0.3975,9.013,4.637,7.224,0.6583,5.734,3.53,3.534,0.768,4.724,6.836,5.161,0.4135,4.904,4.188,3.624,0.534,4.614,5.093,4.007,0.625,8.612,3.895,7.07,0.7974,7.216,4.417,1.895,0.2864,9.759,6.362,0.75,0.2609,8.304,7.85,2.572,0.1611,10.465,5.853,3.819,0.0255,7.583,8.171,1.976,0.475,7.14,4.742,2.251,0.6194,4.767,4.104,2.72,0.637,8.33,5.614,3.281,0.4995,8.182,7.919,4.071,0.0858,3.92,6.615,4.232,0.702,8.521,6.795,3.819,0.6331,8.124,4.986,2.881,0.2708,6.219,6.076,4.962,0.6178,8.283,6.082,3.496,0.475,7.462,5.444,2.778,0.3576,5.851,5.208,2.247,0.715,3.126,4.841,7.356,0.8794,8.094,5.031,5.52,0.678,8.938,2.092,2.183,0.4392,7.555,7.418,2.461,0.5741,7.785,5.824,4.618,0.6196,8.45,4.986,3.44,0.689,9.305,6.535,5.573,0.4169,6.264,6.34,3.745,0.4305,7.691,5.059,2.738,0.6784,5.388,7.09,2.741,0.7276,5.829,5.079,6.065,0.9394,8.749,6.348,5.179,0.5729,3.961,2.225,6.632,0.8407,4.161,6.054,2.455,0.8222,4.856,5.169,2.712,0.5682,7.695,6.198,2.846,0.5889,4.984,5.681,3.798,0.3234,8.371,5.544,6.087,0.464,4.608,2.978,1.713,0.7504,6.427,4.479,4.132,0.4017,9.003,3.175,5.621,0.7381,4.168,4.708,5.41,0.7052,7.418,6.169,4.278,0.3196,9.062,5.277,4.585,0.7751,8.185,3.344,5.39,0.361,8.972,5.525,3.669,0.4731,8.088,3.537,4.567,0.3888,6.939,2.717,2.622,0.5839,3.787,5.633,7.706,0.7055,6.946,3.456,5.174,0.4454,6.768,5.118,4.856,0.7244,8.116,5.825,0.719,0.2924,8.973,7.073,2.848,0.4097,4.017,3.864,2.689,0.3929,6.768,6.924,3.97,0.4114,7.164,3.519,4.847,0.3311,4.276,1.952,3.19,0.537,8.201,4.992,2.611,0.5145,4.628,6.346,2.293,0.5132,7.993,3.186,3.076,0.6955,7.656,5.927,4.817,0.6582,4.008,4.445,7.814,0.9038,8.354,5.014,4.638,0.5358,7.563,5.423,3.433,0.5644,4.905,5.324,4.572,0.6241,4.63,1.059,6.188,0.9738,4.656,5.537,4.04,0.5392,4.628,4.336,2.672,0.6594,6.128,2.942,5.467,0.4472,5.434,5.287,3.41,0.4612,8.522,3.693,4.007,0.8306,2.196,2.45,6.991,0.8039,8.283,2.916,1.847,0.5222,8.221,5.365,3.948,0.6674,4.1,6.215,2.441,0.8537,6.412,3.723,5.44,0.6702,7.277,5.407,5.035,0.6751,6.379,4.727,1.963,0.2332,5.202,6.328,4.07,0.6675,7.056,3.469,4.084,0.6448,3.748,4.863,5.253,0.7743,8.075,3.642,5.855,0.3818,6.447,3.532,2.552,0.3547,6.907,6.019,5.558,0.2659,9.979,6.057,3.535,0.2648,5.076,4.763,6.006,0.5496,6.629,5.671,0.689,0.429,8.866,5.558,3.447,0.4618,4.301,5.71,3.699,0.522,8.098,2.411,2.473,0.5805,3.391,1.507,4.858,0.9547,4.247,6.624,4.365,0.2813,7.346,2.716,2.207,0.4743,7.223,5.823,2.167,0.7074,4.224,6.49,5.102,0.7187,6.001,1.309,6.294,0.98,5.329,6.21,3.779,0.4551,7.596,5.206,4.935,0.5481,7.828,2.911,1.989,0.4948,3.206,2.241,7.493,0.7959,6.228,6.597,4.699,0.5585,7.887,6.246,4.935,0.2889,6.883,3.505,4.126,0.6146,7.818,5.006,2.562,0.5936,5.347,5.916,4.164,0.7159,8.125,7.085,3.954,0.7891,8.893,6.658,4.788,0.5773,6.926,4.79,3.936,0.6599,3.493,4.996,7.57,0.7651,7.461,3.406,2.705,0.2882,8.002,2.788,1.636,0.3158,8.114,3.732,5.645,0.4607
ANML_41_Tuto_R5,Animal_41,Tutored_Mastery_30d,720,0.9305,0.5657,0.1603,0.1417,0.0851,0.0471,8.222,3.841,5.501,0.7651,8.641,7.624,3.408,0.0863,4.093,2.734,2.683,0.4298,8.346,5.309,3.855,0.7119,4.401,4.964,3.352,0.6012,8.411,6.355,4.388,0.4012,4.775,4.901,4.545,0.8642,8.371,6.994,4.992,0.4394,6.598,5.511,2.733,0.4071,4.683,3.091,5.727,0.826,9.315,6.895,3.045,0.3463,4.867,3.875,4.121,0.8166,6.145,7.394,2.935,0.3604,7.29,8.234,2.894,0.0843,10.862,8.805,4.113,0.4819,9.436,6.987,0.749,0.3686,8.08,5.765,2.347,0.3312,4.431,3.284,5.133,0.4339,4.997,4.886,5.294,0.6287,4.578,6.655,5.478,0.687,9.286,8.096,3.819,0.02,7.033,5.054,3.255,0.4411,4.746,5.271,6.048,0.3865,5.604,5.902,4.766,0.5685,4.2,5.168,3.975,0.5523,7.958,3.567,4.214,0.7969,5.103,4.496,3.62,0.6332,5.036,4.11,4.921,0.5212,3.074,3.703,7.605,0.9333,8.346,5.931,3.151,0.6589,7.743,3.612,5.345,0.6924,5.525,4.816,4.351,0.6752,5.764,3.229,3.962,0.3825,4.579,6.66,4.182,0.2463,5.395,6.569,4.434,0.5714,5.563,3.34,4.74,0.7317,8.39,3.429,4.2,0.6841,6.729,5.52,5.116,0.538,5.224,2.883,7.584,0.6555,5.513,5.437,2.574,0.5399,6.951,2.777,6.113,0.773,4.425,6.335,2.299,0.6052,4.385,5.331,5.814,0.7837,8.442,2.321,2.115,0.7512,5.091,5.55,3.089,0.5287,8.06,4.777,5.374,0.6304,6.017,2.552,4.812,0.72,7.127,6.689,3.119,0.6039,6.845,6.146,4.837,0.6247,7.232,6.101,2.978,0.3344,6.093,2.769,6.018,0.6209,7.984,4.719,4.928,0.236,5.635,3.728,5.768,0.4439,6.997,4.079,4.689,0.7035,5.215,2.786,3.991,0.5594,6.846,4.376,2.558,0.3755,6.265,3.014,6.238,0.98,8.227,3.312,3.876,0.4391,4.343,5.682,3.016,0.594,9.059,7.152,3.464,0.108,10.604,8.186,3.365,0.0227,8.498,3.215,2.559,0.5658,5.156,4.994,3.41,0.4072,6.834,5.23,5.479,0.7068,6.644,3.447,3.585,0.7404,6.723,4.841,2.877,0.6253,4.476,5.46,4.503,0.6831,6.019,5.926,3.516,0.7922,6.189,4.939,3.841,0.5374,2.099,4.587,7.22,0.5824,7.962,5.594,5.523,0.4096,8.039,3.214,2.319,0.4276,8.121,6.791,4.412,0.7179,3.376,2.632,7.067,0.9382,6.325,6.795,3.27,0.4198,4.541,6.615,3.174,0.2209,7.255,5.733,2.934,0.6951,7.437,3.568,1.871,0.6353,8.198,3.477,4.971,0.4026,6.697,2.353,7.163,0.7174,5.32,3.143,5.675,0.3169,7.089,4.782,5.332,0.6978,5.617,3.78,2.378,0.4281,8.837,6.499,3.604,0.5018,5.556,6.906,5.523,0.6389,9.354,7.316,2.729,0.4678,8.331,5.691,5.929,0.6974,4.756,4.697,1.757,0.6018,7.757,2.118,3.296,0.7222,6.374,6.775,3.834,0.6697,4.822,6.534,2.966,0.325,8.214,5.503,5.166,0.3898,10.205,7.182,0.441,0.1505,6.167,5.118,2.165,0.3698,7.115,8.45,2.048,0.4206,8.159,4.679,4.3,0.3835,9.276,5.839,2.669,0.6863,6.384,5.161,2.9,0.6584,2.645,4.697,5.457,0.767,8.07,4.792,5.91,0.3723,8.603,6.92,2.135,0.4782,6.915,6.539,5.859,0.6562,5.999,5.875,5.165,0.6597,6.313,1.351,4.0,0.6102,7.727,2.811,3.267,0.6484,6.352,4.85,3.559,0.4859,7.999,5.036,4.543,0.5642,5.708,2.489,7.376,0.675,6.912,2.788,3.717,0.5746,8.235,5.565,4.315,0.6945,3.92,6.189,3.491,0.3424,4.408,5.827,6.003,0.3535,8.055,4.058,4.653,0.6095,6.407,4.567,2.115,0.5605,7.935,5.21,3.376,0.5708,8.099,4.925,4.504,0.4157,6.953,3.241,5.303,0.98,4.785,5.102,3.887,0.4258,6.418,4.12,3.684,0.4731,5.99,5.805,3.527,0.6527
ANML_42_Tuto_R6,Animal_42,Tutored_Mastery_30d,720,1.0,0.5367,0.1676,0.1268,0.1099,0.0589,5.793,6.483,5.482,0.7455,11.57,6.142,3.794,0.3139,4.135,3.143,4.352,0.5253,4.164,2.655,2.811,0.6945,7.454,3.751,3.512,0.6506,4.557,5.37,3.312,0.4997,7.44,4.503,6.166,0.5519,7.035,2.542,2.885,0.6378,9.274,6.906,5.358,0.7229,4.506,3.295,5.865,0.8067,4.559,6.132,1.782,0.4853,8.136,4.097,5.66,0.709,8.551,4.801,3.498,0.1192,9.545,4.858,0.742,0.2949,6.95,7.398,0.453,0.0342,10.314,5.562,1.335,0.4023,10.548,6.627,3.497,0.3759,7.256,4.052,4.237,0.7393,5.494,4.555,3.103,0.53,5.015,5.647,3.191,0.6016,8.436,8.172,1.747,0.0638,8.068,5.032,2.488,0.4841,6.323,3.095,5.021,0.5214,8.542,4.555,5.232,0.4982,7.784,2.996,2.744,0.7183,5.802,7.277,4.795,0.5986,4.532,4.118,5.107,0.5432,4.078,6.386,5.502,0.7796,6.203,4.838,7.341,0.6729,5.776,4.837,4.053,0.4024,9.172,3.628,5.173,0.3433,3.991,3.804,3.38,0.5106,5.614,3.756,2.488,0.5522,7.625,3.806,2.754,0.5809,7.106,3.04,3.879,0.7621,7.81,2.591,3.469,0.3833,5.734,4.638,3.939,0.3831,4.129,6.637,3.764,0.6696,2.702,2.112,4.813,0.7648,7.308,2.832,2.909,0.8184,2.56,4.806,4.684,0.6247,8.219,5.348,2.557,0.3941,7.375,5.068,5.311,0.8222,4.465,4.206,5.773,0.8149,6.03,3.673,4.133,0.62,7.764,6.144,3.185,0.3193,6.718,6.035,5.24,0.5619,8.998,6.485,2.004,0.6452,4.535,6.485,4.696,0.3981,7.988,5.28,4.568,0.6842,8.385,2.56,4.091,0.7244,5.922,5.664,2.379,0.3552,4.306,5.416,4.352,0.7442,6.543,4.326,3.975,0.5027,4.572,2.854,2.2,0.5294,7.82,3.882,3.172,0.526,2.291,2.963,6.496,0.98,7.669,4.317,5.496,0.3577,6.853,6.169,1.832,0.561,7.214,5.156,2.27,0.1306,11.089,8.145,3.1,0.0492,8.897,3.793,5.782,0.4603,8.185,6.369,4.57,0.5874,4.727,2.553,5.338,0.6363,7.797,3.866,2.979,0.728,7.368,2.588,5.957,0.6267,5.965,5.361,3.82,0.613,5.854,7.149,3.668,0.6047,5.92,3.88,4.678,0.5492,5.228,3.752,5.109,0.98,5.649,6.998,2.825,0.4441,5.341,2.988,3.739,0.5499,9.304,2.874,5.372,0.5555,6.35,1.451,4.794,0.98,6.794,4.226,4.953,0.791,3.971,4.836,4.954,0.5971,7.506,3.613,4.614,0.5932,3.798,2.707,4.263,0.7293,8.068,5.168,4.974,0.6688,2.805,1.6,6.525,0.8905,4.177,6.48,4.814,0.3823,5.544,6.653,4.48,0.4803,3.84,5.798,6.246,0.6821,8.843,5.322,3.513,0.5727,6.921,5.126,4.814,0.4164,9.229,7.949,3.762,0.3736,8.902,3.674,2.334,0.5181,8.342,6.652,2.312,0.5976,8.51,3.342,2.165,0.7146,6.099,4.631,1.736,0.4403,5.11,6.153,2.857,0.6955,5.266,5.77,2.601,0.5728,10.694,8.199,3.681,0.402,5.571,3.279,2.256,0.3135,9.803,8.416,3.252,0.3487,5.624,5.9,3.402,0.6543,4.326,5.824,5.442,0.6271,9.28,3.064,5.219,0.5618,6.162,2.863,7.692,0.9742,5.788,3.158,4.669,0.7492,6.782,4.85,4.713,0.5018,5.302,3.194,4.803,0.5601,5.352,3.104,4.941,0.3833,3.779,3.996,5.307,0.8265,7.225,3.767,5.537,0.7424,6.051,2.478,4.872,0.3799,4.941,3.602,4.284,0.5141,6.146,5.181,5.371,0.5963,7.88,4.022,2.514,0.4432,8.282,2.768,4.839,0.6974,8.828,5.6,3.246,0.4685,4.851,3.978,4.235,0.63,6.361,4.171,6.18,0.6369,3.749,4.226,4.389,0.7464,5.211,3.01,5.895,0.4087,6.958,3.187,4.275,0.7034,5.964,1.906,5.746,0.7889,3.92,6.772,2.787,0.4504,5.026,3.806,5.663,0.7327,5.991,6.016,4.179,0.6856
ANML_43_Tuto_R7,Animal_43,Tutored_Mastery_30d,720,0.9204,0.5684,0.1618,0.1405,0.0864,0.0429,4.893,4.628,5.755,0.3396,10.182,8.595,4.268,0.04,5.688,5.486,3.653,0.8205,5.732,4.575,3.145,0.6331,5.892,5.452,3.953,0.5792,7.391,3.457,4.247,0.6759,6.646,5.643,3.245,0.6449,5.308,5.153,1.49,0.4719,6.044,6.796,1.74,0.7186,5.169,5.502,5.85,0.5116,8.337,6.458,4.202,0.4732,7.397,4.078,7.355,0.5085,10.094,5.14,1.257,0.2462,8.492,6.503,2.12,0.2421,8.995,4.913,2.675,0.287,7.012,6.331,2.611,0.4846,8.864,5.438,2.796,0.1361,6.0,4.955,3.864,0.493,7.391,6.123,5.804,0.7169,8.561,6.684,2.539,0.7358,8.496,5.862,0.729,0.3755,6.271,2.843,3.569,0.5562,6.532,6.359,3.886,0.5962,7.413,3.713,2.448,0.4332,5.481,6.214,4.737,0.4365,5.086,3.931,4.012,0.565,4.377,4.7,3.069,0.4699,7.635,2.216,5.1,0.4719,6.811,1.74,6.164,0.7184,8.953,5.198,3.407,0.3256,6.888,3.302,2.654,0.5457,6.477,2.476,2.531,0.7838,8.063,3.812,5.539,0.3703,8.017,4.674,4.81,0.6053,4.293,3.255,3.024,0.6144,6.11,6.489,2.289,0.4747,6.148,3.715,3.035,0.467,6.103,5.112,5.237,0.6952,7.043,1.779,5.003,0.6018,4.739,4.535,2.361,0.6565,6.261,3.362,7.723,0.8796,8.891,4.206,3.178,0.6219,8.691,5.715,4.662,0.3505,6.448,6.89,3.979,0.4712,4.279,3.613,3.242,0.5923,7.923,4.162,4.093,0.3464,8.417,6.591,5.529,0.3823,5.772,4.658,3.762,0.506,6.958,4.701,2.229,0.6956,5.051,3.452,3.371,0.7843,5.458,7.241,3.854,0.7258,4.616,7.041,3.86,0.4493,8.298,5.755,2.821,0.5304,4.619,4.215,3.772,0.7739,7.498,3.518,4.564,0.5148,5.472,3.947,4.841,0.4972,3.072,3.164,5.869,0.7285,3.671,6.028,3.945,0.7174,6.708,6.863,5.257,0.4298,9.203,4.211,3.33,0.02,6.711,7.077,4.06,0.3886,4.282,4.076,3.796,0.1997,6.705,4.319,2.403,0.536,6.918,3.66,4.319,0.4243,6.034,5.055,3.87,0.6043,7.206,6.7,3.269,0.3468,3.999,2.324,4.517,0.2734,4.263,2.783,5.604,0.7274,7.152,4.384,6.056,0.4804,4.668,2.759,4.483,0.9175,7.315,4.145,4.025,0.311,6.429,3.83,5.072,0.6026,6.439,3.829,2.375,0.5007,4.907,2.747,4.61,0.8025,5.674,4.094,5.478,0.5667,5.05,4.392,5.225,0.5166,7.284,4.479,3.825,0.6906,8.961,6.566,3.333,0.3941,5.189,3.505,4.592,0.7058,5.548,2.799,4.275,0.8918,7.279,3.633,2.135,0.7304,4.612,6.656,3.069,0.7561,8.002,3.275,5.125,0.4598,4.846,5.659,5.773,0.5064,8.681,6.755,3.724,0.796,10.547,4.915,2.625,0.2064,5.599,6.511,2.134,0.4094,7.865,3.102,2.861,0.606,8.337,5.524,4.965,0.5783,6.198,4.978,5.374,0.7475,6.841,4.917,4.138,0.4878,4.216,4.077,2.958,0.2899,7.321,4.712,2.152,0.4022,9.465,2.795,5.124,0.2864,8.016,5.476,1.212,0.1477,8.662,7.004,1.658,0.6008,8.745,4.901,5.874,0.7017,6.961,6.311,4.409,0.373,2.22,2.701,6.957,0.7857,9.126,4.392,1.864,0.5474,4.906,5.92,5.987,0.6412,4.343,6.131,4.086,0.4467,6.925,6.301,4.939,0.66,5.727,1.432,5.284,0.6699,6.858,5.48,4.77,0.4364,4.716,2.675,4.384,0.7139,7.777,3.413,3.034,0.8433,3.797,3.063,5.8,0.7421,8.285,2.894,4.755,0.6608,6.947,3.708,4.957,0.6906,7.615,3.551,4.995,0.3979,4.609,2.529,2.952,0.4022,6.826,3.125,5.38,0.5905,6.275,5.415,6.155,0.5335,7.122,5.042,2.47,0.7772,7.534,5.804,3.048,0.79,4.749,4.03,4.649,0.98,6.143,5.941,5.089,0.3796,7.869,5.655,2.639,0.5362,5.696,2.907,2.473,0.58
ANML_44_Tuto_R8,Animal_44,Tutored_Mastery_30d,720,1.0,0.5649,0.1775,0.1307,0.0865,0.0404,6.312,6.35,3.765,0.6558,7.129,6.213,3.149,0.2443,6.788,4.514,4.76,0.6775,5.718,5.917,4.317,0.6756,3.974,6.07,4.225,0.4264,5.417,3.753,4.279,0.4591,7.821,4.854,6.967,0.5097,7.425,3.308,4.736,0.4945,8.315,4.637,3.754,0.5953,4.334,4.17,5.467,0.8695,5.841,4.991,5.571,0.6801,8.668,5.186,3.822,0.9241,11.276,7.061,3.267,0.335,9.313,7.855,0.482,0.0897,8.706,6.685,0.832,0.1422,9.689,5.61,4.071,0.4447,6.466,5.714,0.1,0.1971,6.536,5.168,5.393,0.7142,5.72,6.344,2.976,0.7403,4.383,6.979,5.997,0.4729,10.761,6.207,2.734,0.4579,8.183,6.515,4.191,0.7483,6.915,7.077,3.844,0.4459,4.212,2.44,4.061,0.409,8.217,4.856,3.656,0.5315,5.958,4.852,5.099,0.7563,6.859,4.315,2.945,0.7072,7.018,6.288,5.714,0.4695,4.166,2.524,7.272,0.675,3.809,6.834,5.183,0.8343,5.588,3.845,5.828,0.5153,5.414,4.163,4.995,0.5123,4.412,4.338,5.608,0.4485,4.429,5.909,5.755,0.7014,9.498,2.641,3.971,0.7741,5.243,5.242,3.752,0.5221,9.194,4.534,2.574,0.6255,4.655,4.65,5.69,0.7043,5.196,3.277,6.352,0.9766,6.538,3.299,4.013,0.6377,6.354,2.185,7.369,0.5675,5.801,4.814,2.991,0.5679,5.674,6.493,5.562,0.4765,5.632,4.409,2.602,0.6131,8.149,2.698,3.351,0.544,7.297,6.948,3.816,0.6803,6.816,3.923,5.393,0.5785,7.579,5.117,2.322,0.4202,6.641,4.14,2.098,0.4436,6.122,3.268,4.745,0.5776,7.774,6.13,3.576,0.3168,4.173,3.426,5.209,0.3891,6.529,6.616,4.82,0.3599,6.818,4.383,1.52,0.327,8.978,3.38,5.627,0.5062,6.958,5.701,3.645,0.7778,4.164,1.561,6.021,0.8896,7.154,6.583,3.806,0.6793,7.808,6.604,2.771,0.7288,7.8,4.148,2.845,0.1231,11.604,5.992,4.485,0.0846,4.433,6.426,3.791,0.4053,5.102,2.824,3.71,0.5107,8.918,5.013,2.472,0.4101,7.499,4.536,5.568,0.6355,4.706,4.363,3.703,0.4359,5.13,4.263,4.609,0.7167,9.214,6.781,5.434,0.5643,6.906,2.727,3.839,0.5676,3.312,3.142,5.595,0.98,7.117,2.796,4.404,0.6231,4.922,6.151,3.373,0.4251,4.922,4.416,3.509,0.5436,4.409,3.628,6.369,0.7105,3.28,4.878,2.919,0.3238,4.807,4.741,5.639,0.6214,5.872,6.301,2.496,0.4223,6.142,6.862,2.098,0.6134,5.779,3.827,2.655,0.3395,2.357,2.384,7.781,0.6222,7.854,7.468,3.778,0.5565,4.333,3.281,4.971,0.3415,7.124,2.975,3.66,0.6301,8.145,2.696,4.897,0.8159,7.246,4.532,5.478,0.3341,8.923,5.679,3.778,0.1141,7.842,5.438,2.283,0.4602,8.101,6.435,3.445,0.4215,9.066,5.525,6.357,0.6821,5.544,2.383,5.662,0.6215,8.397,6.461,5.424,0.7357,4.773,4.143,4.088,0.7007,6.991,4.802,0.99,0.2914,6.104,5.028,2.355,0.5852,8.56,6.132,2.2,0.254,5.751,3.642,4.284,0.5082,7.701,6.245,5.082,0.5678,4.869,3.118,3.932,0.4039,2.803,1.977,6.888,0.7355,8.716,7.162,3.792,0.627,7.238,6.337,5.533,0.8581,6.646,5.843,5.596,0.4778,8.048,4.896,2.884,0.2913,2.926,5.207,6.218,0.7779,5.217,3.58,4.205,0.7008,6.328,5.812,3.96,0.3832,4.442,3.978,5.388,0.4783,4.775,3.745,5.361,0.7287,4.073,7.225,4.797,0.5018,7.762,4.011,3.79,0.4371,7.422,5.907,4.856,0.4513,8.464,4.597,5.886,0.6336,4.484,6.849,2.245,0.2595,7.669,4.401,2.785,0.5517,7.33,5.401,3.943,0.3996,8.993,4.53,6.012,0.3584,4.192,4.863,4.53,0.7625,4.595,4.767,5.669,0.6013,6.238,3.913,5.722,0.3324,8.914,2.87,2.961,0.3795
ANML_45_Tuto_R9,Animal_45,Tutored_Mastery_30d,720,1.0,0.5658,0.1658,0.1341,0.0889,0.0455,4.631,6.61,3.365,0.4266,6.179,5.819,3.487,0.2993,5.488,4.085,5.27,0.6919,4.77,5.688,3.226,0.794,7.614,4.091,4.752,0.4226,8.382,3.029,5.364,0.6079,4.851,2.47,5.713,0.5147,5.311,6.911,3.632,0.5291,5.665,5.952,3.7,0.4679,5.119,3.067,6.482,0.5694,8.161,6.085,2.297,0.6973,4.918,3.109,4.355,0.4234,8.104,4.938,0.355,0.3463,10.669,5.613,2.457,0.2576,10.636,4.711,3.769,0.4221,10.155,8.767,4.11,0.1571,11.352,8.328,2.902,0.3155,5.725,5.784,2.778,0.7707,6.427,6.315,5.879,0.5003,5.607,5.006,2.331,0.8022,7.487,5.609,1.971,0.3622,7.56,7.025,4.559,0.391,7.271,2.76,2.725,0.6485,4.384,3.386,5.707,0.7369,7.369,3.863,4.057,0.6496,6.379,5.206,2.985,0.48,8.686,3.342,2.693,0.4436,4.27,3.649,3.715,0.3483,5.768,3.354,4.97,0.9027,8.301,5.853,3.603,0.3596,6.395,4.464,5.128,0.611,10.16,5.769,4.916,0.3189,4.357,5.534,4.304,0.5849,7.172,2.452,5.811,0.6268,7.456,6.909,2.23,0.7489,4.221,4.218,3.67,0.7882,8.992,5.366,4.797,0.6212,5.873,4.486,3.837,0.4344,4.153,4.389,4.335,0.7648,7.139,5.237,3.086,0.6385,6.22,2.0,7.595,0.6191,5.95,4.824,2.936,0.3863,7.062,4.989,5.255,0.3069,4.47,2.92,3.44,0.6915,6.779,2.436,2.513,0.3529,5.734,5.077,5.4,0.3049,5.397,3.123,5.243,0.6296,6.858,6.204,5.525,0.757,6.666,4.136,5.029,0.8009,8.551,5.561,4.976,0.3903,8.491,4.164,2.42,0.4434,6.187,5.374,2.824,0.8269,4.433,5.023,5.542,0.561,6.839,3.828,3.16,0.4879,7.63,4.131,3.33,0.5452,7.472,4.55,4.59,0.6771,1.699,4.73,5.276,0.8279,8.102,3.887,3.882,0.4975,7.346,3.794,3.179,0.6123,6.216,5.232,4.462,0.1636,7.747,6.047,0.915,0.1267,4.503,5.73,3.168,0.4633,8.967,4.449,2.009,0.6319,5.825,5.684,5.128,0.5834,6.616,5.674,5.295,0.7579,4.662,5.99,5.805,0.6065,8.828,2.988,5.804,0.5325,7.023,4.5,3.986,0.4273,7.069,5.684,5.645,0.5675,6.184,4.641,7.907,0.7722,4.363,2.274,4.15,0.7359,4.791,2.983,3.918,0.341,6.118,4.851,2.746,0.3956,6.346,2.172,4.322,0.6093,5.102,5.141,5.101,0.3935,5.236,2.448,3.485,0.3807,6.191,4.894,3.587,0.4254,5.939,4.47,4.157,0.4488,6.892,4.07,2.553,0.3266,3.176,3.003,6.155,0.98,6.34,5.94,4.887,0.6748,4.273,6.422,5.756,0.2951,8.143,5.2,3.15,0.6301,5.384,6.031,5.424,0.4664,7.907,3.346,4.999,0.4513,10.548,5.187,0.144,0.0207,5.06,4.74,3.405,0.5447,6.078,5.365,2.244,0.7832,7.631,5.995,1.649,0.2812,9.056,3.705,4.872,0.5158,6.97,5.324,3.713,0.7548,8.026,4.852,4.824,0.3865,10.934,5.699,1.625,0.4433,9.26,3.675,4.267,0.729,8.707,8.68,2.064,0.1352,7.105,4.123,5.521,0.7746,6.507,4.862,5.649,0.6015,7.139,6.611,2.541,0.7664,5.035,5.05,5.298,0.98,8.407,5.871,5.644,0.5292,4.398,5.151,4.14,0.7589,7.172,4.35,3.178,0.6249,6.366,4.75,4.833,0.7264,4.575,3.246,4.364,0.6052,4.896,5.943,5.502,0.5977,5.67,3.918,4.182,0.7098,8.267,2.681,5.82,0.4651,6.33,4.317,5.676,0.8963,4.911,6.015,2.722,0.7206,7.547,6.915,5.457,0.399,4.267,3.242,4.412,0.3372,7.741,3.295,5.751,0.6037,5.326,5.022,2.357,0.503,7.729,6.255,5.582,0.2958,7.484,3.064,3.061,0.5424,8.286,3.8,6.158,0.6928,3.209,0.981,4.699,0.7208,5.723,5.587,3.408,0.3317,4.698,6.052,5.55,0.4513,6.672,6.2,2.576,0.3548
ANML_46_Tuto_R10,Animal_46,Tutored_Mastery_30d,720,0.989,0.5739,0.1607,0.1293,0.1019,0.0341,4.448,3.222,5.807,0.7492,10.282,8.852,4.286,0.1607,6.062,5.547,4.179,0.2855,5.003,5.725,3.087,0.782,4.804,3.975,5.448,0.3983,6.274,6.527,3.764,0.7279,8.291,4.585,3.64,0.9043,5.082,6.309,2.697,0.7301,9.144,6.935,2.459,0.7123,5.805,5.609,5.094,0.8447,6.21,3.062,4.978,0.5357,7.396,6.337,6.555,0.5815,7.389,4.883,1.827,0.2651,10.728,6.222,0.284,0.0782,8.408,7.032,0.862,0.3229,9.191,6.957,3.355,0.1101,9.974,6.173,1.958,0.02,7.782,4.788,4.772,0.6311,3.934,5.619,4.071,0.5696,6.942,2.895,1.871,0.6278,6.682,5.159,1.29,0.2714,6.996,4.423,2.845,0.3485,3.622,3.868,5.523,0.4406,7.647,6.878,4.498,0.6005,6.271,6.072,4.313,0.706,7.332,3.594,2.34,0.734,4.767,4.439,5.656,0.5706,7.985,2.969,2.344,0.3081,6.556,1.578,5.116,0.8216,7.56,5.805,4.847,0.7421,6.872,5.942,3.481,0.6749,4.424,6.15,2.252,0.5242,4.161,3.555,3.157,0.3234,7.263,5.816,5.348,0.5394,4.91,4.353,3.788,0.7047,7.74,3.69,5.575,0.3203,8.907,4.145,5.453,0.6689,5.237,5.048,5.98,0.4919,2.282,3.272,4.555,0.8621,5.17,4.104,2.099,0.454,3.057,4.265,6.412,0.7313,6.657,5.636,3.268,0.4546,6.866,2.681,3.23,0.3611,7.371,5.743,4.352,0.628,4.09,4.238,3.246,0.6477,4.806,3.789,4.402,0.2967,6.753,3.444,3.016,0.668,5.17,4.544,2.94,0.5877,4.651,5.79,1.778,0.5041,5.173,5.225,2.058,0.3835,7.975,4.418,4.04,0.4329,5.937,4.033,2.447,0.7031,9.835,7.238,5.732,0.7836,8.365,4.267,1.933,0.7282,5.032,3.264,4.523,0.7226,3.876,4.578,1.996,0.3239,2.946,3.272,6.94,0.98,8.775,2.966,3.505,0.4505,6.558,4.461,2.226,0.3163,8.114,5.347,3.656,0.308,10.471,5.434,2.548,0.4072,8.821,5.433,2.063,0.8319,7.755,6.924,2.71,0.5361,7.404,4.147,5.92,0.286,6.42,5.36,4.387,0.7281,7.89,5.949,5.443,0.7513,7.731,7.467,3.851,0.5171,5.797,3.979,4.597,0.3706,4.649,4.759,3.989,0.4524,6.426,5.47,6.964,0.9627,6.465,4.299,4.117,0.696,9.059,5.851,2.833,0.6539,7.244,5.764,5.455,0.3396,6.684,3.386,7.084,0.6961,5.719,4.369,2.451,0.8021,6.848,2.822,5.493,0.4248,6.974,4.754,2.851,0.606,4.124,5.066,3.686,0.4039,9.117,2.968,2.528,0.7534,4.107,2.61,3.946,0.98,5.535,3.181,6.029,0.6897,7.854,2.716,3.37,0.4337,5.191,6.265,5.023,0.3429,7.64,5.699,4.498,0.5251,4.214,5.555,2.222,0.5912,9.662,6.008,1.687,0.2303,5.477,2.706,3.349,0.4485,8.847,6.687,5.467,0.7232,5.788,6.276,3.637,0.4849,5.499,3.028,4.726,0.6149,4.812,6.476,4.539,0.6607,5.757,4.878,5.958,0.389,7.628,5.21,3.003,0.1177,7.744,6.185,5.635,0.3226,10.286,5.604,2.463,0.4615,5.779,4.852,2.235,0.4953,6.156,6.779,4.73,0.5358,5.052,2.982,3.306,0.5479,3.396,4.159,5.437,0.6777,5.253,2.939,4.223,0.4719,5.646,3.565,2.154,0.6571,4.813,5.131,3.683,0.7189,3.566,3.109,2.037,0.2968,4.011,3.755,5.736,0.899,6.454,5.735,2.289,0.6454,7.409,3.097,2.227,0.4839,9.009,3.712,5.458,0.437,5.432,4.963,7.229,0.98,6.008,6.06,4.198,0.568,6.517,2.971,5.535,0.7179,4.787,3.208,4.716,0.6938,5.191,3.43,3.069,0.3436,8.695,6.18,3.792,0.7126,5.709,1.594,2.611,0.468,4.894,5.147,4.78,0.4444,5.689,4.899,2.683,0.4824,5.594,4.555,5.179,0.7815,3.862,6.398,3.505,0.6394,7.203,6.252,3.47,0.2737,8.737,4.26,2.978,0.6945
ANML_47_Tuto_R11,Animal_47,Tutored_Mastery_30d,720,0.9978,0.5681,0.1781,0.1201,0.0849,0.0488,8.18,6.175,5.204,0.5873,8.475,6.782,3.243,0.1985,5.355,3.09,4.033,0.4065,9.277,3.981,4.36,0.5443,8.111,6.013,4.445,0.7112,8.699,5.862,5.463,0.3093,5.247,4.416,5.764,0.7817,4.297,3.584,3.311,0.4225,6.461,7.289,2.246,0.4746,4.87,2.681,5.615,0.9292,6.632,4.263,4.591,0.7503,3.869,3.635,3.963,0.6622,7.805,7.204,0.563,0.4418,9.213,6.622,4.23,0.4593,9.98,8.485,2.892,0.3234,8.435,4.825,1.73,0.4437,9.229,5.445,0.58,0.1338,3.766,3.473,3.05,0.3486,8.001,7.007,5.137,0.4822,4.082,6.579,2.16,0.3449,11.55,7.428,1.308,0.3471,4.525,5.721,5.73,0.4929,9.317,6.414,4.439,0.4722,6.585,5.448,4.723,0.6464,5.539,5.482,4.677,0.4352,6.64,3.876,2.289,0.4355,4.185,7.116,3.336,0.4141,6.277,5.7,4.337,0.7727,3.17,2.232,7.581,0.7324,6.311,3.984,5.64,0.4657,8.75,5.992,1.93,0.3768,4.355,3.5,4.022,0.7067,6.838,5.273,5.748,0.4112,4.925,2.641,3.412,0.4611,8.546,3.334,5.773,0.6702,7.519,5.512,5.362,0.7447,7.328,4.74,3.343,0.4354,6.572,4.747,4.847,0.4504,6.016,2.023,6.002,0.9141,4.361,6.559,3.683,0.7949,4.287,2.528,5.306,0.6563,7.72,4.896,2.954,0.6459,5.109,6.789,3.362,0.4538,8.936,6.661,5.122,0.3862,8.176,5.274,3.528,0.4921,4.958,6.389,5.59,0.6402,6.389,6.926,4.904,0.3415,6.653,3.102,5.598,0.5,4.64,4.506,4.87,0.417,7.215,6.128,4.169,0.4178,5.038,5.657,2.759,0.5423,6.465,3.653,4.086,0.7912,5.61,4.144,2.766,0.5758,8.959,2.926,3.619,0.8198,5.405,3.489,2.454,0.3627,5.008,6.075,4.085,0.8068,5.711,3.045,7.457,0.6907,5.34,4.173,2.385,0.5009,7.767,5.747,2.098,0.7057,9.658,6.559,0.933,0.4282,7.244,7.051,1.45,0.4153,5.329,5.8,6.445,0.4472,9.296,5.05,5.224,0.7525,7.809,3.911,3.736,0.6058,6.734,6.094,4.537,0.6073,4.189,3.896,2.452,0.7324,7.586,2.663,1.986,0.4366,6.367,2.762,2.747,0.5352,7.286,5.187,1.318,0.7137,3.94,1.38,7.098,0.8032,7.326,3.938,4.485,0.5965,3.798,3.868,2.335,0.6103,7.781,4.03,6.103,0.3481,4.2,2.531,5.111,0.7707,6.858,4.616,2.985,0.4218,6.91,5.063,2.217,0.6291,4.368,4.376,4.097,0.4613,5.175,2.61,3.966,0.3446,5.495,4.66,5.407,0.7037,5.65,2.529,4.452,0.7041,5.96,3.024,4.491,0.5752,5.858,3.834,3.462,0.4619,9.204,6.905,3.892,0.3144,8.581,6.967,4.54,0.7324,6.991,6.013,1.997,0.3985,9.129,6.741,3.751,0.3328,8.786,5.737,2.273,0.3725,5.251,6.553,4.406,0.3372,7.755,5.596,4.379,0.6723,6.986,2.608,1.607,0.3907,5.049,5.948,3.906,0.4849,6.197,3.118,4.512,0.8455,9.568,8.112,1.118,0.133,3.809,5.851,5.402,0.664,11.664,5.968,2.097,0.0841,5.047,3.054,1.673,0.4529,6.562,5.307,4.493,0.6027,6.86,5.878,4.05,0.6099,6.713,3.195,5.47,0.8233,7.811,4.266,4.181,0.6009,6.157,6.056,3.635,0.4649,3.632,5.282,4.298,0.6227,5.601,6.387,2.09,0.6288,3.094,4.025,5.416,0.6863,4.942,5.363,2.896,0.7338,6.197,5.722,5.326,0.6707,4.73,6.429,6.014,0.5865,2.275,4.075,5.876,0.7691,4.821,5.152,4.602,0.577,5.333,5.449,3.287,0.5394,5.592,3.459,3.538,0.5842,8.739,4.463,3.02,0.6004,8.067,4.931,6.072,0.6155,3.954,3.272,4.735,0.6437,7.24,6.131,3.847,0.503,7.739,3.622,4.882,0.3616,4.449,3.157,5.087,0.7911,8.539,3.083,6.193,0.6239,7.734,2.759,3.182,0.5862,8.376,6.303,5.416,0.4793
ANML_48_Tuto_R12,Animal_48,Tutored_Mastery_30d,720,1.0,0.5664,0.1666,0.1262,0.0842,0.0565,5.174,4.887,3.121,0.3633,9.356,9.327,0.978,0.3012,6.303,3.748,2.916,0.7032,8.111,4.863,5.894,0.4215,4.959,5.174,2.348,0.7685,6.848,6.363,4.169,0.5508,7.236,4.724,6.5,0.5809,7.083,2.583,2.626,0.7958,7.43,5.194,4.142,0.7062,7.446,4.839,5.354,0.7234,6.949,3.183,2.861,0.3044,7.26,6.109,5.331,0.6549,11.175,8.825,2.992,0.02,10.925,4.728,1.02,0.3382,11.665,4.929,1.716,0.1744,10.304,9.323,1.485,0.02,8.4,5.335,3.614,0.2263,4.1,4.222,3.194,0.4958,4.568,4.705,5.803,0.4532,5.378,3.92,5.139,0.5831,7.852,8.525,0.407,0.0622,8.723,3.626,4.275,0.3921,4.464,2.983,4.148,0.7666,7.652,6.362,3.379,0.4913,6.481,4.652,5.427,0.6986,4.726,4.847,4.601,0.6474,7.964,6.004,4.202,0.6527,4.185,4.371,2.588,0.3331,6.189,0.592,7.178,0.6357,4.141,5.704,4.669,0.697,5.323,6.398,2.613,0.5559,6.31,3.53,3.307,0.4232,5.621,5.151,4.387,0.3698,6.884,4.624,5.82,0.5094,7.584,2.816,2.387,0.4508,5.193,4.941,4.513,0.4922,6.52,2.766,2.228,0.5504,8.216,4.697,3.036,0.6768,4.183,2.462,5.019,0.6303,5.948,3.559,2.89,0.5688,4.451,2.232,7.759,0.98,5.02,3.062,2.505,0.7004,8.237,3.413,2.341,0.5116,5.327,4.144,4.048,0.4818,4.425,6.834,4.216,0.6123,5.009,3.345,4.42,0.8227,5.822,3.807,3.832,0.4394,5.64,4.013,2.679,0.5949,6.277,2.818,5.337,0.7252,5.089,4.836,4.496,0.5487,5.123,6.54,2.61,0.7047,8.19,6.582,2.811,0.5819,6.839,6.424,1.729,0.5144,8.485,2.319,2.81,0.4416,5.367,5.85,6.116,0.7376,4.06,2.78,5.276,0.6561,4.862,3.825,6.287,0.8813,5.23,3.662,3.821,0.4343,7.597,3.812,3.663,0.7465,8.455,4.901,2.326,0.2151,7.585,7.758,0.1,0.3501,6.796,5.242,4.175,0.613,4.265,7.057,6.257,0.3847,7.111,6.746,3.537,0.4203,8.953,6.194,4.395,0.3245,9.104,3.754,3.343,0.3852,5.621,2.49,2.714,0.5016,7.83,6.069,3.548,0.6078,6.026,5.915,5.999,0.458,4.858,1.916,7.239,0.8536,8.111,4.622,4.173,0.696,8.669,3.03,2.963,0.4847,8.799,4.82,2.847,0.3553,2.623,1.85,4.861,0.8834,8.563,4.374,4.909,0.7327,5.319,3.002,5.403,0.7007,7.531,6.339,5.482,0.5952,5.932,4.965,2.715,0.5977,3.755,3.499,5.092,0.4629,6.542,3.655,5.887,0.8457,6.189,6.974,4.963,0.4097,4.441,5.193,5.398,0.4513,5.211,2.201,2.704,0.4469,8.086,4.304,5.703,0.6801,7.683,6.075,5.337,0.8261,9.198,6.74,1.046,0.3114,7.792,4.668,2.267,0.5645,5.537,4.051,4.496,0.6881,7.655,5.856,2.357,0.3233,5.631,5.6,2.391,0.6872,6.443,3.785,3.169,0.4501,6.101,6.655,3.99,0.37,6.549,7.01,2.729,0.02,6.339,5.398,4.678,0.7364,7.199,5.108,3.262,0.0765,4.176,7.274,5.606,0.795,6.853,3.19,4.213,0.7996,8.575,4.967,2.977,0.6096,6.681,1.238,6.494,0.9436,8.038,4.979,2.474,0.7608,4.125,5.803,3.023,0.4211,8.245,1.858,2.849,0.4082,5.351,3.943,4.429,0.4666,2.526,4.256,6.112,0.7868,6.677,5.804,5.517,0.5063,8.586,2.855,2.937,0.4709,4.635,3.457,5.72,0.6211,1.79,3.422,7.026,0.7667,5.13,2.877,2.289,0.5933,4.897,3.639,5.364,0.3808,7.54,2.624,2.314,0.4511,5.057,6.185,2.094,0.4894,8.443,5.336,2.221,0.4211,5.15,2.662,2.734,0.3991,3.85,2.8,3.847,0.5107,8.13,6.357,3.01,0.63,2.863,2.894,6.657,0.98,7.799,4.002,4.594,0.7619,4.574,6.688,5.182,0.7742,7.173,4.506,4.679,0.3706
