sample_id,animal_id,condition,tutoring_hours,true_plasticity_score,scProp_Glutamatergic_Neuron,scProp_GABAergic_Interneuron,scProp_Oligodendrocyte,scProp_Astrocytes,scProp_Microglia,RNA_BDNF,ChIP_H3K4me3_BDNF,ChIP_H3K27me3_BDNF,WGBS_CpG_BDNF,RNA_FOXP2,ChIP_H3K4me3_FOXP2,ChIP_H3K27me3_FOXP2,WGBS_CpG_FOXP2,RNA_EGR1,ChIP_H3K4me3_EGR1,ChIP_H3K27me3_EGR1,WGBS_CpG_EGR1,RNA_FOS,ChIP_H3K4me3_FOS,ChIP_H3K27me3_FOS,WGBS_CpG_FOS,RNA_ARC,ChIP_H3K4me3_ARC,ChIP_H3K27me3_ARC,WGBS_CpG_ARC,RNA_NPAS4,ChIP_H3K4me3_NPAS4,ChIP_H3K27me3_NPAS4,WGBS_CpG_NPAS4,RNA_DNMT3A,ChIP_H3K4me3_DNMT3A,ChIP_H3K27me3_DNMT3A,WGBS_CpG_DNMT3A,RNA_TET2,ChIP_H3K4me3_TET2,ChIP_H3K27me3_TET2,WGBS_CpG_TET2,RNA_KDM6A,ChIP_H3K4me3_KDM6A,ChIP_H3K27me3_KDM6A,WGBS_CpG_KDM6A,RNA_EZH2,ChIP_H3K4me3_EZH2,ChIP_H3K27me3_EZH2,WGBS_CpG_EZH2,RNA_CREB1,ChIP_H3K4me3_CREB1,ChIP_H3K27me3_CREB1,WGBS_CpG_CREB1,RNA_HDAC2,ChIP_H3K4me3_HDAC2,ChIP_H3K27me3_HDAC2,WGBS_CpG_HDAC2,RNA_CAMK2A,ChIP_H3K4me3_CAMK2A,ChIP_H3K27me3_CAMK2A,WGBS_CpG_CAMK2A,RNA_GRIN2B,ChIP_H3K4me3_GRIN2B,ChIP_H3K27me3_GRIN2B,WGBS_CpG_GRIN2B,RNA_SYP,ChIP_H3K4me3_SYP,ChIP_H3K27me3_SYP,WGBS_CpG_SYP,RNA_SYN1,ChIP_H3K4me3_SYN1,ChIP_H3K27me3_SYN1,WGBS_CpG_SYN1,RNA_MEF2C,ChIP_H3K4me3_MEF2C,ChIP_H3K27me3_MEF2C,WGBS_CpG_MEF2C,RNA_KMT2A,ChIP_H3K4me3_KMT2A,ChIP_H3K27me3_KMT2A,WGBS_CpG_KMT2A,RNA_GENE_001,ChIP_H3K4me3_GENE_001,ChIP_H3K27me3_GENE_001,WGBS_CpG_GENE_001,RNA_GENE_002,ChIP_H3K4me3_GENE_002,ChIP_H3K27me3_GENE_002,WGBS_CpG_GENE_002,RNA_GENE_003,ChIP_H3K4me3_GENE_003,ChIP_H3K27me3_GENE_003,WGBS_CpG_GENE_003,RNA_GENE_004,ChIP_H3K4me3_GENE_004,ChIP_H3K27me3_GENE_004,WGBS_CpG_GENE_004,RNA_GENE_005,ChIP_H3K4me3_GENE_005,ChIP_H3K27me3_GENE_005,WGBS_CpG_GENE_005,RNA_GENE_006,ChIP_H3K4me3_GENE_006,ChIP_H3K27me3_GENE_006,WGBS_CpG_GENE_006,RNA_GENE_007,ChIP_H3K4me3_GENE_007,ChIP_H3K27me3_GENE_007,WGBS_CpG_GENE_007,RNA_GENE_008,ChIP_H3K4me3_GENE_008,ChIP_H3K27me3_GENE_008,WGBS_CpG_GENE_008,RNA_GENE_009,ChIP_H3K4me3_GENE_009,ChIP_H3K27me3_GENE_009,WGBS_CpG_GENE_009,RNA_GENE_010,ChIP_H3K4me3_GENE_010,ChIP_H3K27me3_GENE_010,WGBS_CpG_GENE_010,RNA_GENE_011,ChIP_H3K4me3_GENE_011,ChIP_H3K27me3_GENE_011,WGBS_CpG_GENE_011,RNA_GENE_012,ChIP_H3K4me3_GENE_012,ChIP_H3K27me3_GENE_012,WGBS_CpG_GENE_012,RNA_GENE_013,ChIP_H3K4me3_GENE_013,ChIP_H3K27me3_GENE_013,WGBS_CpG_GENE_013,RNA_GENE_014,ChIP_H3K4me3_GENE_014,ChIP_H3K27me3_GENE_014,WGBS_CpG_GENE_014,RNA_GENE_015,ChIP_H3K4me3_GENE_015,ChIP_H3K27me3_GENE_015,WGBS_CpG_GENE_015,RNA_GENE_016,ChIP_H3K4me3_GENE_016,ChIP_H3K27me3_GENE_016,WGBS_CpG_GENE_016,RNA_GENE_017,ChIP_H3K4me3_GENE_017,ChIP_H3K27me3_GENE_017,WGBS_CpG_GENE_017,RNA_GENE_018,ChIP_H3K4me3_GENE_018,ChIP_H3K27me3_GENE_018,WGBS_CpG_GENE_018,RNA_GENE_019,ChIP_H3K4me3_GENE_019,ChIP_H3K27me3_GENE_019,WGBS_CpG_GENE_019,RNA_GENE_020,ChIP_H3K4me3_GENE_020,ChIP_H3K27me3_GENE_020,WGBS_CpG_GENE_020,RNA_GENE_021,ChIP_H3K4me3_GENE_021,ChIP_H3K27me3_GENE_021,WGBS_CpG_GENE_021,RNA_GENE_022,ChIP_H3K4me3_GENE_022,ChIP_H3K27me3_GENE_022,WGBS_CpG_GENE_022,RNA_GENE_023,ChIP_H3K4me3_GENE_023,ChIP_H3K27me3_GENE_023,WGBS_CpG_GENE_023,RNA_GENE_024,ChIP_H3K4me3_GENE_024,ChIP_H3K27me3_GENE_024,WGBS_CpG_GENE_024,RNA_GENE_025,ChIP_H3K4me3_GENE_025,ChIP_H3K27me3_GENE_025,WGBS_CpG_GENE_025,RNA_GENE_026,ChIP_H3K4me3_GENE_026,ChIP_H3K27me3_GENE_026,WGBS_CpG_GENE_026,RNA_GENE_027,ChIP_H3K4me3_GENE_027,ChIP_H3K27me3_GENE_027,WGBS_CpG_GENE_027,RNA_GENE_028,ChIP_H3K4me3_GENE_028,ChIP_H3K27me3_GENE_028,WGBS_CpG_GENE_028,RNA_GENE_029,ChIP_H3K4me3_GENE_029,ChIP_H3K27me3_GENE_029,WGBS_CpG_GENE_029,RNA_GENE_030,ChIP_H3K4me3_GENE_030,ChIP_H3K27me3_GENE_030,WGBS_CpG_GENE_030,RNA_GENE_031,ChIP_H3K4me3_GENE_031,ChIP_H3K27me3_GENE_031,WGBS_CpG_GENE_031,RNA_GENE_032,ChIP_H3K4me3_GENE_032,ChIP_H3K27me3_GENE_032,WGBS_CpG_GENE_032,RNA_GENE_033,ChIP_H3K4me3_GENE_033,ChIP_H3K27me3_GENE_033,WGBS_CpG_GENE_033,RNA_GENE_034,ChIP_H3K4me3_GENE_034,ChIP_H3K27me3_GENE_034,WGBS_CpG_GENE_034,RNA_GENE_035,ChIP_H3K4me3_GENE_035,ChIP_H3K27me3_GENE_035,WGBS_CpG_GENE_035,RNA_GENE_036,ChIP_H3K4me3_GENE_036,ChIP_H3K27me3_GENE_036,WGBS_CpG_GENE_036,RNA_GENE_037,ChIP_H3K4me3_GENE_037,ChIP_H3K27me3_GENE_037,WGBS_CpG_GENE_037,RNA_GENE_038,ChIP_H3K4me3_GENE_038,ChIP_H3K27me3_GENE_038,WGBS_CpG_GENE_038,RNA_GENE_039,ChIP_H3K4me3_GENE_039,ChIP_H3K27me3_GENE_039,WGBS_CpG_GENE_039,RNA_GENE_040,ChIP_H3K4me3_GENE_040,ChIP_H3K27me3_GENE_040,WGBS_CpG_GENE_040,RNA_GENE_041,ChIP_H3K4me3_GENE_041,ChIP_H3K27me3_GENE_041,WGBS_CpG_GENE_041,RNA_GENE_042,ChIP_H3K4me3_GENE_042,ChIP_H3K27me3_GENE_042,WGBS_CpG_GENE_042,RNA_GENE_043,ChIP_H3K4me3_GENE_043,ChIP_H3K27me3_GENE_043,WGBS_CpG_GENE_043,RNA_GENE_044,ChIP_H3K4me3_GENE_044,ChIP_H3K27me3_GENE_044,WGBS_CpG_GENE_044,RNA_GENE_045,ChIP_H3K4me3_GENE_045,ChIP_H3K27me3_GENE_045,WGBS_CpG_GENE_045,RNA_GENE_046,ChIP_H3K4me3_GENE_046,ChIP_H3K27me3_GENE_046,WGBS_CpG_GENE_046,RNA_GENE_047,ChIP_H3K4me3_GENE_047,ChIP_H3K27me3_GENE_047,WGBS_CpG_GENE_047,RNA_GENE_048,ChIP_H3K4me3_GENE_048,ChIP_H3K27me3_GENE_048,WGBS_CpG_GENE_048,RNA_GENE_049,ChIP_H3K4me3_GENE_049,ChIP_H3K27me3_GENE_049,WGBS_CpG_GENE_049,RNA_GENE_050,ChIP_H3K4me3_GENE_050,ChIP_H3K27me3_GENE_050,WGBS_CpG_GENE_050,RNA_GENE_051,ChIP_H3K4me3_GENE_051,ChIP_H3K27me3_GENE_051,WGBS_CpG_GENE_051,RNA_GENE_052,ChIP_H3K4me3_GENE_052,ChIP_H3K27me3_GENE_052,WGBS_CpG_GENE_052,RNA_GENE_053,ChIP_H3K4me3_GENE_053,ChIP_H3K27me3_GENE_053,WGBS_CpG_GENE_053,RNA_GENE_054,ChIP_H3K4me3_GENE_054,ChIP_H3K27me3_GENE_054,WGBS_CpG_GENE_054,RNA_GENE_055,ChIP_H3K4me3_GENE_055,ChIP_H3K27me3_GENE_055,WGBS_CpG_GENE_055,RNA_GENE_056,ChIP_H3K4me3_GENE_056,ChIP_H3K27me3_GENE_056,WGBS_CpG_GENE_056,RNA_GENE_057,ChIP_H3K4me3_GENE_057,ChIP_H3K27me3_GENE_057,WGBS_CpG_GENE_057,RNA_GENE_058,ChIP_H3K4me3_GENE_058,ChIP_H3K27me3_GENE_058,WGBS_CpG_GENE_058,RNA_GENE_059,ChIP_H3K4me3_GENE_059,ChIP_H3K27me3_GENE_059,WGBS_CpG_GENE_059,RNA_GENE_060,ChIP_H3K4me3_GENE_060,ChIP_H3K27me3_GENE_060,WGBS_CpG_GENE_060,RNA_GENE_061,ChIP_H3K4me3_GENE_061,ChIP_H3K27me3_GENE_061,WGBS_CpG_GENE_061,RNA_GENE_062,ChIP_H3K4me3_GENE_062,ChIP_H3K27me3_GENE_062,WGBS_CpG_GENE_062,RNA_GENE_063,ChIP_H3K4me3_GENE_063,ChIP_H3K27me3_GENE_063,WGBS_CpG_GENE_063,RNA_GENE_064,ChIP_H3K4me3_GENE_064,ChIP_H3K27me3_GENE_064,WGBS_CpG_GENE_064,RNA_GENE_065,ChIP_H3K4me3_GENE_065,ChIP_H3K27me3_GENE_065,WGBS_CpG_GENE_065,RNA_GENE_066,ChIP_H3K4me3_GENE_066,ChIP_H3K27me3_GENE_066,WGBS_CpG_GENE_066,RNA_GENE_067,ChIP_H3K4me3_GENE_067,ChIP_H3K27me3_GENE_067,WGBS_CpG_GENE_067,RNA_GENE_068,ChIP_H3K4me3_GENE_068,ChIP_H3K27me3_GENE_068,WGBS_CpG_GENE_068,RNA_GENE_069,ChIP_H3K4me3_GENE_069,ChIP_H3K27me3_GENE_069,WGBS_CpG_GENE_069,RNA_GENE_070,ChIP_H3K4me3_GENE_070,ChIP_H3K27me3_GENE_070,WGBS_CpG_GENE_070,RNA_GENE_071,ChIP_H3K4me3_GENE_071,ChIP_H3K27me3_GENE_071,WGBS_CpG_GENE_071,RNA_GENE_072,ChIP_H3K4me3_GENE_072,ChIP_H3K27me3_GENE_072,WGBS_CpG_GENE_072,RNA_GENE_073,ChIP_H3K4me3_GENE_073,ChIP_H3K27me3_GENE_073,WGBS_CpG_GENE_073,RNA_GENE_074,ChIP_H3K4me3_GENE_074,ChIP_H3K27me3_GENE_074,WGBS_CpG_GENE_074,RNA_GENE_075,ChIP_H3K4me3_GENE_075,ChIP_H3K27me3_GENE_075,WGBS_CpG_GENE_075,RNA_GENE_076,ChIP_H3K4me3_GENE_076,ChIP_H3K27me3_GENE_076,WGBS_CpG_GENE_076,RNA_GENE_077,ChIP_H3K4me3_GENE_077,ChIP_H3K27me3_GENE_077,WGBS_CpG_GENE_077,RNA_GENE_078,ChIP_H3K4me3_GENE_078,ChIP_H3K27me3_GENE_078,WGBS_CpG_GENE_078,RNA_GENE_079,ChIP_H3K4me3_GENE_079,ChIP_H3K27me3_GENE_079,WGBS_CpG_GENE_079,RNA_GENE_080,ChIP_H3K4me3_GENE_080,ChIP_H3K27me3_GENE_080,WGBS_CpG_GENE_080,RNA_GENE_081,ChIP_H3K4me3_GENE_081,ChIP_H3K27me3_GENE_081,WGBS_CpG_GENE_081,RNA_GENE_082,ChIP_H3K4me3_GENE_082,ChIP_H3K27me3_GENE_082,WGBS_CpG_GENE_082,RNA_GENE_083,ChIP_H3K4me3_GENE_083,ChIP_H3K27me3_GENE_083,WGBS_CpG_GENE_083,RNA_GENE_084,ChIP_H3K4me3_GENE_084,ChIP_H3K27me3_GENE_084,WGBS_CpG_GENE_084,RNA_GENE_085,ChIP_H3K4me3_GENE_085,ChIP_H3K27me3_GENE_085,WGBS_CpG_GENE_085,RNA_GENE_086,ChIP_H3K4me3_GENE_086,ChIP_H3K27me3_GENE_086,WGBS_CpG_GENE_086,RNA_GENE_087,ChIP_H3K4me3_GENE_087,ChIP_H3K27me3_GENE_087,WGBS_CpG_GENE_087,RNA_GENE_088,ChIP_H3K4me3_GENE_088,ChIP_H3K27me3_GENE_088,WGBS_CpG_GENE_088,RNA_GENE_089,ChIP_H3K4me3_GENE_089,ChIP_H3K27me3_GENE_089,WGBS_CpG_GENE_089,RNA_GENE_090,ChIP_H3K4me3_GENE_090,ChIP_H3K27me3_GENE_090,WGBS_CpG_GENE_090,RNA_GENE_091,ChIP_H3K4me3_GENE_091,ChIP_H3K27me3_GENE_091,WGBS_CpG_GENE_091,RNA_GENE_092,ChIP_H3K4me3_GENE_092,ChIP_H3K27me3_GENE_092,WGBS_CpG_GENE_092,RNA_GENE_093,ChIP_H3K4me3_GENE_093,ChIP_H3K27me3_GENE_093,WGBS_CpG_GENE_093,RNA_GENE_094,ChIP_H3K4me3_GENE_094,ChIP_H3K27me3_GENE_094,WGBS_CpG_GENE_094,RNA_GENE_095,ChIP_H3K4me3_GENE_095,ChIP_H3K27me3_GENE_095,WGBS_CpG_GENE_095,RNA_GENE_096,ChIP_H3K4me3_GENE_096,ChIP_H3K27me3_GENE_096,WGBS_CpG_GENE_096,RNA_GENE_097,ChIP_H3K4me3_GENE_097,ChIP_H3K27me3_GENE_097,WGBS_CpG_GENE_097,RNA_GENE_098,ChIP_H3K4me3_GENE_098,ChIP_H3K27me3_GENE_098,WGBS_CpG_GENE_098,RNA_GENE_099,ChIP_H3K4me3_GENE_099,ChIP_H3K27me3_GENE_099,WGBS_CpG_GENE_099,RNA_GENE_100,ChIP_H3K4me3_GENE_100,ChIP_H3K27me3_GENE_100,WGBS_CpG_GENE_100,RNA_GENE_101,ChIP_H3K4me3_GENE_101,ChIP_H3K27me3_GENE_101,WGBS_CpG_GENE_101,RNA_GENE_102,ChIP_H3K4me3_GENE_102,ChIP_H3K27me3_GENE_102,WGBS_CpG_GENE_102
ZF_01_Untu_R1,Animal_01,Untutored_Isolate,0,0.0669,0.5402,0.1584,0.1299,0.1025,0.069,8.313,4.771,4.986,0.1915,6.81,2.881,3.005,0.4416,7.172,5.202,0.97,0.4563,5.128,6.572,4.332,0.4899,7.861,7.828,2.154,0.5657,5.5,8.568,2.754,0.4226,8.507,6.812,6.593,0.6487,6.347,5.989,4.974,0.2906,7.991,7.121,1.956,0.366,9.245,5.974,3.591,0.3914,4.505,6.144,3.854,0.6758,7.285,4.854,3.164,0.6379,8.742,5.233,5.189,0.5603,8.302,5.159,3.949,0.4413,7.065,4.129,3.539,0.7301,5.992,4.873,3.917,0.4557,7.555,4.58,4.201,0.3524,6.562,3.054,2.475,0.3819,6.909,2.469,4.259,0.653,5.316,4.211,5.962,0.755,4.879,5.767,4.812,0.544,9.215,4.752,4.404,0.75,8.039,2.279,5.826,0.3064,6.533,4.342,4.43,0.5809,5.511,6.869,2.955,0.4435,6.303,4.075,5.157,0.6802,7.296,6.258,3.949,0.3683,5.618,5.059,2.26,0.4063,9.886,6.037,2.945,0.262,7.06,4.083,4.024,0.6858,3.552,7.097,6.343,0.6009,5.809,3.384,2.516,0.4403,8.616,3.243,3.534,0.5241,6.309,5.979,5.331,0.6026,9.331,5.374,3.44,0.2461,9.101,2.559,4.581,0.4404,8.355,3.041,3.059,0.4977,8.301,6.068,1.207,0.2688,6.435,4.279,4.972,0.308,6.137,5.73,4.808,0.5301,5.161,3.419,4.882,0.6284,8.197,4.932,3.631,0.3961,7.582,5.379,4.285,0.7539,7.234,3.833,3.286,0.5086,6.308,4.886,2.717,0.835,5.573,4.435,4.743,0.2005,6.025,3.636,3.234,0.685,8.232,3.319,2.503,0.7685,4.352,5.157,5.604,0.4801,6.232,6.43,3.325,0.3288,5.477,4.409,4.718,0.3909,8.375,6.32,0.71,0.2047,6.493,4.847,2.8,0.4111,6.08,6.515,5.64,0.3894,7.877,2.506,4.521,0.3367,4.898,3.227,3.342,0.6499,7.578,3.472,5.135,0.4499,6.825,3.511,2.451,0.5305,7.948,6.116,3.22,0.6659,5.857,4.243,5.358,0.3051,6.385,3.453,5.928,0.6306,5.202,6.436,4.165,0.8133,9.387,6.668,4.277,0.5247,7.727,4.498,2.013,0.4119,6.274,3.774,2.17,0.918,6.624,4.38,1.901,0.5626,6.12,4.245,3.804,0.6601,8.691,5.728,5.94,0.4553,9.392,7.142,4.359,0.6186,4.086,5.548,3.502,0.4182,6.904,4.315,4.662,0.4543,8.649,5.976,1.999,0.2292,6.532,7.081,3.404,0.4431,8.612,5.047,5.533,0.5357,5.179,3.157,2.139,0.5634,5.754,5.825,3.751,0.4404,7.849,6.418,2.216,0.6621,5.546,6.222,5.103,0.4766,8.815,4.62,5.145,0.6898,8.07,2.981,4.231,0.6513,6.351,5.215,1.624,0.3293,8.527,4.974,3.133,0.7268,7.836,5.658,2.176,0.3456,6.266,5.231,6.162,0.361,9.027,4.82,3.573,0.7011,6.023,5.886,3.324,0.6075,8.561,5.617,2.539,0.3242,7.14,6.17,3.726,0.7378,8.507,6.566,2.658,0.542,3.644,3.998,5.502,0.7459,5.056,2.934,2.546,0.4213,7.536,5.16,5.882,0.5306,7.217,3.332,2.176,0.7105,7.706,2.499,4.325,0.3029,5.643,6.22,4.752,0.4648,7.822,4.426,6.053,0.4486,5.016,3.165,3.318,0.3392,5.582,4.764,3.483,0.2881,3.904,2.673,2.894,0.5725,7.957,6.339,2.827,0.4809,4.603,3.466,5.137,0.6481,7.17,4.216,2.366,0.3369,5.05,6.362,4.916,0.7905,7.611,3.103,4.77,0.4606,5.189,5.046,5.646,0.6135,4.822,4.075,2.977,0.6668,6.026,2.908,5.157,0.8123,5.549,6.684,2.028,0.6777,5.46,3.956,3.586,0.7363,5.236,6.705,3.829,0.6282,4.43,6.803,2.549,0.5585,6.638,3.452,2.428,0.4473,7.295,4.481,5.182,0.3551,5.206,4.885,3.086,0.3022,6.502,5.389,2.668,0.7705,6.664,6.202,4.722,0.4069,3.985,5.478,5.666,0.7053,8.755,7.043,2.667,0.74,5.74,4.775,4.569,0.6967,7.964,6.575,4.068,0.3186
ZF_02_Untu_R2,Animal_02,Untutored_Isolate,0,0.0552,0.5149,0.176,0.1325,0.106,0.0706,6.438,6.554,1.596,0.559,5.13,4.744,4.439,0.6599,5.759,6.513,3.47,0.5481,9.448,6.679,3.179,0.3644,7.257,8.324,2.205,0.6331,9.147,6.237,1.489,0.7202,7.731,8.319,5.036,0.8218,5.98,4.961,3.496,0.647,5.549,6.613,4.725,0.4379,7.5,5.375,5.322,0.7166,8.447,6.099,3.192,0.7206,6.323,7.448,4.122,0.4823,6.095,5.871,3.386,0.2976,5.222,3.976,4.513,0.5655,6.753,4.251,3.943,0.4281,5.916,2.508,5.661,0.3574,6.96,5.192,5.349,0.3674,6.395,3.897,4.658,0.5621,5.295,6.374,5.335,0.7648,4.739,6.212,4.727,0.3947,5.054,3.987,3.17,0.7637,4.667,5.856,5.065,0.623,5.982,5.974,5.317,0.6017,6.681,2.854,4.102,0.4781,8.723,5.461,2.744,0.5804,5.182,6.559,4.525,0.6795,6.771,7.149,3.454,0.3067,8.186,3.482,5.339,0.4118,6.425,7.395,1.333,0.6718,7.65,6.582,2.779,0.65,8.602,3.666,3.202,0.3505,5.817,6.451,3.467,0.5117,4.634,4.384,5.912,0.5909,4.565,4.035,2.668,0.7196,6.426,7.46,4.795,0.3578,6.125,2.183,5.101,0.7116,8.957,2.683,5.934,0.5955,6.193,6.419,3.79,0.2531,6.762,5.545,3.154,0.4161,7.09,5.6,3.562,0.3031,6.447,6.7,3.337,0.7761,8.92,6.845,4.382,0.3639,7.628,5.894,3.905,0.3443,4.038,5.311,1.684,0.2638,5.863,4.495,2.86,0.8088,7.248,7.53,3.695,0.4053,5.069,6.424,4.267,0.3762,8.459,6.01,2.15,0.5998,4.392,3.703,2.515,0.5721,8.537,4.879,4.3,0.2929,6.418,4.425,2.079,0.6348,7.65,7.434,1.63,0.2711,6.719,7.0,2.747,0.4235,5.672,6.769,4.817,0.6281,7.437,4.231,2.188,0.5203,7.744,4.145,2.756,0.3684,5.151,7.29,2.907,0.7136,8.899,3.971,2.057,0.613,6.869,4.341,2.247,0.4649,4.903,3.175,2.48,0.3146,5.998,7.502,2.779,0.5529,6.343,4.671,3.106,0.2886,9.383,5.713,4.353,0.6287,8.451,5.276,2.279,0.4017,8.148,6.237,4.856,0.3915,8.748,4.424,3.623,0.4402,5.965,2.618,5.423,0.5818,5.803,4.177,5.386,0.4046,7.301,6.893,2.635,0.3726,6.536,3.861,2.202,0.6613,5.693,4.688,2.274,0.2886,6.699,4.444,1.914,0.547,7.76,5.603,2.955,0.7302,4.225,2.913,4.88,0.6717,4.78,4.563,4.805,0.3442,5.218,4.548,2.395,0.5907,8.135,2.59,6.079,0.3491,7.349,5.967,4.996,0.6036,4.508,3.2,4.675,0.4212,7.407,6.763,3.228,0.2658,6.293,5.298,3.377,0.3674,6.753,3.731,6.167,0.618,7.958,6.092,3.206,0.5999,5.671,3.598,5.096,0.4858,9.016,6.881,2.345,0.6954,6.311,5.018,4.286,0.2611,7.919,5.42,5.88,0.5436,7.124,4.033,4.251,0.4466,6.768,5.373,5.201,0.7938,4.862,3.116,5.872,0.6137,7.634,3.571,3.786,0.523,8.479,3.459,5.812,0.5576,8.765,6.523,5.882,0.3847,4.948,5.341,3.881,0.3655,8.01,4.244,2.18,0.5484,6.182,5.472,2.336,0.6035,4.732,6.713,4.029,0.6794,6.544,6.881,4.766,0.3869,6.917,6.575,5.568,0.7833,6.312,6.491,4.879,0.6559,7.763,3.757,5.043,0.3502,4.852,3.536,5.312,0.2647,8.636,6.15,2.414,0.5135,8.63,7.049,5.943,0.6899,9.447,4.864,2.278,0.4193,7.959,3.966,2.484,0.5908,8.966,3.585,3.481,0.6792,6.063,4.15,2.665,0.6146,5.751,3.132,4.227,0.4915,6.298,3.56,2.751,0.6232,7.519,6.006,4.605,0.4004,4.355,4.593,2.695,0.4759,4.303,4.575,2.583,0.5553,5.885,2.956,6.338,0.4988,4.49,3.177,2.954,0.774,7.242,5.984,4.214,0.4054,5.771,2.754,6.403,0.5369,5.19,5.503,5.277,0.4681,7.621,5.057,2.599,0.4301,7.575,6.996,4.286,0.6699
ZF_03_Untu_R3,Animal_03,Untutored_Isolate,0,0.0,0.5043,0.1834,0.1269,0.1093,0.0761,6.915,5.172,3.208,0.4455,5.986,2.9,4.504,0.7684,4.517,5.087,3.113,0.6715,5.656,4.997,1.856,0.7326,4.836,4.08,3.838,0.6621,7.83,7.531,3.449,0.5853,7.179,6.542,3.154,0.4207,8.335,3.801,5.25,0.6853,8.057,3.531,3.182,0.7248,8.604,6.139,3.143,0.3577,8.268,2.381,4.232,0.4417,7.006,5.941,2.58,0.7501,8.549,4.86,3.675,0.363,4.468,5.449,2.293,0.4813,7.969,5.217,4.482,0.5712,4.182,5.334,3.789,0.7944,5.011,4.893,2.309,0.8315,5.431,3.475,5.126,0.5368,6.221,3.656,2.096,0.4736,5.369,5.352,2.824,0.7458,6.339,4.436,3.859,0.4622,4.703,4.845,3.31,0.5071,8.563,4.027,5.457,0.73,6.378,3.409,3.021,0.6027,8.393,5.038,2.423,0.6879,5.106,5.992,4.286,0.3879,7.791,7.541,2.597,0.6474,4.029,5.086,4.598,0.7942,8.281,5.008,1.665,0.7474,6.666,6.613,5.738,0.363,4.443,6.69,1.984,0.7194,4.609,6.584,4.275,0.545,6.584,3.934,4.85,0.7513,6.319,5.555,3.581,0.6236,8.167,5.991,4.623,0.6891,6.091,4.994,5.78,0.8009,5.747,3.921,2.955,0.6867,9.634,6.607,4.97,0.4091,6.567,6.37,3.453,0.408,7.169,5.802,2.086,0.4699,8.497,6.308,5.583,0.3496,7.342,7.132,5.323,0.8031,6.29,4.818,4.476,0.4261,6.38,6.307,4.479,0.6574,7.552,6.595,3.523,0.7371,5.807,5.019,4.087,0.6957,4.559,4.445,2.428,0.6509,8.541,6.072,2.551,0.5923,6.089,4.267,4.147,0.6374,5.32,5.533,1.661,0.6547,6.441,2.669,4.711,0.5044,8.516,4.631,3.206,0.4475,6.879,4.397,3.494,0.4131,5.576,3.082,2.582,0.3778,5.035,5.775,4.859,0.78,4.346,3.946,5.446,0.5885,5.268,2.983,5.242,0.4648,8.053,2.719,4.827,0.4958,4.896,3.862,2.883,0.3465,8.449,4.603,3.558,0.3352,3.422,3.208,4.328,0.7586,4.059,6.902,3.956,0.4012,4.694,3.161,5.199,0.6026,4.542,5.404,2.978,0.8313,7.954,6.059,3.327,0.7326,6.044,6.135,5.825,0.4841,5.061,6.558,5.925,0.8309,5.227,2.651,2.825,0.6099,5.317,5.569,1.524,0.2381,4.608,4.186,5.132,0.5342,7.047,2.82,5.769,0.5569,6.171,5.094,2.627,0.7341,5.858,2.832,5.713,0.4883,4.705,4.397,3.844,0.4639,7.052,4.967,2.124,0.6211,3.561,3.897,4.692,0.7245,5.287,6.055,4.358,0.3789,6.417,2.755,2.171,0.5534,6.993,4.024,3.701,0.6804,6.494,2.843,2.005,0.3637,8.309,4.373,2.864,0.4531,6.926,3.064,5.028,0.7476,7.201,6.919,3.851,0.3398,7.661,5.911,6.32,0.5423,5.77,3.386,3.938,0.3779,6.959,5.197,4.237,0.5478,4.547,4.676,4.652,0.4868,4.562,3.889,1.945,0.3178,9.057,6.32,3.291,0.7719,8.421,3.79,2.653,0.7312,5.632,4.614,5.088,0.6185,7.198,6.886,5.34,0.7949,4.865,6.124,2.626,0.6409,8.556,4.731,4.884,0.7624,6.238,3.194,3.717,0.6089,5.232,4.084,2.22,0.4066,7.193,3.37,3.861,0.6252,6.067,4.338,5.388,0.443,5.674,6.732,3.009,0.7666,6.806,2.197,5.341,0.6952,6.102,3.766,2.684,0.4278,7.808,6.566,3.08,0.6519,6.282,4.496,3.449,0.4065,5.253,2.803,4.066,0.3285,4.626,6.416,6.134,0.4411,7.533,5.688,2.753,0.3793,4.552,3.339,1.948,0.4007,4.601,5.712,3.056,0.4966,6.434,6.753,3.033,0.7269,7.525,5.216,3.639,0.4317,7.01,3.398,5.261,0.3927,3.672,4.66,6.175,0.752,9.145,4.608,5.542,0.4241,6.186,4.033,3.517,0.4194,7.613,4.944,5.803,0.7628,6.024,3.228,5.207,0.4752,5.57,7.081,4.214,0.4877,5.036,4.021,4.478,0.7963,5.717,4.083,2.793,0.3523,7.932,3.526,2.043,0.6875
ZF_04_Untu_R4,Animal_04,Untutored_Isolate,0,0.0,0.5187,0.1972,0.1221,0.08,0.082,8.833,4.029,4.517,0.4471,8.214,3.412,3.146,0.46,6.496,8.039,4.632,0.4196,8.728,8.014,3.868,0.634,7.168,6.28,2.456,0.2443,7.276,3.844,4.207,0.2728,9.304,6.852,2.762,0.519,7.126,5.844,5.33,0.6535,7.532,5.175,4.364,0.557,7.438,6.086,3.411,0.5986,5.433,2.859,3.524,0.7772,10.444,6.774,5.702,0.4872,5.673,6.311,3.507,0.4428,5.887,4.384,2.276,0.4898,7.266,3.657,3.997,0.4741,8.799,3.199,6.158,0.5515,7.683,6.508,4.752,0.4473,9.285,6.863,3.154,0.7412,6.061,5.334,3.513,0.5215,5.333,4.886,3.299,0.7792,6.543,4.802,4.652,0.5438,7.337,4.576,5.312,0.5081,5.368,2.582,4.246,0.4578,7.017,6.669,3.99,0.68,6.331,3.401,2.394,0.479,6.161,4.29,2.539,0.5376,9.113,5.261,5.1,0.34,5.502,6.161,6.083,0.5503,8.11,6.254,3.11,0.3261,6.502,6.002,2.524,0.5576,7.268,4.273,3.28,0.6594,4.54,6.555,4.405,0.6112,6.109,5.239,4.538,0.5077,4.754,3.294,2.613,0.4592,4.272,7.668,1.528,0.5652,8.841,3.974,5.832,0.5929,5.329,3.514,5.029,0.7654,8.876,3.685,2.257,0.357,5.972,3.385,4.725,0.7041,4.217,4.492,4.318,0.7428,5.495,5.949,5.968,0.4854,8.256,3.397,5.756,0.7431,6.668,4.472,3.986,0.7033,4.523,2.665,2.869,0.6891,4.771,3.187,2.395,0.6161,7.52,5.682,4.178,0.3779,4.293,5.145,4.543,0.7497,6.403,6.702,4.765,0.6839,7.731,3.847,5.817,0.4086,5.248,7.799,4.656,0.684,6.285,2.924,5.232,0.4601,9.411,5.898,3.402,0.7705,4.473,3.079,3.244,0.7824,6.786,3.104,4.144,0.7006,4.626,3.735,2.142,0.478,5.236,3.444,5.316,0.8174,7.878,3.946,4.894,0.4874,6.896,3.843,4.015,0.654,8.662,5.405,4.517,0.7269,8.218,3.435,3.446,0.7345,5.836,2.345,2.85,0.7425,4.31,3.061,2.075,0.3605,8.473,4.287,5.047,0.2376,7.072,7.509,5.692,0.369,5.211,4.56,5.902,0.7756,4.748,4.201,5.774,0.4259,5.401,3.095,4.32,0.341,6.39,6.789,2.63,0.3707,5.678,5.033,2.61,0.6309,5.887,3.848,5.177,0.7404,6.291,5.591,1.815,0.7102,4.906,7.422,2.711,0.3683,5.942,5.952,3.703,0.5578,4.028,5.287,5.949,0.4729,5.092,6.809,5.254,0.7014,5.237,2.341,3.121,0.4483,6.748,5.42,2.632,0.4067,7.655,6.255,4.686,0.7936,7.993,6.917,4.626,0.4644,5.816,4.56,5.111,0.5339,9.5,4.741,3.247,0.459,6.036,2.623,5.141,0.4076,6.08,3.146,4.774,0.4369,5.763,6.413,4.57,0.7277,3.941,5.921,4.719,0.4334,8.425,3.545,1.448,0.7212,5.898,3.339,4.073,0.6669,5.931,7.056,5.446,0.4231,8.184,3.71,3.694,0.4256,8.034,3.266,2.036,0.6444,6.325,4.206,4.148,0.4193,6.686,5.754,4.346,0.6948,7.345,4.183,5.185,0.5041,5.612,2.663,5.508,0.6397,4.717,2.442,4.522,0.7875,3.753,3.833,2.234,0.4501,6.384,6.104,4.692,0.4956,8.691,6.379,2.607,0.7355,3.538,7.136,4.212,0.5301,6.451,4.9,5.573,0.5498,7.018,6.477,4.124,0.4527,6.641,4.03,4.462,0.5721,5.61,4.162,2.081,0.6014,6.94,3.929,1.787,0.5768,7.73,3.684,4.214,0.5009,4.415,6.519,3.264,0.3255,6.125,2.899,4.819,0.5254,7.272,3.831,5.385,0.5252,6.796,6.55,4.871,0.4412,7.377,4.373,6.047,0.6291,9.006,6.259,3.492,0.7644,7.771,2.409,2.92,0.6283,8.087,3.946,4.742,0.3115,8.97,5.65,5.879,0.2294,8.92,4.894,2.949,0.6254,6.642,6.976,4.989,0.3285,8.857,2.696,3.287,0.4758,5.484,5.857,5.658,0.7123,5.93,4.456,4.589,0.4397,7.949,4.489,3.742,0.3424
ZF_05_Untu_R5,Animal_05,Untutored_Isolate,0,0.106,0.5318,0.1813,0.1283,0.091,0.0675,6.86,6.246,0.946,0.5603,8.238,5.085,5.203,0.666,9.653,7.144,3.202,0.2771,8.102,8.853,1.883,0.3284,6.183,8.041,1.277,0.5779,5.681,9.18,1.598,0.3341,10.108,6.85,4.171,0.7658,6.269,5.19,1.45,0.4326,6.215,5.682,2.812,0.6322,9.55,4.633,6.124,0.8541,5.162,3.547,3.567,0.6839,10.704,6.013,4.64,0.5412,5.085,3.849,2.621,0.3309,3.922,5.976,2.559,0.5,4.287,4.38,4.731,0.7485,6.187,4.223,2.289,0.6121,5.661,6.1,1.657,0.6456,5.79,4.411,4.933,0.5914,5.709,5.232,4.64,0.8793,4.627,2.722,3.851,0.2919,7.492,7.103,5.145,0.6722,9.191,4.273,2.766,0.3374,7.33,5.613,2.707,0.5144,3.699,5.047,4.78,0.5926,4.467,4.076,3.435,0.6417,4.434,3.551,3.354,0.7893,7.584,5.511,1.877,0.6513,5.64,3.708,5.217,0.7333,7.374,7.11,4.602,0.2738,5.742,3.993,3.757,0.7348,9.24,3.236,5.542,0.5394,7.572,5.58,5.424,0.3303,4.144,6.347,5.792,0.7263,5.0,2.584,2.285,0.3714,7.463,4.504,4.116,0.4859,8.679,4.642,4.815,0.4746,4.597,4.553,3.953,0.517,6.272,7.491,2.351,0.4063,5.177,3.871,4.056,0.6292,4.307,6.892,4.221,0.5357,7.434,7.11,6.441,0.815,6.643,5.589,5.117,0.6582,7.318,6.315,5.134,0.3931,4.29,5.593,2.807,0.7053,6.278,4.267,4.852,0.5665,6.455,8.359,4.292,0.3116,4.609,7.022,2.897,0.734,9.443,6.645,3.169,0.748,8.145,6.105,5.427,0.7796,9.704,6.337,0.501,0.6976,5.269,3.822,2.351,0.4997,8.807,8.588,3.126,0.4005,8.875,6.583,3.315,0.508,7.24,6.776,2.58,0.4414,5.138,2.662,3.742,0.5546,4.148,3.576,5.487,0.4694,4.28,3.904,3.299,0.4804,5.568,4.997,1.889,0.3871,5.704,6.321,4.04,0.8217,8.18,3.182,5.131,0.4207,5.635,6.032,3.916,0.3866,7.018,4.652,1.902,0.4362,5.425,3.317,4.221,0.6161,8.612,2.511,5.621,0.312,4.822,6.968,5.353,0.5218,7.997,4.837,3.482,0.5478,4.792,2.784,5.184,0.6258,7.579,6.767,3.693,0.3704,5.366,6.304,0.998,0.6465,4.422,5.463,4.361,0.8263,7.412,6.145,2.688,0.4008,10.065,9.124,2.553,0.2545,4.315,5.845,4.502,0.7288,7.925,6.568,3.246,0.4079,5.293,5.328,3.552,0.6615,8.304,3.373,4.88,0.4647,6.33,4.051,5.288,0.3308,7.656,2.541,3.357,0.4898,5.759,2.661,4.879,0.4255,6.637,4.124,3.418,0.7461,5.509,7.596,2.233,0.5284,3.742,3.412,4.01,0.5587,8.162,7.138,4.191,0.3746,7.386,3.147,6.112,0.3139,6.726,4.646,2.965,0.4457,8.478,8.599,3.252,0.402,5.147,6.386,2.235,0.4858,6.222,3.531,2.959,0.3458,8.577,3.418,2.537,0.2735,5.413,4.379,5.786,0.7001,5.612,4.467,2.947,0.6358,5.509,2.631,2.793,0.3524,7.926,4.542,4.409,0.3981,6.726,5.07,4.153,0.3898,7.896,2.968,4.358,0.3803,7.713,6.298,4.731,0.5423,4.069,6.785,4.072,0.5198,4.495,6.403,4.829,0.6429,5.624,3.908,3.425,0.6413,4.397,5.419,5.163,0.4361,4.547,5.315,5.621,0.7836,5.844,6.327,5.714,0.2939,5.225,6.083,4.456,0.5408,8.34,3.766,4.336,0.6173,5.619,5.766,5.501,0.6871,7.895,6.656,2.674,0.6794,6.596,5.278,4.328,0.5238,8.985,2.875,3.604,0.6167,8.215,6.632,3.942,0.4588,4.943,5.01,2.73,0.485,5.91,4.611,4.281,0.7843,6.342,4.752,4.015,0.8361,3.763,3.714,3.603,0.3941,7.732,2.818,5.655,0.5241,7.286,5.965,4.582,0.3379,8.141,2.751,5.664,0.6798,7.373,5.923,2.483,0.5119,5.559,3.688,5.373,0.8182,7.593,6.174,5.321,0.5833,5.819,4.416,2.788,0.4155
ZF_06_Untu_R6,Animal_06,Untutored_Isolate,0,0.0,0.5163,0.1773,0.1256,0.0946,0.0863,8.001,3.856,5.221,0.4009,9.085,6.757,5.765,0.3742,7.195,4.581,3.821,0.4705,7.005,5.448,4.22,0.3513,7.806,6.616,2.277,0.4002,6.286,5.872,5.334,0.5745,8.603,7.322,4.779,0.4339,5.37,6.875,3.539,0.4908,6.289,4.158,3.848,0.5613,8.002,7.408,4.913,0.5334,5.06,6.341,5.515,0.5741,10.164,4.821,3.183,0.4498,5.276,4.762,5.134,0.6509,6.181,5.998,5.241,0.4951,6.053,3.716,4.695,0.4028,5.163,4.009,5.229,0.6911,6.493,2.886,3.59,0.6465,8.352,4.872,3.155,0.5396,6.821,3.445,5.605,0.5785,6.308,6.455,3.16,0.505,7.237,3.055,4.134,0.4349,5.527,2.749,5.158,0.5233,7.874,3.787,3.258,0.5952,5.96,6.644,5.733,0.5631,7.543,2.301,3.26,0.5434,6.123,6.044,5.704,0.5095,5.143,6.274,4.847,0.2404,6.334,4.105,2.949,0.773,6.197,5.564,3.882,0.2714,6.919,3.59,4.566,0.4156,4.501,6.195,2.931,0.3781,9.403,3.902,2.206,0.4833,7.104,3.737,3.872,0.6577,8.42,5.578,4.361,0.2958,7.353,5.728,2.732,0.4525,6.301,4.973,4.315,0.4006,5.395,2.775,4.4,0.4155,6.611,5.917,4.431,0.7281,6.117,6.84,4.645,0.398,9.106,4.141,3.489,0.6347,3.868,6.556,3.757,0.2479,7.366,4.268,1.924,0.3624,5.729,6.275,4.719,0.4276,7.598,6.006,5.388,0.7575,7.676,6.542,2.195,0.5143,4.999,4.701,1.391,0.3416,5.989,5.672,5.656,0.793,8.73,2.931,3.968,0.6415,7.898,4.806,3.354,0.6763,7.998,6.505,3.394,0.2738,5.717,3.295,2.38,0.5401,5.983,6.147,3.395,0.3447,7.861,3.789,3.216,0.5273,7.733,6.548,4.329,0.6825,5.035,2.835,5.675,0.5169,4.573,6.616,5.684,0.593,5.436,3.766,2.088,0.8074,4.24,5.867,4.524,0.4701,4.636,6.119,2.241,0.4386,5.152,5.627,3.37,0.5194,8.039,6.043,4.952,0.7009,4.919,6.893,3.504,0.8344,8.232,5.838,2.511,0.4349,5.732,3.239,3.234,0.4986,5.308,5.128,2.448,0.3077,6.338,4.252,3.905,0.651,7.087,5.14,5.002,0.5025,6.688,6.91,2.963,0.506,6.457,6.949,3.236,0.3868,7.14,3.034,1.954,0.8007,8.041,3.888,3.719,0.6156,5.687,3.434,2.038,0.2699,8.319,3.181,3.051,0.4047,8.227,5.762,5.859,0.7071,4.316,3.662,4.374,0.6071,8.422,6.1,3.517,0.5698,6.242,3.388,4.397,0.5254,8.984,5.693,4.303,0.383,6.439,5.008,3.881,0.5329,4.94,3.501,2.899,0.663,8.164,7.635,4.536,0.6736,6.66,3.947,4.463,0.5136,7.802,7.072,5.221,0.4492,6.001,5.395,5.384,0.5974,4.633,6.171,5.417,0.5235,4.976,5.841,3.271,0.5036,6.039,4.219,2.101,0.7933,5.353,4.697,5.75,0.5081,6.473,4.76,5.712,0.4969,6.659,5.65,3.541,0.6587,7.528,2.858,2.509,0.6543,6.038,4.174,5.207,0.7645,4.521,3.915,4.453,0.6211,6.41,6.65,5.634,0.7259,4.959,4.816,3.338,0.6929,6.181,3.003,4.208,0.4671,4.427,4.777,4.917,0.3026,4.993,6.627,3.733,0.4876,8.022,4.08,5.624,0.7873,6.77,2.718,5.645,0.6239,5.766,4.772,2.402,0.4759,4.278,5.978,4.661,0.3373,6.896,6.523,2.687,0.5132,9.087,4.764,3.645,0.4864,4.092,5.462,5.648,0.5168,6.246,6.563,5.066,0.6982,7.403,2.342,4.734,0.4646,4.871,3.488,4.357,0.5089,3.902,4.044,2.59,0.6826,8.013,4.343,2.028,0.571,7.039,5.254,4.155,0.6585,4.324,4.102,2.441,0.566,4.133,5.812,2.516,0.7397,4.276,6.248,4.961,0.3179,4.608,4.715,2.367,0.4877,5.81,6.27,4.817,0.5754,6.457,3.106,4.451,0.6574,6.211,5.481,4.108,0.4551,6.761,3.376,4.585,0.4064,4.66,5.52,4.077,0.6363
ZF_07_Untu_R7,Animal_07,Untutored_Isolate,0,0.0726,0.4964,0.1865,0.1137,0.1226,0.0809,7.899,7.302,3.923,0.4414,4.414,6.406,4.629,0.6082,10.16,7.093,2.739,0.653,7.718,5.975,1.583,0.5524,8.357,8.917,1.89,0.4322,8.817,6.418,1.106,0.2602,9.412,7.727,3.504,0.626,7.463,6.535,2.077,0.391,7.982,6.404,5.259,0.4003,10.46,7.985,4.166,0.4031,7.924,6.036,2.592,0.588,8.232,8.643,2.199,0.8084,7.328,4.57,3.941,0.7184,6.073,3.482,5.16,0.3913,5.213,7.136,5.024,0.6477,8.459,3.784,4.15,0.5832,8.6,3.327,3.889,0.4141,5.546,4.35,3.253,0.694,8.684,6.134,4.545,0.6946,5.577,3.29,3.792,0.4916,6.235,6.023,5.469,0.421,4.417,6.78,2.439,0.3334,5.157,6.268,4.077,0.3405,5.616,5.872,5.715,0.6609,6.883,3.772,3.154,0.6245,8.975,3.681,5.195,0.6855,5.412,7.865,3.482,0.4133,5.419,2.449,4.684,0.6486,7.257,6.056,2.43,0.4338,6.331,4.044,2.548,0.5766,5.27,5.215,3.957,0.5674,4.871,4.381,5.332,0.416,5.195,4.996,3.99,0.5621,6.081,6.833,3.939,0.5559,5.467,8.035,0.863,0.6799,8.816,4.421,4.859,0.6103,7.55,4.775,2.813,0.4409,6.386,7.237,3.136,0.2802,6.755,6.583,2.417,0.732,4.422,4.527,3.152,0.4055,7.068,6.172,2.165,0.677,6.186,6.153,5.375,0.7814,4.391,2.591,3.464,0.7773,5.883,6.519,4.281,0.5322,4.854,5.192,3.298,0.3188,9.047,6.47,3.942,0.5027,5.995,5.391,2.76,0.3331,8.178,4.559,3.552,0.535,7.685,6.685,2.502,0.558,9.674,4.698,1.559,0.6653,5.751,6.717,2.575,0.4221,7.689,6.028,0.882,0.445,7.171,5.752,4.574,0.7062,8.789,7.348,2.266,0.5626,8.2,2.578,2.872,0.6135,4.928,2.825,3.046,0.5576,5.78,2.616,2.935,0.655,5.205,5.141,4.47,0.7496,6.833,2.991,3.994,0.6564,8.463,3.491,1.976,0.5086,8.196,6.694,5.333,0.6414,4.85,5.476,3.349,0.3008,5.174,5.027,3.302,0.4163,5.801,3.64,5.213,0.5749,5.192,3.438,4.493,0.6963,3.981,3.391,5.499,0.5717,4.421,7.015,3.889,0.6508,4.143,3.047,2.983,0.6608,5.707,9.055,1.38,0.6453,6.367,4.959,2.917,0.3655,4.964,6.548,2.631,0.3587,6.321,8.248,4.242,0.2351,6.411,4.851,3.026,0.521,5.635,4.139,2.134,0.7608,8.302,2.719,5.049,0.5474,7.318,5.758,5.611,0.6903,4.753,4.22,4.983,0.4348,8.343,4.772,2.821,0.4966,7.974,6.548,3.212,0.764,5.438,3.381,5.298,0.8334,5.335,8.236,3.445,0.417,5.346,2.869,5.45,0.4481,4.37,6.663,3.623,0.3993,6.182,3.313,4.221,0.4185,6.002,4.303,4.952,0.8281,5.508,6.683,3.391,0.4575,7.204,6.39,4.653,0.6329,7.986,7.167,2.456,0.7344,9.006,2.405,3.753,0.6374,8.447,3.544,3.121,0.3297,7.405,4.767,5.123,0.473,4.284,3.517,3.753,0.427,5.898,2.649,4.64,0.5483,7.099,6.73,4.31,0.7325,5.041,4.005,4.071,0.5986,8.442,6.384,3.239,0.5728,4.876,6.788,3.841,0.7178,4.559,3.151,4.958,0.3886,5.417,3.949,2.842,0.5156,8.256,3.942,2.918,0.3165,5.946,5.277,3.582,0.3198,5.385,4.963,4.343,0.3994,6.047,6.628,4.648,0.4264,4.653,6.821,3.123,0.5968,5.722,4.298,3.213,0.4245,4.73,6.008,3.798,0.6765,3.91,2.293,3.792,0.645,7.259,3.15,6.162,0.6789,5.604,6.106,5.042,0.6126,7.512,3.669,3.293,0.5297,9.803,6.184,1.96,0.3657,5.523,5.809,4.994,0.3735,7.701,3.062,4.652,0.4343,7.663,2.84,2.588,0.7559,7.413,4.528,5.569,0.755,4.686,5.391,2.147,0.6895,5.807,6.907,4.92,0.6658,4.54,4.553,4.518,0.4072,4.293,3.482,5.221,0.6965,7.417,3.41,2.866,0.4353
ZF_08_Untu_R8,Animal_08,Untutored_Isolate,0,0.0198,0.52,0.1669,0.1347,0.1079,0.0705,7.128,7.727,3.361,0.5865,6.882,4.608,3.0,0.4888,9.57,7.247,1.806,0.4128,6.411,6.225,1.354,0.6673,7.247,6.385,4.789,0.5299,8.853,4.362,3.501,0.6871,7.449,6.544,5.047,0.4752,9.322,3.442,2.757,0.5917,8.284,6.521,2.716,0.7095,6.435,7.963,4.542,0.5308,4.498,5.956,2.541,0.4186,9.102,5.093,3.525,0.6576,4.498,2.593,2.397,0.3709,8.065,2.58,3.081,0.4236,8.66,5.598,3.107,0.6549,7.812,4.183,5.789,0.3878,4.206,5.872,2.978,0.3386,6.353,5.342,4.051,0.4742,8.074,3.76,2.827,0.3418,4.053,3.668,4.052,0.8444,4.918,3.913,2.186,0.6289,8.176,5.534,3.13,0.3707,4.454,6.254,4.107,0.8384,9.06,3.704,1.918,0.4782,6.409,5.323,1.934,0.4697,8.655,3.376,5.369,0.3815,5.212,4.595,2.368,0.6321,3.465,2.329,2.632,0.3632,8.088,8.487,3.02,0.402,5.938,6.155,3.461,0.7403,4.428,4.683,5.018,0.5661,6.443,3.896,1.84,0.3538,4.339,5.306,3.842,0.3959,5.756,6.783,5.031,0.3561,8.092,3.911,2.986,0.4789,5.027,3.004,5.26,0.7389,7.847,6.219,6.541,0.7321,7.909,7.949,2.93,0.7119,4.603,5.312,3.339,0.7924,9.187,5.064,5.238,0.6542,4.374,5.132,3.302,0.3492,4.364,3.658,4.788,0.593,4.565,6.426,4.307,0.4672,5.877,2.922,4.342,0.7265,5.961,3.07,5.209,0.6689,9.288,5.363,2.815,0.62,6.428,4.653,2.987,0.5923,4.891,5.16,3.964,0.5309,6.852,3.684,4.355,0.5656,7.594,6.193,2.61,0.5369,5.043,5.98,4.383,0.3665,9.206,7.246,3.436,0.4515,7.592,1.886,3.563,0.3051,7.882,6.374,2.63,0.428,7.635,6.9,4.287,0.6424,7.252,5.866,4.741,0.6818,4.907,6.831,4.411,0.7147,6.909,5.118,2.678,0.6038,5.821,6.355,4.44,0.2994,7.421,5.735,4.0,0.5297,8.472,3.392,2.717,0.7062,5.046,6.473,3.981,0.3348,5.942,3.03,3.149,0.6778,6.942,4.525,3.968,0.3931,4.486,6.41,4.425,0.5751,4.19,3.924,5.123,0.3775,6.613,6.774,4.4,0.3759,4.669,6.901,4.01,0.6784,7.177,5.722,4.141,0.5467,6.963,3.27,4.169,0.6135,5.572,6.431,3.716,0.7013,8.246,5.957,3.602,0.6216,5.907,5.401,3.481,0.3681,4.49,5.199,5.656,0.6648,6.373,6.887,4.129,0.4437,5.923,6.14,2.389,0.589,8.441,5.52,5.204,0.3411,3.907,2.899,4.812,0.3149,6.856,3.454,3.866,0.4789,4.406,2.594,1.965,0.4288,8.029,6.927,4.362,0.7345,4.864,4.068,3.226,0.6375,7.574,4.361,3.545,0.7889,7.189,3.893,3.386,0.5983,8.392,4.444,5.467,0.5572,8.705,6.942,4.733,0.3787,7.209,6.425,2.373,0.4182,5.126,6.153,2.864,0.6848,5.522,6.816,3.517,0.4645,4.964,2.457,2.795,0.5293,4.255,5.634,2.816,0.4929,6.814,3.885,3.037,0.6162,4.792,6.271,2.635,0.7028,8.345,4.636,5.168,0.4201,6.139,5.879,4.088,0.7516,8.642,7.381,2.625,0.402,7.066,4.732,5.32,0.7104,7.123,4.077,4.829,0.5496,8.001,6.805,2.971,0.6798,7.173,4.007,3.418,0.7827,7.099,6.094,2.808,0.6047,4.52,6.691,2.611,0.3214,4.294,5.326,4.058,0.6234,6.726,2.031,2.777,0.7004,5.875,4.079,3.45,0.3552,8.28,2.931,3.802,0.3176,8.052,3.989,5.202,0.6587,8.509,6.581,3.784,0.7174,8.415,4.645,5.548,0.694,6.995,4.214,4.694,0.3749,4.896,2.761,4.565,0.6073,8.298,4.126,5.427,0.8185,6.829,6.298,5.093,0.7548,7.782,2.874,3.485,0.6937,6.761,2.244,4.124,0.5722,6.847,3.345,2.435,0.4849,7.721,5.762,2.254,0.4085,5.096,2.931,5.032,0.4997,5.597,2.674,3.436,0.5856,8.848,3.153,4.061,0.4659
ZF_09_Untu_R9,Animal_09,Untutored_Isolate,0,0.0,0.5145,0.1994,0.1214,0.1001,0.0646,5.112,8.187,3.34,0.2325,8.063,5.507,3.065,0.6038,6.157,7.529,2.141,0.6033,6.368,6.365,3.747,0.6577,5.602,4.075,4.684,0.244,6.037,5.331,4.555,0.6355,7.74,7.844,2.501,0.612,8.238,5.624,4.229,0.6883,7.748,5.394,4.632,0.5082,7.097,6.622,3.893,0.4073,7.065,6.986,3.014,0.5689,5.659,6.564,2.909,0.7521,3.952,3.591,5.601,0.625,6.784,6.134,2.918,0.3486,7.472,5.247,4.013,0.4155,7.125,5.481,5.019,0.5275,7.44,2.489,2.585,0.4881,6.266,3.994,2.181,0.4482,9.082,6.178,3.681,0.5623,5.194,6.037,3.781,0.5144,6.628,4.326,4.983,0.5517,4.337,5.174,4.955,0.6284,4.373,5.301,6.044,0.5775,7.453,6.675,4.593,0.6604,8.944,3.044,5.741,0.7908,8.238,2.798,5.646,0.3932,7.942,4.938,4.673,0.3341,5.038,6.482,3.637,0.6025,8.199,6.346,3.018,0.3427,5.917,4.306,5.291,0.4262,7.162,4.419,3.603,0.774,3.744,5.943,3.587,0.7792,6.388,5.312,4.162,0.6442,4.447,4.649,4.469,0.5817,6.375,6.922,2.316,0.3441,4.255,4.248,4.066,0.4647,8.928,6.84,3.402,0.3192,8.294,5.455,1.703,0.3261,7.832,5.486,2.85,0.4818,8.138,3.092,3.195,0.8674,7.077,5.491,3.061,0.401,8.139,2.414,2.642,0.3688,6.841,7.033,4.669,0.4331,5.852,2.905,3.476,0.5044,4.917,4.386,2.429,0.3629,5.001,6.157,4.483,0.7001,7.465,6.879,3.103,0.378,5.584,4.594,3.806,0.5774,5.25,2.635,2.012,0.6711,8.968,7.148,5.087,0.6029,9.062,6.512,5.098,0.4974,6.233,6.321,3.085,0.5765,9.07,4.974,4.33,0.4483,8.224,5.642,4.852,0.6519,4.998,5.319,2.155,0.381,5.838,3.043,4.014,0.8911,6.109,1.852,2.611,0.7309,8.046,6.801,5.562,0.5734,3.841,5.378,3.552,0.3928,5.787,4.758,2.607,0.7504,7.626,3.371,4.595,0.4385,7.41,5.379,3.36,0.6656,8.611,4.757,6.319,0.5422,4.589,2.817,4.911,0.6013,7.33,6.991,4.351,0.5665,4.136,6.568,4.291,0.5793,5.623,5.93,4.695,0.4552,8.096,2.726,4.04,0.614,6.638,5.486,3.833,0.4101,8.942,5.048,5.274,0.3126,6.11,4.923,4.229,0.6366,6.376,8.09,4.891,0.7468,8.037,4.43,3.321,0.6715,8.635,4.96,3.671,0.6502,7.109,5.517,2.906,0.4697,4.466,5.498,3.384,0.5804,6.22,5.308,2.381,0.4426,4.362,3.728,2.471,0.6332,8.072,3.051,5.026,0.4699,7.88,5.749,2.05,0.346,9.809,5.736,2.906,0.529,8.117,4.353,5.45,0.8312,5.468,3.43,5.443,0.3079,5.222,5.286,4.681,0.6355,6.335,3.35,1.995,0.4636,4.653,7.463,3.941,0.5616,5.525,3.825,3.901,0.3842,9.186,3.072,5.119,0.4197,7.519,3.168,4.658,0.6459,8.828,3.464,4.597,0.4676,5.662,6.335,4.625,0.4161,8.82,6.586,3.208,0.4868,7.009,6.096,2.857,0.5818,7.414,3.926,4.263,0.5231,7.105,4.903,4.514,0.6512,5.744,3.978,3.713,0.3944,5.771,2.95,5.103,0.5233,8.879,6.937,3.669,0.7504,3.944,5.878,3.149,0.4031,7.48,3.487,3.649,0.5089,9.334,5.161,3.538,0.7542,7.437,4.806,4.868,0.6547,4.923,6.575,1.764,0.5892,7.449,4.618,5.365,0.7239,5.695,4.636,5.044,0.4109,7.672,5.85,3.202,0.4764,6.751,5.989,5.239,0.5736,4.746,6.747,5.352,0.3113,8.647,4.322,3.061,0.8158,4.867,5.794,4.267,0.4592,4.535,5.028,4.681,0.3954,6.118,4.602,3.168,0.4415,4.951,7.365,2.925,0.6048,6.692,2.718,2.683,0.8049,4.588,4.364,3.349,0.5007,7.892,4.673,4.192,0.5548,3.864,5.791,3.344,0.484,4.742,5.894,5.529,0.6688,5.036,6.716,1.511,0.7014,5.319,4.836,5.188,0.6772
ZF_10_Untu_R10,Animal_10,Untutored_Isolate,0,0.0,0.5127,0.1872,0.1309,0.1051,0.0642,7.506,6.687,3.519,0.2907,6.762,6.858,3.505,0.5467,4.408,5.938,4.508,0.7389,8.391,5.896,3.087,0.416,5.229,4.007,3.842,0.2232,6.617,5.727,3.299,0.4357,5.733,5.813,6.221,0.6928,8.443,3.407,2.17,0.4004,9.154,7.097,5.653,0.4545,8.049,5.917,3.763,0.5466,8.165,6.975,2.385,0.4142,7.793,8.088,2.748,0.6656,5.557,4.902,2.577,0.4018,7.841,4.776,2.356,0.7177,7.188,3.048,5.936,0.3327,5.539,6.561,3.855,0.4575,6.931,5.361,5.265,0.5256,6.463,6.629,4.16,0.3317,6.47,6.288,4.504,0.6146,5.014,5.823,1.673,0.4361,4.417,6.2,4.087,0.7433,7.652,5.449,5.109,0.6878,9.146,6.36,5.864,0.4565,5.319,4.596,3.39,0.3942,6.409,6.1,4.102,0.629,3.981,6.639,4.687,0.688,7.598,5.851,1.486,0.4301,8.42,6.893,2.564,0.6779,5.822,3.867,3.805,0.286,9.285,5.788,2.834,0.3357,4.529,5.184,4.827,0.356,5.051,3.413,2.716,0.7725,5.353,6.423,3.857,0.5172,8.795,5.07,4.476,0.3394,7.417,3.787,4.434,0.4801,7.096,5.726,4.812,0.3577,7.412,5.112,4.843,0.3833,5.795,7.945,4.488,0.256,9.1,5.54,4.02,0.3732,7.341,2.674,4.785,0.4635,7.24,5.774,4.355,0.4223,6.595,6.179,2.933,0.5688,6.269,6.239,5.733,0.5687,7.835,3.865,2.605,0.7195,5.867,5.871,4.231,0.4549,8.301,6.05,3.728,0.6425,8.582,5.72,3.584,0.3499,5.918,3.717,4.437,0.4613,4.09,4.701,5.021,0.4843,8.136,5.193,4.108,0.5856,7.354,5.26,6.003,0.7239,4.582,6.917,4.453,0.4676,4.767,6.874,5.295,0.5867,7.321,5.945,3.358,0.3238,8.901,6.896,5.74,0.5399,4.119,2.424,2.467,0.3399,7.758,3.495,3.859,0.4888,6.824,2.833,3.821,0.5822,4.893,5.556,5.578,0.3206,8.574,3.28,5.353,0.3015,8.757,6.675,1.682,0.3914,5.282,2.584,2.144,0.6583,4.748,4.672,4.321,0.3883,7.764,4.792,2.308,0.7866,6.513,5.154,5.633,0.6983,8.355,5.422,5.667,0.5656,8.308,4.57,5.358,0.5535,7.006,4.267,3.744,0.4163,7.914,7.633,4.805,0.4605,8.865,4.79,2.469,0.2861,7.172,6.573,4.15,0.6667,9.067,2.973,1.932,0.4438,6.728,5.653,5.657,0.7855,5.623,2.732,3.783,0.5152,7.061,5.891,3.616,0.7585,8.269,3.702,4.485,0.5856,8.604,3.478,2.47,0.3234,6.236,3.893,5.05,0.6607,5.195,5.572,3.822,0.4424,3.904,3.211,3.211,0.678,5.843,3.794,5.14,0.4262,8.936,4.32,1.813,0.5363,4.792,5.318,6.097,0.6805,7.23,4.706,3.138,0.6258,7.258,2.705,3.651,0.7292,8.35,6.654,1.848,0.4449,5.395,5.444,6.102,0.5903,5.282,4.288,2.911,0.4332,5.883,4.587,5.338,0.2726,7.761,6.802,3.958,0.6527,4.251,3.734,2.662,0.8096,8.532,4.797,5.118,0.3689,5.56,6.641,1.648,0.5372,7.626,4.183,6.146,0.3794,8.94,4.876,2.475,0.4038,8.779,3.345,3.37,0.2896,8.379,5.721,5.039,0.2888,8.992,6.942,5.123,0.5572,6.698,6.296,5.0,0.332,5.075,6.921,4.077,0.5954,5.977,3.722,3.082,0.6755,4.973,6.158,4.483,0.6252,3.865,6.561,3.527,0.4123,8.73,3.468,1.847,0.7039,6.088,6.463,1.961,0.5507,8.706,4.088,3.524,0.4604,8.774,5.599,2.858,0.6277,5.17,4.658,1.802,0.6876,5.43,3.984,5.34,0.5686,8.062,6.495,2.967,0.5461,6.403,3.922,6.241,0.4183,6.02,3.772,2.083,0.3284,8.508,6.108,2.142,0.5237,9.156,2.622,4.012,0.3941,6.938,4.562,3.259,0.409,7.016,5.974,4.278,0.3218,4.703,4.194,6.106,0.5266,7.44,7.031,4.951,0.7274,6.429,3.728,3.207,0.3238,5.968,6.059,3.587,0.6169
ZF_11_Tuto_R1,Animal_11,Tutored_Early_24h,24,0.3298,0.5175,0.1872,0.1292,0.0916,0.0745,9.921,8.089,0.1,0.3482,7.594,6.794,1.75,0.5858,10.731,10.849,0.211,0.0713,11.17,9.59,1.433,0.544,7.438,11.448,0.754,0.4707,7.439,7.609,0.129,0.071,8.626,4.042,5.626,0.6332,6.212,8.251,3.348,0.02,10.027,8.771,2.896,0.1172,8.061,5.269,5.354,0.4607,4.091,2.966,2.049,0.3882,6.968,4.777,2.923,0.8295,8.219,4.939,3.912,0.2491,6.202,4.455,5.471,0.7173,7.859,7.081,2.074,0.7462,8.246,5.618,5.091,0.3774,9.34,4.105,2.883,0.4476,7.828,6.852,0.854,0.0997,5.676,3.197,5.915,0.6632,5.499,3.537,4.829,0.7901,6.792,5.576,3.895,0.4164,4.736,6.421,2.171,0.4084,7.581,2.989,2.699,0.8495,8.751,5.153,4.482,0.609,6.724,3.513,6.104,0.4901,7.158,5.326,4.182,0.51,8.908,11.407,1.737,0.3209,4.381,6.848,6.24,0.7307,7.632,9.546,1.869,0.5081,4.925,5.82,5.636,0.4586,8.34,5.15,3.837,0.4728,6.958,3.935,3.398,0.382,7.472,3.185,5.219,0.6261,7.797,2.588,5.243,0.295,10.991,9.305,2.302,0.2725,7.674,5.826,4.134,0.4396,6.502,6.329,4.731,0.4521,7.417,10.308,0.1,0.3823,8.738,7.048,5.898,0.4535,7.98,5.73,3.993,0.3472,6.665,3.182,3.367,0.7178,4.781,6.103,4.61,0.751,4.915,5.557,3.545,0.8637,6.745,4.474,3.229,0.3264,6.192,3.898,3.734,0.5571,11.578,7.774,0.301,0.1162,7.193,3.319,3.542,0.6445,6.146,5.499,2.873,0.5371,7.921,5.748,5.035,0.3713,8.033,8.973,0.809,0.2104,7.467,6.735,3.991,0.6283,6.803,8.565,0.1,0.4011,7.047,3.805,4.689,0.3561,8.853,7.031,2.933,0.5644,6.66,5.474,2.281,0.3388,5.918,6.787,2.45,0.6506,5.31,4.395,1.774,0.6865,5.031,2.233,4.48,0.554,4.047,5.265,3.326,0.8317,7.022,5.194,3.763,0.5055,4.917,5.096,4.323,0.6887,4.338,6.647,3.478,0.5297,6.414,3.963,3.196,0.3261,5.841,2.839,4.515,0.3993,4.682,3.735,2.438,0.8058,8.128,4.914,4.159,0.5773,5.444,3.659,4.661,0.6692,5.823,6.156,2.952,0.3282,11.253,10.838,1.527,0.419,5.666,4.667,4.395,0.7152,8.982,2.873,3.553,0.3356,7.659,11.442,2.202,0.3428,4.075,3.474,4.197,0.3984,8.37,3.577,3.295,0.2549,7.459,3.43,2.594,0.7202,8.66,4.606,2.535,0.4624,6.094,3.508,3.873,0.4753,4.745,3.413,5.72,0.7173,6.701,6.711,3.945,0.4322,5.924,4.911,4.042,0.8633,10.319,9.296,0.886,0.1277,6.106,3.624,4.827,0.3867,4.971,2.825,5.689,0.7048,8.251,5.137,3.766,0.6864,7.11,5.55,3.869,0.8139,6.858,9.242,0.458,0.0466,8.628,5.926,3.969,0.3541,7.375,4.979,5.295,0.7184,5.911,4.465,3.585,0.2146,6.669,3.287,2.687,0.305,4.56,6.753,3.596,0.635,6.133,5.636,4.334,0.6519,6.295,3.485,4.345,0.4407,5.057,4.241,5.896,0.5575,4.159,7.46,5.889,0.6689,5.084,3.369,4.847,0.383,4.328,3.365,2.557,0.7132,6.284,5.247,3.017,0.5752,9.589,7.192,3.557,0.6172,5.201,5.821,6.191,0.606,8.054,5.089,1.856,0.6216,7.746,5.458,2.91,0.2213,7.403,5.343,2.299,0.5129,5.552,3.164,5.417,0.6003,4.715,6.041,2.255,0.4268,8.11,2.961,3.694,0.3755,6.577,5.033,4.98,0.5494,4.653,4.033,4.278,0.8104,8.743,6.224,5.254,0.4934,6.573,2.831,2.744,0.4856,8.449,2.643,5.319,0.7074,5.706,3.571,3.134,0.7862,3.442,5.302,4.093,0.6934,4.048,5.378,3.574,0.8299,5.613,6.499,3.802,0.6942,8.394,6.125,2.734,0.648,4.423,6.519,5.399,0.5151,8.139,6.408,6.341,0.7317,6.142,3.986,2.623,0.6228,8.573,5.344,2.766,0.7142
ZF_12_Tuto_R2,Animal_12,Tutored_Early_24h,24,0.3295,0.5179,0.1898,0.1144,0.1119,0.066,11.738,8.18,0.1,0.3565,9.842,3.549,1.324,0.6487,9.392,11.781,0.1,0.2125,9.755,9.488,2.158,0.1799,8.785,9.04,0.1,0.412,6.99,8.784,0.1,0.109,6.477,4.611,5.597,0.762,8.896,6.927,1.542,0.3239,7.259,9.13,3.338,0.382,6.564,7.654,5.794,0.8111,8.674,6.889,3.374,0.4185,5.895,8.332,4.537,0.5192,7.331,7.062,1.684,0.5588,7.249,5.153,4.774,0.3613,5.1,3.884,2.276,0.5452,8.923,6.48,2.104,0.2238,6.291,3.982,4.96,0.2548,9.422,6.099,1.984,0.0533,8.297,3.724,3.866,0.4015,5.457,5.433,5.783,0.4236,7.21,7.459,2.132,0.1999,6.438,6.895,3.507,0.6258,8.459,2.429,5.589,0.4242,5.855,4.33,5.567,0.7843,6.152,3.874,4.154,0.6448,3.824,4.258,2.735,0.8432,11.518,7.917,0.1,0.057,6.202,5.555,4.009,0.5769,7.241,8.27,2.138,0.5253,6.924,6.31,5.795,0.7844,7.828,6.289,2.906,0.3708,5.715,5.669,4.086,0.5072,7.009,6.654,5.31,0.3553,9.055,5.431,5.905,0.6107,9.003,11.766,0.1,0.1343,5.422,6.462,5.651,0.6288,5.624,6.247,2.188,0.6161,8.194,10.566,1.904,0.5094,5.229,6.576,2.249,0.5941,4.371,4.946,2.225,0.6944,8.371,4.805,3.717,0.565,8.475,5.81,5.824,0.288,6.584,3.432,4.005,0.6283,6.298,3.517,1.696,0.4306,7.259,6.814,2.548,0.5385,9.262,11.499,0.1,0.3697,4.212,4.253,4.22,0.7439,5.409,4.174,3.258,0.5244,9.266,2.888,4.404,0.4379,9.173,7.534,0.609,0.1971,8.389,4.58,1.493,0.4947,7.568,8.44,2.222,0.261,8.291,5.207,6.49,0.7352,7.092,4.538,4.651,0.4968,7.861,4.446,5.447,0.4227,6.863,1.84,4.301,0.5286,6.934,5.865,4.523,0.4289,7.079,2.681,5.498,0.6402,5.201,6.163,3.22,0.7162,5.18,2.698,4.644,0.7842,7.256,6.15,3.15,0.614,9.482,3.353,3.761,0.3947,5.788,5.579,4.708,0.3396,6.01,6.607,3.056,0.6255,4.603,2.967,2.716,0.3178,6.281,3.368,5.733,0.4586,8.705,7.005,3.693,0.4597,8.451,3.483,3.507,0.4722,8.789,8.497,2.712,0.1362,6.946,6.652,4.554,0.7584,6.134,2.365,4.133,0.4504,7.707,10.023,0.287,0.1207,4.613,6.637,2.782,0.541,6.17,5.619,3.072,0.4288,5.224,4.506,3.046,0.6917,9.294,4.901,4.192,0.7305,8.689,4.964,3.943,0.3434,9.608,5.54,4.673,0.441,8.318,5.14,3.912,0.3516,3.617,5.626,3.92,0.5159,8.709,11.581,0.932,0.0849,8.487,7.081,5.559,0.6516,6.817,5.944,3.61,0.5248,7.626,5.972,5.026,0.6158,4.506,5.978,2.121,0.6207,7.272,10.905,0.285,0.2947,9.128,3.5,2.339,0.4031,4.136,4.671,4.277,0.7605,7.582,3.695,5.03,0.289,7.231,3.124,3.19,0.3625,6.185,6.445,4.699,0.3149,4.695,2.864,4.235,0.3231,5.785,5.628,4.503,0.695,6.634,4.712,4.849,0.4799,8.011,3.98,5.293,0.7664,6.151,4.729,5.861,0.5273,8.388,5.099,3.756,0.5608,4.571,4.596,4.742,0.6777,6.413,3.711,5.173,0.4382,4.01,6.245,3.142,0.5497,5.593,7.579,5.4,0.6109,7.149,3.944,4.712,0.3696,7.109,5.791,3.102,0.7178,7.253,3.178,3.614,0.4092,8.978,6.63,4.317,0.3653,7.65,4.83,2.448,0.5093,4.55,5.553,5.957,0.7163,8.645,5.808,3.443,0.6494,5.238,5.274,3.025,0.5508,8.222,6.265,4.313,0.6804,8.771,3.036,3.548,0.4094,6.324,2.979,4.517,0.8413,5.506,5.946,4.658,0.6055,5.446,3.094,4.603,0.4545,6.396,3.33,6.418,0.82,6.766,6.645,4.246,0.3042,4.75,4.955,3.466,0.7048,5.759,5.42,2.92,0.6486,6.41,4.008,5.911,0.7665,5.775,4.926,2.413,0.7698
ZF_13_Tuto_R3,Animal_13,Tutored_Early_24h,24,0.3517,0.5201,0.1891,0.1145,0.1049,0.0714,8.145,10.396,2.64,0.1576,9.87,4.737,3.364,0.2158,8.772,11.006,1.087,0.2519,10.546,10.719,1.973,0.1237,9.479,8.553,1.921,0.3338,9.336,10.195,2.5,0.4475,8.932,6.67,3.985,0.6988,11.066,6.753,1.995,0.02,8.223,7.714,0.1,0.3797,6.378,7.236,2.829,0.4175,6.168,5.437,2.349,0.7391,5.131,8.308,4.548,0.7065,5.771,7.078,2.904,0.615,7.714,4.989,2.211,0.4444,10.176,3.059,3.142,0.3718,9.908,4.929,4.142,0.3023,6.789,4.957,3.607,0.2206,7.307,8.089,0.53,0.2665,7.552,4.59,3.106,0.4096,6.08,6.862,2.878,0.7665,7.548,4.003,3.607,0.3959,6.116,3.34,2.83,0.737,3.94,4.839,3.88,0.5977,8.407,4.178,3.65,0.4463,7.129,4.621,6.373,0.4764,9.049,6.032,6.223,0.4385,8.601,11.089,1.452,0.4288,3.884,3.923,4.464,0.7542,8.204,10.033,0.1,0.4609,8.781,4.191,2.866,0.4614,6.721,4.46,3.697,0.5124,4.166,2.99,4.698,0.3905,6.071,4.572,5.044,0.709,6.741,3.181,3.925,0.2836,8.118,7.719,2.338,0.2746,9.178,6.168,3.047,0.5853,7.568,6.125,5.94,0.3933,11.176,8.833,1.2,0.3812,5.406,3.238,3.703,0.2843,6.148,5.426,2.853,0.5894,4.443,4.783,5.529,0.6909,5.795,4.792,2.095,0.5092,5.292,6.377,3.761,0.7834,7.295,2.936,2.67,0.6782,5.387,6.4,2.458,0.6176,8.339,7.908,2.178,0.2049,8.688,4.788,5.734,0.5887,9.478,4.164,4.409,0.2829,4.41,6.971,5.77,0.6053,8.646,11.61,0.1,0.353,9.05,4.559,4.454,0.3062,11.354,10.724,0.45,0.0548,6.673,2.872,3.725,0.7421,5.199,7.024,4.835,0.6395,5.814,5.42,4.417,0.6569,4.8,6.021,3.451,0.4815,6.758,3.402,4.066,0.4335,7.04,3.357,2.73,0.29,3.403,5.011,5.688,0.7844,4.816,6.492,4.958,0.4114,7.583,5.46,4.76,0.4952,7.905,6.148,3.168,0.7241,7.645,4.468,4.398,0.8458,8.569,4.945,1.768,0.6566,4.392,3.483,1.996,0.4876,4.693,4.315,5.764,0.6556,6.55,3.748,2.166,0.6722,7.43,6.665,3.044,0.646,11.869,8.016,1.641,0.4811,7.142,6.228,2.214,0.5614,8.736,3.486,2.353,0.3649,11.07,8.392,0.1,0.296,7.076,4.775,2.848,0.3202,7.537,6.429,4.264,0.5636,5.925,4.456,2.14,0.4248,3.937,4.671,4.163,0.388,8.064,4.872,3.706,0.4351,6.113,2.964,2.319,0.3374,7.374,4.896,2.839,0.575,4.623,5.433,6.293,0.7007,7.75,11.987,1.998,0.1195,6.222,4.878,3.789,0.7369,4.196,5.401,5.27,0.3119,8.206,4.679,5.325,0.7829,4.697,4.636,4.068,0.75,7.151,9.326,0.1,0.5677,4.391,3.564,3.19,0.6902,6.972,5.96,2.562,0.7839,6.065,6.859,4.71,0.6368,6.501,5.577,2.239,0.7344,7.196,4.49,4.18,0.3799,7.972,5.083,4.233,0.6641,5.371,4.568,2.531,0.3753,4.847,5.578,2.922,0.5619,5.302,6.638,5.066,0.4812,6.426,4.898,4.384,0.3002,3.33,5.643,4.277,0.4858,4.724,3.018,3.007,0.3408,8.367,5.678,2.741,0.3109,4.5,4.507,1.825,0.5065,8.589,7.608,3.833,0.2849,7.245,3.958,4.62,0.3947,7.055,4.615,5.93,0.7534,7.539,6.809,6.071,0.5999,7.382,2.861,2.819,0.3266,6.985,3.901,3.244,0.775,6.487,3.85,2.298,0.743,7.111,6.969,3.621,0.5358,7.382,4.686,5.917,0.6412,6.598,2.808,4.841,0.391,7.513,4.064,2.74,0.6026,3.783,3.468,3.748,0.4043,5.074,6.028,2.946,0.8351,7.37,5.611,6.114,0.6578,5.128,2.322,3.341,0.6542,5.038,4.11,5.015,0.8031,6.431,5.803,4.751,0.3662,4.729,3.871,5.542,0.4943,4.858,6.552,4.847,0.6403,5.346,3.73,4.189,0.3748
ZF_14_Tuto_R4,Animal_14,Tutored_Early_24h,24,0.35,0.529,0.175,0.1153,0.1,0.0806,9.746,10.436,2.192,0.0446,8.269,4.938,2.411,0.1764,6.845,11.385,0.905,0.3795,10.369,9.625,0.1,0.2072,11.31,11.962,1.476,0.215,10.569,11.472,0.819,0.2955,5.447,6.828,5.39,0.5705,7.604,7.513,0.53,0.0968,10.446,9.851,3.564,0.0856,6.243,5.966,5.259,0.5536,7.565,6.178,5.417,0.5437,6.224,4.56,5.714,0.5983,5.513,4.873,2.158,0.58,6.22,4.809,1.708,0.6275,8.858,4.05,4.489,0.5853,7.196,3.936,4.334,0.4351,9.578,6.402,2.28,0.4358,7.85,9.206,0.1,0.3678,4.468,5.074,3.068,0.8788,7.515,4.038,3.15,0.6761,6.926,4.397,5.309,0.6192,4.682,3.258,2.653,0.6014,6.904,2.278,2.867,0.7931,5.342,3.275,5.029,0.4913,5.55,3.798,4.319,0.4527,8.751,5.936,4.933,0.7483,7.161,8.161,2.303,0.4201,5.197,6.143,2.672,0.6079,6.945,9.39,1.966,0.0482,6.126,5.212,5.354,0.5484,6.412,6.548,6.038,0.5586,6.115,6.086,2.737,0.4886,5.687,2.572,4.453,0.5826,6.774,4.142,6.411,0.7083,11.607,8.562,1.067,0.4956,6.966,5.745,3.878,0.6395,4.62,3.755,3.503,0.5331,6.713,8.256,0.887,0.1668,7.138,6.405,4.403,0.5196,4.515,5.825,3.606,0.3021,8.143,6.449,2.353,0.8608,6.879,6.652,4.096,0.5645,6.928,3.71,4.553,0.5122,5.098,5.053,4.274,0.7017,7.789,3.829,3.51,0.3958,11.446,9.754,1.176,0.0419,4.917,5.859,3.982,0.3296,8.964,3.264,3.12,0.3348,8.204,3.059,3.217,0.7313,11.464,8.948,0.122,0.1888,6.996,5.751,2.064,0.6109,11.9,8.878,0.741,0.0783,7.091,5.15,4.411,0.4003,9.361,4.476,1.621,0.4558,6.902,5.761,1.9,0.3772,5.178,6.056,4.303,0.7691,6.428,4.123,3.438,0.6943,4.556,2.926,5.015,0.8007,6.443,2.754,3.152,0.9237,7.68,3.144,2.989,0.4384,7.332,6.632,3.922,0.361,4.818,3.4,5.782,0.4682,5.162,3.747,2.067,0.7674,7.922,3.201,2.549,0.6752,5.79,6.344,3.145,0.3083,8.409,2.757,4.821,0.5929,6.12,4.998,5.954,0.7493,5.36,4.32,4.534,0.3802,10.04,10.201,0.1,0.5402,4.281,5.037,4.378,0.6642,4.239,3.129,4.163,0.5899,10.09,9.445,2.441,0.0782,5.661,2.478,4.808,0.3144,5.866,2.835,2.004,0.2406,4.722,4.366,3.756,0.6085,7.628,3.437,5.538,0.6685,8.546,3.644,4.567,0.3397,6.912,3.564,2.61,0.3936,5.526,4.689,2.824,0.617,4.777,4.96,5.865,0.4331,9.65,10.659,0.1,0.3448,5.893,4.312,2.542,0.3639,5.498,6.456,3.666,0.8027,5.014,3.983,4.63,0.296,8.665,5.078,2.724,0.78,8.976,11.123,0.598,0.1385,5.706,6.717,3.366,0.7209,8.164,4.657,2.48,0.5639,8.843,6.364,1.329,0.2526,6.262,2.326,2.133,0.5634,4.46,6.797,3.438,0.5991,3.732,2.695,3.945,0.6427,7.642,2.908,5.77,0.5176,3.814,5.253,5.213,0.7526,8.388,2.89,3.33,0.7794,9.095,3.469,6.121,0.8196,8.256,2.284,4.217,0.6655,4.849,6.484,5.184,0.6957,5.481,6.537,5.352,0.2065,6.93,5.92,2.418,0.5263,5.938,4.546,2.107,0.5572,5.353,5.551,4.614,0.6015,4.994,2.96,5.774,0.5371,5.354,5.594,6.053,0.4792,8.139,4.172,2.733,0.5352,6.818,4.41,3.421,0.7581,6.507,4.373,4.17,0.4238,6.127,4.358,3.425,0.7095,7.097,2.629,4.525,0.543,6.521,4.708,4.6,0.584,5.693,5.176,6.032,0.5864,8.156,6.387,3.793,0.7473,4.95,5.145,5.317,0.6441,6.031,5.621,3.308,0.6451,3.15,4.254,5.394,0.5323,4.914,4.547,2.884,0.5655,7.842,4.724,4.857,0.6041,6.666,5.881,4.729,0.3368,6.792,1.896,5.553,0.2903,4.5,6.471,4.111,0.4111
ZF_15_Tuto_R5,Animal_15,Tutored_Early_24h,24,0.418,0.5158,0.2011,0.1301,0.0981,0.0549,11.37,9.294,2.52,0.517,9.251,6.141,2.663,0.5598,9.399,10.838,0.593,0.4296,6.979,7.373,2.735,0.5107,10.932,8.617,0.1,0.3853,11.198,8.133,0.1,0.2444,6.402,7.288,3.22,0.7797,6.835,6.41,0.214,0.1842,10.621,8.181,0.684,0.3168,7.882,6.248,6.277,0.6008,5.018,4.151,3.36,0.52,8.027,5.317,5.326,0.5128,7.969,3.2,3.595,0.5767,9.681,6.315,4.337,0.4811,4.978,6.265,4.72,0.4512,8.114,5.461,5.014,0.5602,6.439,6.892,1.476,0.3255,6.168,5.896,3.056,0.1537,5.41,5.047,4.58,0.7296,4.645,5.582,1.747,0.6508,9.332,3.974,2.299,0.6097,8.008,2.812,5.375,0.4422,7.319,2.81,5.595,0.5947,8.74,6.347,4.079,0.3869,5.23,5.869,2.781,0.4552,6.67,6.99,5.264,0.5187,9.804,9.797,1.649,0.0642,4.459,6.434,3.891,0.4008,10.558,7.437,1.686,0.223,8.23,6.552,3.529,0.5665,7.186,3.11,3.695,0.7044,6.373,4.586,3.458,0.4435,7.924,5.316,2.683,0.615,6.527,4.173,2.447,0.7735,10.771,9.745,0.665,0.0582,6.396,6.558,5.61,0.5857,7.847,3.003,3.64,0.395,7.47,11.244,0.811,0.5256,5.983,5.802,1.912,0.5178,7.71,6.819,2.981,0.4687,7.581,5.35,1.953,0.6404,4.285,5.128,4.208,0.5747,4.972,3.855,3.235,0.9605,5.29,6.255,4.312,0.4231,5.91,3.192,2.899,0.4415,10.674,8.6,0.1,0.198,7.996,3.811,5.229,0.2862,9.617,6.861,5.213,0.5563,6.354,5.892,4.215,0.3134,9.897,8.361,0.1,0.4069,7.608,4.166,3.184,0.627,9.782,9.194,0.659,0.5396,7.119,3.265,5.571,0.6298,10.146,6.425,4.671,0.6777,7.946,5.517,5.369,0.8435,7.671,3.928,2.474,0.3419,6.026,3.311,2.281,0.6087,3.93,4.494,3.547,0.667,8.468,5.118,6.264,0.8583,5.315,4.873,5.255,0.6708,6.304,6.292,5.674,0.3967,8.674,5.477,5.219,0.5663,4.951,3.846,5.019,0.7323,4.022,3.931,6.088,0.7768,5.388,5.627,2.475,0.4912,6.367,4.856,3.79,0.686,4.66,6.336,2.21,0.784,5.258,4.561,2.561,0.588,10.509,8.549,1.364,0.3076,7.475,5.563,1.837,0.3939,5.987,3.271,3.243,0.5524,7.393,9.24,1.277,0.5162,6.302,2.739,4.448,0.5768,7.733,4.238,2.184,0.6366,3.893,2.745,3.799,0.5334,7.948,6.033,2.93,0.6674,8.575,5.348,4.363,0.6909,5.56,3.52,6.275,0.673,8.214,3.535,5.055,0.5541,6.91,5.601,3.266,0.5572,11.63,11.783,0.1,0.1615,8.424,4.881,2.887,0.5579,9.102,3.971,5.539,0.613,4.817,5.396,1.744,0.7321,6.533,3.141,2.23,0.7256,10.385,8.007,2.591,0.3263,7.768,5.342,2.938,0.8075,6.076,3.074,5.086,0.801,7.642,3.986,4.17,0.4427,8.866,2.857,5.601,0.5589,8.226,2.528,5.732,0.8795,6.757,6.041,3.332,0.6442,7.922,4.088,2.337,0.483,8.64,6.285,1.971,0.3512,6.705,2.723,6.201,0.5186,4.946,4.442,4.734,0.5493,7.059,4.699,6.254,0.404,5.669,4.427,3.372,0.4675,5.959,7.123,2.583,0.3153,6.703,4.881,3.602,0.812,7.697,8.042,1.992,0.2065,8.813,3.906,1.828,0.2149,7.081,5.203,4.604,0.3426,6.415,6.449,5.25,0.6734,8.9,3.073,4.142,0.5557,6.729,3.21,4.309,0.6305,4.662,6.253,5.379,0.5718,4.425,6.027,2.875,0.8268,6.005,3.285,3.951,0.5519,6.991,2.956,4.205,0.55,8.751,2.667,4.644,0.3782,5.874,3.029,4.03,0.5726,5.999,2.3,3.944,0.395,5.199,3.388,3.093,0.8356,3.61,5.665,5.57,0.8878,4.297,4.974,2.77,0.6092,8.082,5.006,2.7,0.515,4.542,5.221,1.883,0.4932,6.083,6.39,2.046,0.7525,5.955,4.377,3.338,0.5159
ZF_16_Tuto_R6,Animal_16,Tutored_Early_24h,24,0.2529,0.5183,0.1887,0.121,0.0918,0.0803,10.723,10.178,2.131,0.5128,8.064,5.15,4.191,0.5043,7.043,9.027,2.167,0.256,11.023,9.91,0.632,0.2379,9.432,10.451,0.1,0.0597,10.9,8.767,1.678,0.1452,7.8,7.279,4.241,0.7753,7.617,7.235,1.857,0.235,5.515,6.104,2.552,0.4448,10.018,8.507,4.188,0.82,7.044,5.498,2.476,0.806,10.069,5.283,4.458,0.7915,8.483,5.86,4.403,0.6138,9.778,5.888,4.014,0.6862,6.931,5.089,4.413,0.5276,4.463,3.668,5.303,0.3544,7.098,4.967,5.081,0.253,7.024,6.766,2.452,0.02,4.581,5.417,4.042,0.7527,5.48,6.606,4.923,0.6315,7.863,3.289,2.301,0.3474,8.38,2.603,2.752,0.5503,6.951,6.453,4.751,0.6006,4.876,4.237,3.149,0.7822,6.782,4.489,6.285,0.799,6.565,2.987,4.892,0.7098,8.139,8.358,2.497,0.2481,8.206,6.411,3.435,0.7058,10.463,8.179,0.1,0.4105,8.283,3.884,4.279,0.8255,7.89,5.747,3.585,0.3993,4.042,5.209,2.635,0.792,4.873,3.824,3.843,0.8315,6.381,2.581,5.711,0.5172,7.116,9.653,0.215,0.5765,7.867,3.816,3.599,0.4925,7.434,4.453,6.679,0.5711,7.903,10.573,0.153,0.1481,9.673,6.676,2.638,0.8238,8.844,6.063,2.591,0.5562,6.182,7.659,3.239,0.817,6.195,6.861,2.418,0.8163,5.64,3.256,3.53,0.6401,8.012,5.143,2.62,0.4357,7.87,4.365,4.199,0.6107,9.207,8.614,1.527,0.485,7.47,4.499,2.096,0.5329,5.972,6.536,3.792,0.5767,6.634,2.508,2.971,0.3015,8.443,7.861,0.1,0.2045,6.992,6.14,5.395,0.4881,6.473,9.986,1.269,0.5825,6.538,6.444,3.353,0.7331,7.881,6.666,2.984,0.6715,6.126,5.685,2.214,0.3363,8.603,4.218,3.884,0.6676,6.694,2.729,2.142,0.3164,8.457,3.849,5.411,0.3109,5.71,6.384,4.433,0.3522,7.937,3.537,3.457,0.5485,4.204,5.037,4.415,0.6223,5.933,2.558,4.224,0.3957,3.722,5.811,4.17,0.4667,6.267,6.33,3.143,0.5754,5.352,3.422,3.024,0.4984,8.184,5.058,5.53,0.4024,3.889,2.867,1.88,0.753,6.003,4.029,5.34,0.3291,6.417,7.096,2.12,0.1356,8.648,4.165,4.114,0.4071,6.462,2.7,4.102,0.3839,7.53,7.573,0.795,0.1062,6.642,6.418,2.362,0.6397,5.213,4.686,4.039,0.7531,8.131,6.704,6.006,0.7874,7.547,3.264,5.893,0.7477,5.609,4.043,4.628,0.3013,4.368,6.428,3.118,0.4364,8.961,6.064,2.317,0.3994,6.417,6.772,4.177,0.4797,10.743,9.586,2.677,0.3288,5.495,6.57,3.944,0.6143,6.731,2.97,2.925,0.4041,6.81,7.254,6.064,0.6824,5.283,6.256,4.529,0.8346,9.919,8.94,1.284,0.2864,4.884,6.238,3.444,0.5279,7.597,2.737,3.492,0.484,7.805,7.061,2.294,0.3323,7.662,5.539,4.221,0.508,7.096,2.999,4.476,0.5255,5.372,5.466,5.507,0.3904,8.168,5.332,5.716,0.6964,8.079,3.907,4.693,0.6434,6.124,2.927,5.034,0.6289,8.203,3.691,4.123,0.657,7.136,6.38,6.628,0.5321,5.493,6.535,4.421,0.411,7.367,5.619,5.053,0.5945,8.35,6.549,4.754,0.4913,6.647,4.5,5.381,0.2256,5.815,6.26,4.327,0.4617,6.831,3.25,3.372,0.3746,4.712,4.899,5.092,0.7757,5.659,5.83,4.869,0.4474,7.048,5.797,2.458,0.5127,8.384,6.805,3.665,0.5019,7.402,3.213,3.764,0.3088,9.466,5.821,2.886,0.533,7.315,4.147,3.998,0.6725,5.313,3.662,2.148,0.8018,6.133,2.589,3.47,0.7508,6.984,2.732,4.712,0.767,6.104,2.762,3.776,0.7309,5.593,3.393,6.512,0.7041,6.919,3.645,5.139,0.6688,8.063,4.885,4.267,0.6189,6.227,4.579,4.218,0.4086,7.523,7.185,2.553,0.468,7.299,4.448,2.671,0.4392
ZF_17_Tuto_R7,Animal_17,Tutored_Early_24h,24,0.2575,0.5251,0.2061,0.1029,0.1032,0.0627,9.117,9.336,1.353,0.5263,9.631,3.579,2.122,0.4608,9.928,10.251,0.71,0.3861,6.927,8.884,0.477,0.4529,7.197,10.588,2.822,0.1174,7.135,8.454,0.1,0.2029,7.32,5.144,5.573,0.626,8.144,6.146,2.657,0.4616,6.661,5.284,1.158,0.1961,8.898,5.277,5.062,0.5375,7.925,5.55,1.986,0.6298,8.719,6.027,4.859,0.8431,7.904,4.633,4.977,0.6983,7.666,5.914,3.016,0.4507,7.443,3.704,3.479,0.6485,8.188,6.58,3.974,0.4777,7.97,3.209,2.092,0.3912,7.212,8.401,4.352,0.129,7.346,4.322,5.371,0.4992,5.37,6.361,2.945,0.6564,5.531,5.811,1.777,0.4992,6.573,3.917,5.078,0.2966,4.399,6.138,2.808,0.8509,5.042,6.312,4.704,0.4097,5.373,4.353,3.849,0.4146,4.03,6.609,4.971,0.3305,7.238,8.146,0.937,0.1144,8.286,4.446,2.864,0.7016,7.516,7.113,0.1,0.1101,4.634,5.951,2.308,0.3573,7.215,5.803,3.914,0.4748,9.127,4.595,6.017,0.7559,5.167,3.217,5.008,0.6314,6.976,2.977,5.086,0.3282,9.18,9.706,0.1,0.4541,8.68,6.314,3.386,0.5404,4.675,4.253,4.794,0.423,7.018,7.644,0.703,0.3969,4.696,3.233,5.726,0.6702,6.714,5.896,4.023,0.3347,8.243,4.114,3.421,0.6899,7.451,3.943,2.494,0.5722,5.161,3.881,4.281,0.6009,7.299,4.891,3.853,0.6226,4.993,3.538,4.431,0.401,8.743,8.673,0.1,0.3343,7.569,3.791,4.734,0.4552,4.833,6.816,2.098,0.4832,5.796,5.026,4.247,0.5979,10.322,8.009,0.1,0.3175,6.701,5.197,5.128,0.4908,9.497,11.203,0.657,0.3209,5.261,3.313,3.71,0.2575,6.967,5.585,4.6,0.3683,5.673,4.56,5.873,0.4964,7.743,3.578,5.651,0.315,5.088,6.316,5.38,0.5719,9.315,6.261,4.479,0.4555,6.759,5.449,5.005,0.6542,7.095,6.534,2.825,0.4669,5.217,3.025,2.516,0.5186,7.692,4.161,2.888,0.3694,5.02,5.054,5.352,0.5923,9.381,2.757,5.595,0.4084,7.391,2.911,4.187,0.4624,6.838,6.322,4.447,0.3,8.083,3.578,4.096,0.5709,7.764,4.072,3.776,0.604,8.651,10.477,0.776,0.4216,5.395,5.866,5.439,0.5485,4.679,4.059,3.198,0.4939,8.283,9.934,2.441,0.5082,4.417,4.985,4.274,0.6636,6.362,3.074,4.048,0.5621,5.209,2.816,2.418,0.3571,5.858,7.174,2.251,0.5447,7.691,3.801,4.569,0.3016,7.944,3.473,2.469,0.6317,8.03,5.173,4.831,0.5763,7.437,6.291,4.479,0.7921,7.974,9.506,0.1,0.1374,5.779,5.746,2.553,0.7579,8.476,3.991,4.846,0.7058,6.269,4.754,4.929,0.3505,8.533,5.253,3.869,0.3886,9.923,8.556,0.1,0.2512,5.629,4.141,2.083,0.594,7.638,6.84,1.802,0.6732,7.65,4.963,5.241,0.7003,8.807,4.542,3.549,0.3392,8.389,5.745,4.57,0.6681,8.464,2.748,5.276,0.564,4.456,4.612,5.555,0.7428,5.239,6.516,2.14,0.5095,4.19,4.559,3.438,0.6704,7.329,3.185,2.457,0.7244,7.046,3.712,5.829,0.3627,9.002,3.326,3.725,0.338,6.175,6.108,2.19,0.4448,5.276,6.226,5.309,0.3556,7.061,6.802,4.901,0.722,6.791,5.852,2.581,0.2866,5.516,3.125,5.177,0.7698,7.875,4.426,4.978,0.3101,6.656,6.486,2.101,0.4723,8.086,3.077,4.192,0.2248,7.897,4.888,3.917,0.5206,7.892,4.068,2.822,0.5946,3.916,3.385,3.273,0.5866,5.602,6.077,3.076,0.5533,5.286,3.594,2.122,0.4706,6.855,6.156,6.555,0.4386,7.828,2.83,4.134,0.6043,4.933,3.442,3.282,0.7909,7.715,3.486,4.786,0.6191,4.32,4.182,3.708,0.3961,6.102,4.339,5.127,0.6804,6.435,2.727,5.364,0.3026,8.516,4.974,4.824,0.4249,5.401,3.08,2.639,0.3693
ZF_18_Tuto_R8,Animal_18,Tutored_Early_24h,24,0.4116,0.5407,0.1657,0.1189,0.0995,0.0753,10.382,8.031,0.1,0.3484,7.243,6.898,2.727,0.5066,9.723,10.857,0.954,0.2086,8.973,11.229,1.48,0.5773,8.893,10.201,0.1,0.2142,7.723,9.583,0.694,0.4734,7.989,5.637,5.019,0.5508,10.061,6.257,2.154,0.02,7.847,7.711,1.298,0.1581,9.246,6.423,6.518,0.462,6.778,2.727,5.491,0.7557,5.796,4.885,4.168,0.8228,8.664,6.606,3.531,0.5386,7.6,3.891,1.689,0.2042,6.247,4.686,1.711,0.2257,8.039,4.989,2.511,0.5898,7.677,3.372,3.656,0.4484,6.13,8.58,0.944,0.02,7.544,6.183,6.001,0.4396,7.163,2.763,3.705,0.5946,7.721,4.579,2.118,0.7146,6.566,4.48,2.0,0.3074,5.928,2.023,4.902,0.4594,8.151,6.635,5.279,0.4016,4.888,5.8,3.334,0.5475,4.267,3.05,1.91,0.747,9.509,11.32,2.641,0.344,7.448,2.906,2.522,0.7935,7.41,10.167,0.1,0.2408,8.019,6.534,2.116,0.6623,6.812,3.617,2.874,0.4418,4.794,6.254,3.278,0.6108,6.824,2.814,6.412,0.4371,8.585,6.252,4.727,0.7417,8.122,8.341,2.273,0.4139,7.639,2.418,3.961,0.3642,6.523,3.614,3.305,0.7521,7.031,11.562,0.1,0.1046,5.386,2.576,4.905,0.4385,6.754,4.325,4.408,0.8081,5.282,4.594,4.292,0.4736,6.226,4.111,1.926,0.4319,4.97,2.803,4.803,0.6965,7.298,4.543,3.631,0.2996,7.529,5.812,3.614,0.7072,9.591,10.579,0.1,0.147,6.989,6.429,2.658,0.5116,9.176,5.884,4.682,0.4683,7.779,4.612,2.288,0.5475,9.188,11.222,0.1,0.5157,7.518,4.331,1.125,0.2,8.674,11.325,0.196,0.3342,6.118,3.207,3.558,0.376,8.344,7.579,0.863,0.6246,8.978,5.75,2.197,0.4931,4.192,3.834,2.947,0.5127,5.008,3.702,3.075,0.5728,4.247,2.137,2.128,0.6941,6.214,2.331,5.074,0.7779,5.289,4.954,3.01,0.6129,4.354,2.945,5.447,0.6874,7.586,4.883,5.208,0.4833,4.092,4.907,2.409,0.5439,6.373,3.035,5.824,0.5554,8.032,5.162,2.738,0.4031,5.081,5.648,2.03,0.5456,4.487,6.42,5.621,0.5221,8.318,3.281,3.989,0.2779,10.458,7.928,2.341,0.312,6.617,4.675,3.988,0.5127,4.811,6.579,3.846,0.3617,9.374,7.433,0.606,0.3328,7.327,5.872,3.35,0.6536,5.731,4.997,5.359,0.6696,5.128,4.116,2.472,0.4217,8.477,4.707,3.114,0.3507,8.085,3.66,4.019,0.6897,4.488,2.496,2.68,0.3553,7.654,6.118,1.967,0.5833,6.542,4.19,6.396,0.8838,8.579,11.225,0.1,0.1616,8.22,4.067,3.404,0.8658,8.101,5.923,2.663,0.7506,6.071,4.748,3.296,0.3078,5.219,5.884,3.012,0.5915,11.669,10.441,1.912,0.3168,5.013,3.198,4.704,0.3734,8.158,6.922,4.485,0.378,6.341,5.133,3.184,0.3677,8.041,2.857,2.999,0.5062,7.466,6.687,5.268,0.6805,4.815,3.815,2.649,0.6844,8.166,4.663,3.002,0.4235,6.736,3.936,5.837,0.5164,6.712,6.548,6.021,0.4049,4.188,5.214,5.194,0.3686,7.133,5.513,3.366,0.9223,8.951,4.104,4.365,0.4235,9.864,7.265,3.37,0.6444,4.476,5.849,3.816,0.4459,9.566,6.245,3.986,0.3652,8.355,4.029,4.782,0.3253,8.626,4.655,2.772,0.5666,5.421,3.673,4.707,0.482,5.11,5.923,3.173,0.5006,4.518,5.428,4.96,0.511,8.821,5.468,4.374,0.8459,5.774,3.98,2.784,0.462,7.309,4.955,4.233,0.5625,4.243,4.682,3.319,0.7808,7.719,2.775,5.098,0.7798,5.853,4.819,5.797,0.905,6.82,5.57,5.661,0.8468,7.177,2.456,6.262,0.5872,3.637,3.98,6.015,0.5078,4.473,4.387,3.211,0.7332,4.58,5.351,2.997,0.475,6.945,3.526,2.579,0.7027,5.883,5.824,2.611,0.5853,4.304,4.596,2.836,0.5029
ZF_19_Tuto_R9,Animal_19,Tutored_Early_24h,24,0.3162,0.5418,0.1787,0.1177,0.0954,0.0665,8.772,11.264,1.001,0.3886,8.571,4.904,2.142,0.494,7.199,9.479,0.891,0.2151,10.025,8.736,2.16,0.5295,9.698,11.081,1.627,0.4614,7.326,9.19,0.1,0.4233,8.539,6.089,4.741,0.4182,7.776,8.57,1.441,0.3351,8.651,7.059,0.247,0.3476,8.261,6.855,5.291,0.4221,7.895,3.094,3.896,0.3213,8.22,4.556,3.837,0.6655,9.215,5.211,1.714,0.7204,6.981,6.098,2.747,0.5437,6.541,5.923,3.775,0.4239,8.997,7.27,3.236,0.6677,8.116,7.504,4.473,0.5037,9.952,7.284,3.353,0.2258,4.784,3.236,2.819,0.4369,4.908,3.657,2.659,0.3051,5.107,6.951,5.228,0.2292,7.941,5.816,4.758,0.3222,4.502,3.332,5.592,0.5875,5.779,6.044,2.419,0.3443,6.759,2.706,4.603,0.4003,4.155,4.879,4.653,0.3944,10.982,10.884,1.701,0.3821,6.614,2.311,2.289,0.8116,9.675,11.432,0.1,0.3857,6.708,3.873,3.003,0.6972,8.436,6.289,2.84,0.7265,4.577,4.308,5.186,0.6053,7.138,2.712,4.67,0.6395,4.483,3.711,2.001,0.6518,7.852,8.839,1.922,0.3974,7.36,5.246,4.612,0.4689,6.446,3.916,3.458,0.637,7.535,11.123,1.874,0.1697,6.053,4.417,4.78,0.6745,5.256,4.005,2.719,0.5517,6.343,4.033,5.578,0.845,6.748,4.618,4.459,0.839,5.914,4.66,2.744,0.5732,5.146,6.605,2.065,0.4045,6.11,7.098,3.551,0.2396,10.165,10.177,0.1,0.1259,5.35,4.553,4.891,0.8045,6.784,6.085,1.794,0.612,4.476,5.457,4.861,0.6361,7.794,10.132,0.1,0.2466,9.748,5.046,2.092,0.3929,11.445,8.086,1.581,0.219,9.604,2.753,3.269,0.3547,6.714,4.777,4.794,0.199,8.105,3.939,3.441,0.6697,6.096,3.179,3.149,0.7754,7.35,4.764,6.14,0.6948,4.431,5.301,4.014,0.3399,5.83,4.633,2.878,0.387,7.501,6.07,4.602,0.7971,7.07,3.763,4.949,0.3315,6.931,3.082,2.931,0.4164,6.216,6.729,3.66,0.7469,6.917,6.085,3.101,0.6019,7.746,5.186,3.082,0.4116,8.114,4.58,5.559,0.7403,7.249,5.635,3.539,0.569,6.617,3.209,4.263,0.4675,8.913,8.223,0.92,0.4719,6.858,3.93,3.067,0.3762,5.425,4.275,4.111,0.5695,7.578,7.851,1.784,0.3662,6.518,2.559,2.624,0.3676,5.205,5.349,4.338,0.6114,9.036,3.666,2.197,0.639,6.047,4.261,4.554,0.4915,5.927,4.132,3.686,0.7474,4.953,4.083,3.961,0.447,5.474,5.441,2.954,0.2164,7.552,2.313,5.031,0.4401,8.386,8.454,1.901,0.3902,4.567,3.61,2.133,0.6388,6.938,6.501,2.374,0.6769,5.814,5.234,3.165,0.8191,8.223,2.595,4.009,0.3438,11.227,8.071,2.497,0.4915,4.931,4.335,4.278,0.6816,5.193,3.336,3.676,0.7748,6.103,3.432,3.63,0.5497,4.949,5.476,6.062,0.357,9.062,2.769,3.08,0.4721,5.211,5.367,5.224,0.3393,7.671,3.016,3.173,0.566,7.137,5.962,5.102,0.6954,4.53,3.53,4.71,0.7556,7.226,6.014,4.718,0.4244,7.25,2.503,4.954,0.6517,6.087,5.542,5.647,0.3805,5.631,5.876,3.648,0.4126,5.305,3.204,2.427,0.475,7.74,5.35,4.749,0.277,5.845,2.946,2.279,0.5897,4.895,3.435,4.915,0.5479,6.353,2.614,3.473,0.8018,4.122,4.096,3.2,0.3887,4.821,5.329,2.707,0.4237,7.828,2.689,4.781,0.3491,7.221,5.969,4.867,0.7964,8.663,5.214,5.683,0.6253,6.477,5.972,6.256,0.3751,3.893,2.832,4.2,0.331,7.519,4.661,6.234,0.5842,6.815,5.385,2.574,0.4305,7.447,3.298,3.375,0.8016,4.933,5.003,6.326,0.8012,8.389,6.17,4.328,0.5753,4.039,6.393,5.433,0.5268,4.198,4.4,3.22,0.5049,4.846,3.147,2.784,0.416,4.111,5.28,4.809,0.4937
ZF_20_Tuto_R10,Animal_20,Tutored_Early_24h,24,0.3457,0.5468,0.1653,0.1227,0.0915,0.0737,11.568,11.804,0.812,0.3624,6.412,4.403,3.659,0.5465,7.594,11.63,0.343,0.5011,7.38,12.02,0.776,0.1028,10.448,7.603,0.1,0.3765,7.773,8.41,2.895,0.1233,8.034,5.892,4.561,0.4663,8.536,9.412,2.612,0.2515,6.316,7.538,0.1,0.02,5.89,6.353,3.637,0.5576,4.284,5.976,2.545,0.5553,6.683,4.813,2.806,0.5698,6.613,5.405,1.453,0.4433,7.17,6.361,5.665,0.2318,6.379,3.642,3.961,0.4516,8.851,4.592,3.974,0.4122,6.445,7.132,4.191,0.4493,10.563,8.614,2.417,0.02,6.269,4.605,6.322,0.6144,7.776,3.161,2.621,0.5506,4.981,6.737,3.831,0.6679,6.504,3.877,5.161,0.3588,4.796,5.898,5.805,0.8191,8.235,6.179,2.59,0.3458,6.534,6.059,4.252,0.5483,5.443,5.46,5.411,0.4933,7.03,11.685,1.355,0.2656,8.158,7.244,2.833,0.7302,10.4,9.06,0.1,0.1577,6.761,3.17,3.046,0.7548,6.323,4.803,2.706,0.7748,5.047,5.111,3.353,0.4729,7.8,6.279,3.577,0.6206,6.763,4.4,5.173,0.3931,9.848,9.802,1.775,0.0943,5.255,5.702,3.709,0.435,7.506,6.254,3.348,0.7862,9.617,9.378,0.1,0.2813,4.147,5.104,2.93,0.4293,8.677,5.337,4.523,0.454,8.143,4.845,3.698,0.3408,5.348,3.729,4.538,0.5297,5.945,3.857,4.124,0.8855,4.722,4.341,5.458,0.6933,4.583,6.699,5.146,0.479,10.15,8.482,0.1,0.4119,5.437,5.789,4.851,0.6177,5.324,3.78,4.847,0.3674,5.133,2.545,4.841,0.6793,10.047,8.526,1.281,0.2185,8.542,6.944,1.644,0.4754,11.454,11.671,1.382,0.587,4.378,7.088,4.039,0.733,4.868,5.535,4.993,0.528,5.348,3.702,3.22,0.5892,8.866,4.094,4.041,0.5217,5.65,4.279,3.706,0.6001,7.101,6.145,3.347,0.3732,6.893,4.671,3.761,0.6892,5.492,3.348,4.209,0.6729,8.055,4.4,5.069,0.6484,7.606,4.147,4.181,0.5327,3.807,4.104,4.962,0.5596,7.503,6.554,5.799,0.3737,5.892,5.723,4.594,0.5062,7.688,3.248,2.876,0.6125,5.349,5.403,3.932,0.5785,7.794,3.366,2.557,0.6921,9.501,11.034,1.11,0.4793,5.557,5.817,3.426,0.3569,9.023,4.655,2.719,0.3934,10.666,11.376,1.256,0.2795,8.213,4.393,3.155,0.3074,8.474,6.621,4.914,0.3549,8.731,3.224,3.632,0.442,6.122,6.156,3.482,0.5353,4.585,2.518,3.909,0.7677,6.882,3.286,2.654,0.388,9.243,4.696,2.022,0.3489,5.152,3.874,4.452,0.438,7.64,11.219,0.1,0.4821,4.942,3.908,2.928,0.4457,8.269,5.038,4.969,0.7932,7.18,4.437,6.031,0.6065,3.857,6.844,5.407,0.5495,9.536,9.418,0.849,0.4924,6.177,3.268,4.12,0.7272,7.188,3.297,5.891,0.4443,6.434,6.855,2.308,0.521,4.346,6.129,3.565,0.6293,5.746,4.349,4.209,0.5686,7.908,2.265,1.909,0.6176,5.79,3.102,5.165,0.6357,4.587,2.622,4.586,0.806,7.1,6.628,4.554,0.5893,7.559,4.454,4.479,0.4323,3.839,5.114,4.615,0.4637,5.899,3.546,5.633,0.3361,6.418,6.249,2.614,0.5733,8.035,4.166,2.119,0.5348,6.098,6.338,2.172,0.2898,8.96,3.96,5.18,0.3253,4.195,5.757,2.965,0.5724,5.958,5.278,2.659,0.5363,8.394,6.259,1.772,0.7831,5.493,6.968,2.233,0.6866,3.896,3.991,5.249,0.5755,7.101,2.109,1.859,0.6752,4.894,3.414,4.762,0.6301,8.278,6.407,5.063,0.5011,6.767,5.287,2.439,0.6272,6.569,2.151,4.255,0.7785,7.151,5.55,5.382,0.4163,7.109,2.478,3.081,0.7014,3.324,2.259,5.943,0.8114,4.932,5.057,2.283,0.6603,6.681,2.587,3.936,0.4045,4.863,5.181,3.674,0.4051,7.371,5.237,3.202,0.5504,4.021,2.743,5.66,0.4598
ZF_21_Tuto_R1,Animal_21,Tutored_Subchronic_7d,168,0.7226,0.5545,0.1564,0.1225,0.0949,0.0716,4.2,7.547,3.528,0.6163,8.496,9.495,3.49,0.2263,4.655,5.097,4.036,0.3962,7.252,5.831,4.779,0.7133,7.891,5.3,2.726,0.6592,7.572,6.113,1.04,0.3118,7.735,3.949,5.556,0.9082,10.231,7.823,2.706,0.2091,8.277,7.412,1.72,0.3203,4.816,4.34,6.384,0.4488,8.955,3.515,5.214,0.6443,4.392,5.505,5.9,0.4121,7.616,7.696,1.054,0.3388,9.347,4.068,3.564,0.5978,10.469,6.184,0.814,0.3944,10.098,7.476,4.727,0.1369,5.759,6.155,2.392,0.1924,8.225,9.578,2.134,0.02,6.234,3.294,6.207,0.9654,7.026,2.972,3.671,0.658,6.657,6.666,3.479,0.5202,6.563,2.611,3.942,0.4581,5.398,5.51,5.402,0.5423,7.952,3.318,4.588,0.2996,3.401,2.96,4.837,0.5486,4.111,5.536,4.213,0.4958,8.675,4.933,4.201,0.5884,7.272,3.733,4.053,0.6566,7.358,4.824,4.712,0.6549,4.138,4.555,2.929,0.5416,7.418,5.285,3.583,0.4002,7.567,4.652,3.05,0.5705,5.68,3.028,4.037,0.5774,4.602,6.248,5.045,0.6063,6.17,5.943,3.777,0.6155,4.849,6.343,3.902,0.5222,8.321,5.76,4.246,0.6221,5.184,4.336,2.238,0.5995,4.227,3.616,3.83,0.6659,6.052,2.714,2.907,0.3573,5.132,6.341,4.808,0.3285,5.003,4.441,5.4,0.7724,5.801,4.404,5.102,0.98,6.807,3.745,1.946,0.6236,8.857,6.168,4.13,0.7082,5.261,6.634,2.392,0.2841,7.23,6.127,4.767,0.3142,10.477,8.161,4.449,0.1649,5.996,5.171,2.249,0.6671,5.55,7.11,5.058,0.7544,10.526,5.638,2.625,0.3099,9.141,4.377,4.107,0.5527,3.804,3.621,3.486,0.2728,9.902,4.915,2.753,0.1923,6.12,6.764,4.697,0.4391,8.617,5.376,3.869,0.6629,7.839,6.404,4.225,0.402,6.315,6.212,3.182,0.693,6.321,3.718,4.309,0.787,7.804,4.071,5.812,0.6846,6.136,2.989,2.931,0.7051,3.708,6.643,2.844,0.7736,8.061,3.884,5.804,0.6664,3.939,5.853,5.115,0.5774,6.488,6.221,2.873,0.4212,7.642,5.074,3.018,0.3439,7.6,6.509,5.958,0.5371,4.033,3.865,5.246,0.7106,7.295,4.463,2.551,0.4342,5.012,4.142,3.446,0.677,6.426,4.189,4.458,0.6171,6.181,4.692,3.084,0.2393,7.663,3.139,2.872,0.522,4.648,6.181,2.442,0.4895,5.194,3.238,3.546,0.8307,8.346,4.092,3.25,0.768,3.746,4.201,5.295,0.3133,5.857,6.53,3.27,0.6826,11.0,6.38,0.746,0.3896,2.728,1.501,6.909,0.7202,6.428,7.425,5.028,0.5117,4.347,3.201,4.943,0.554,8.752,3.14,5.415,0.693,8.754,6.948,3.251,0.6538,4.326,3.939,2.48,0.4759,5.052,5.884,2.903,0.3907,5.232,5.03,4.104,0.4144,4.814,6.784,3.744,0.6694,9.781,7.533,4.296,0.22,7.163,6.42,5.726,0.6713,5.59,3.802,3.489,0.3929,7.501,7.39,3.886,0.464,9.296,6.44,1.807,0.4725,7.283,2.471,4.588,0.5998,8.755,4.168,4.041,0.7507,5.538,3.901,5.023,0.5392,6.396,1.977,6.82,0.9488,9.174,5.876,2.612,0.5888,8.54,7.588,3.092,0.2719,8.776,2.995,3.633,0.309,7.413,6.824,3.877,0.1699,10.598,7.256,0.766,0.4166,6.882,6.806,5.132,0.5806,7.171,4.497,4.391,0.4381,7.312,4.88,5.728,0.7021,4.854,4.87,4.386,0.6767,5.902,3.054,3.798,0.555,5.588,2.615,4.66,0.6767,8.72,5.628,4.966,0.3776,7.53,6.355,4.774,0.519,6.785,4.634,5.64,0.506,3.428,3.92,6.05,0.7472,4.882,4.218,5.343,0.9099,4.343,2.557,6.959,0.7478,3.588,3.033,5.018,0.6229,7.773,3.127,2.116,0.4363,7.948,2.268,3.254,0.5239,4.99,4.219,3.578,0.6469,5.351,4.406,4.638,0.4833,6.83,5.329,3.625,0.4553
ZF_22_Tuto_R2,Animal_22,Tutored_Subchronic_7d,168,0.7316,0.5101,0.1762,0.1263,0.1085,0.0789,6.664,5.031,1.568,0.6572,11.504,7.07,1.725,0.3877,6.873,6.083,4.772,0.6435,4.773,7.575,5.243,0.3864,4.513,3.957,5.314,0.3643,8.575,5.405,4.444,0.3409,5.592,5.739,6.279,0.5158,9.069,7.235,4.071,0.022,9.97,7.737,0.341,0.3931,6.002,5.485,4.128,0.4776,6.269,3.136,3.432,0.6547,8.386,5.926,6.629,0.3709,9.188,4.917,1.883,0.3911,5.824,8.176,4.597,0.1448,7.383,5.753,4.552,0.4695,7.061,7.371,3.629,0.2981,10.913,4.951,1.234,0.5602,9.302,5.798,3.532,0.1243,2.723,4.861,6.237,0.9321,5.383,6.733,2.122,0.2896,7.89,5.739,4.524,0.1733,7.763,6.724,3.66,0.4808,5.843,3.58,3.77,0.6528,5.257,5.496,3.683,0.8325,3.815,2.53,3.595,0.7848,5.306,6.376,5.49,0.5904,8.852,5.697,4.871,0.4987,8.021,3.757,5.109,0.5131,7.001,6.076,4.374,0.7436,4.782,5.057,2.996,0.3609,5.286,6.382,4.955,0.358,5.788,4.912,5.027,0.6376,3.914,3.689,5.926,0.4871,6.799,3.025,3.439,0.341,5.518,3.349,4.535,0.6658,6.931,6.321,2.79,0.5629,4.455,3.681,2.59,0.6538,5.354,3.728,2.578,0.3642,5.123,3.678,5.224,0.6032,7.873,6.228,5.349,0.3955,4.253,3.277,2.827,0.4317,6.154,3.976,4.909,0.6152,3.721,1.394,7.058,0.9319,6.324,3.556,3.007,0.7773,8.671,2.137,2.46,0.3724,5.273,7.248,4.323,0.5731,4.043,4.229,4.297,0.6639,5.98,8.012,3.436,0.1772,6.641,3.684,3.512,0.6251,8.94,7.363,4.486,0.2581,9.207,4.838,3.302,0.4099,5.702,6.302,2.91,0.2619,8.781,4.899,3.441,0.672,7.577,5.724,4.628,0.2092,4.551,5.647,5.99,0.6656,4.956,6.073,3.814,0.3175,5.091,4.819,5.273,0.3918,5.554,3.301,2.624,0.3947,6.625,3.261,3.672,0.9241,6.168,3.818,2.402,0.5007,8.208,5.859,3.81,0.57,4.845,4.788,2.963,0.3155,6.467,3.293,3.211,0.6472,5.153,6.706,3.784,0.2447,8.258,4.241,4.123,0.4749,6.67,3.625,3.223,0.4536,6.395,4.518,3.935,0.5993,7.063,6.082,4.849,0.7988,9.056,6.821,3.932,0.3174,8.773,2.476,3.212,0.4364,6.968,3.349,4.712,0.3957,7.314,7.32,4.5,0.365,7.801,5.973,5.199,0.795,4.784,5.048,3.366,0.465,7.391,3.302,2.41,0.401,5.991,6.533,2.541,0.7554,6.612,2.927,3.238,0.3095,8.37,5.474,5.366,0.3525,7.832,5.946,3.16,0.4807,6.395,3.452,4.411,0.5748,5.546,5.379,4.233,0.4546,5.39,2.919,3.463,0.4214,7.603,3.383,5.272,0.587,4.195,5.872,2.188,0.6174,4.687,6.826,2.197,0.6915,7.963,7.223,2.038,0.4285,7.132,4.046,3.672,0.3988,6.181,6.568,4.584,0.2533,10.065,4.071,1.541,0.2193,8.592,6.389,3.788,0.3608,7.343,2.453,4.044,0.4465,3.584,3.332,5.102,0.2746,7.952,3.143,5.181,0.7822,9.028,5.343,3.998,0.4637,5.238,4.325,2.971,0.5218,7.882,5.397,2.744,0.3909,3.245,1.972,3.477,0.5937,7.119,3.08,3.554,0.415,9.27,4.623,3.247,0.5,7.274,5.694,3.079,0.5416,8.654,5.913,2.044,0.2217,9.403,6.796,1.262,0.1644,4.494,6.184,3.404,0.4782,7.402,4.223,5.144,0.3631,5.438,3.551,4.48,0.6949,4.849,6.643,2.895,0.6495,6.968,3.146,5.68,0.4873,4.434,5.375,2.579,0.4096,3.63,3.488,2.333,0.6968,9.124,4.601,2.928,0.5129,5.094,3.56,5.909,0.7568,3.824,6.103,4.186,0.98,5.922,2.987,5.383,0.8777,3.061,1.997,6.423,0.7002,7.029,3.621,6.667,0.7873,8.919,6.202,5.171,0.6565,7.501,5.337,3.719,0.6959,8.697,4.754,5.017,0.4195,4.767,3.602,2.661,0.79,6.545,5.029,4.755,0.5557
ZF_23_Tuto_R3,Animal_23,Tutored_Subchronic_7d,168,0.5709,0.5499,0.1814,0.1137,0.0922,0.0627,6.134,6.85,3.068,0.2165,8.557,6.852,0.81,0.375,9.811,5.92,1.885,0.2956,6.98,6.466,0.704,0.1812,6.136,8.185,3.522,0.3551,7.503,6.514,1.726,0.2143,7.25,5.812,6.918,0.5606,8.74,10.097,0.468,0.2583,9.276,7.071,1.509,0.4048,8.741,7.785,5.667,0.5263,5.265,2.987,3.846,0.6897,9.265,6.828,4.508,0.8629,9.589,5.872,1.529,0.5784,6.725,7.31,2.664,0.501,8.625,5.694,1.586,0.5401,4.857,3.151,1.375,0.4585,6.015,5.175,1.773,0.4264,8.671,9.663,2.171,0.0605,4.318,6.231,4.071,0.5745,7.863,4.754,5.372,0.7607,9.208,7.812,3.673,0.1981,4.703,5.537,4.918,0.3425,5.183,3.17,3.751,0.7911,7.831,3.377,5.621,0.3995,5.719,4.318,6.536,0.4898,5.743,6.812,6.736,0.6421,5.219,5.789,2.454,0.3802,4.574,3.545,4.544,0.4388,7.655,6.405,2.443,0.4068,6.855,7.483,4.425,0.4134,5.859,3.762,2.533,0.7094,8.746,3.671,5.156,0.3329,5.243,2.672,3.992,0.386,7.964,3.429,2.192,0.2503,7.086,9.263,0.922,0.3201,4.683,3.906,3.948,0.7228,8.472,5.161,2.817,0.2818,8.282,7.246,1.485,0.2486,8.569,4.806,4.755,0.3689,3.756,4.246,5.04,0.4933,4.366,5.325,4.355,0.5728,4.603,5.606,5.104,0.36,4.851,5.452,5.518,0.5826,4.254,3.56,5.835,0.7338,5.257,4.421,4.967,0.4722,8.895,6.842,0.664,0.4738,4.197,6.621,3.328,0.7133,6.692,3.87,4.431,0.1578,5.257,5.768,3.629,0.4713,6.914,7.97,2.696,0.6344,9.102,6.74,2.624,0.13,6.674,6.506,3.483,0.3157,8.931,5.263,3.348,0.5256,10.047,6.152,2.815,0.1127,5.689,3.832,4.607,0.4011,9.299,3.337,2.404,0.527,5.651,6.881,5.004,0.4843,8.521,3.772,5.406,0.5117,3.634,2.405,4.936,0.7487,6.272,4.946,1.974,0.2601,9.113,4.127,3.772,0.7769,8.153,6.75,5.048,0.7375,7.91,4.643,4.072,0.3963,5.086,5.145,4.918,0.5543,5.042,3.277,5.317,0.8207,7.732,2.812,2.053,0.4847,4.502,4.829,5.641,0.4467,6.488,7.021,4.033,0.5313,10.485,7.313,1.123,0.5384,7.466,4.401,2.416,0.6093,4.39,5.955,2.858,0.7291,7.978,5.783,3.418,0.2801,8.275,5.527,6.183,0.8309,6.859,6.305,3.877,0.4778,8.603,5.212,5.036,0.4806,7.469,3.515,4.592,0.3748,7.68,5.116,6.264,0.4469,6.297,3.897,2.433,0.6348,7.524,6.123,3.613,0.4758,4.291,5.505,5.084,0.4839,7.941,6.999,3.684,0.4006,7.968,4.199,4.231,0.4018,9.147,3.979,4.602,0.4338,7.432,5.737,5.904,0.7013,7.885,4.26,4.223,0.6468,7.379,6.437,2.707,0.5545,8.479,5.397,3.74,0.7206,5.146,4.789,3.657,0.2735,6.867,8.08,1.963,0.2902,5.979,3.169,3.848,0.6064,8.659,3.358,5.98,0.6028,7.882,4.139,4.897,0.4961,7.693,4.218,2.213,0.7364,7.245,5.111,4.426,0.6503,8.464,6.957,4.307,0.3932,8.463,5.978,5.38,0.7283,5.306,5.399,5.777,0.8837,6.361,5.559,5.035,0.5926,7.438,5.71,2.065,0.5888,6.251,6.164,2.754,0.5033,5.617,8.065,4.218,0.5393,6.635,5.252,2.706,0.2572,8.03,5.872,5.497,0.8005,5.312,5.57,2.771,0.2741,5.389,3.829,3.372,0.3911,7.998,2.068,2.78,0.3895,7.973,4.817,2.945,0.5967,6.646,3.335,4.382,0.4749,5.022,5.12,4.258,0.3886,6.089,6.338,4.858,0.5625,4.749,4.046,3.197,0.495,4.738,5.676,6.324,0.7515,5.641,3.803,3.591,0.8562,7.063,5.953,3.575,0.8796,5.751,2.263,5.639,0.665,5.638,2.998,5.271,0.359,6.537,6.249,5.688,0.665,6.436,3.719,3.958,0.5643,8.466,4.618,3.699,0.7329,8.513,5.935,3.078,0.6037
ZF_24_Tuto_R4,Animal_24,Tutored_Subchronic_7d,168,0.6297,0.5605,0.169,0.1034,0.0992,0.068,6.182,7.077,4.0,0.4299,7.484,7.159,1.031,0.1279,6.453,6.527,4.606,0.6603,6.235,8.338,4.087,0.5761,5.67,9.224,1.466,0.472,5.532,6.671,2.242,0.3284,4.648,5.234,5.405,0.7947,6.917,5.943,2.088,0.02,8.3,8.114,1.561,0.0999,5.916,5.213,6.945,0.5032,7.212,6.305,4.389,0.3999,5.792,7.326,4.096,0.98,8.099,6.706,4.542,0.1846,5.862,6.483,3.697,0.1304,5.897,5.816,1.267,0.3822,6.183,5.583,3.473,0.3459,8.154,5.884,1.842,0.6302,7.996,9.673,0.1,0.2629,4.34,4.201,6.291,0.5378,7.214,3.234,5.384,0.7526,9.321,5.708,3.129,0.4545,5.679,5.151,5.489,0.7667,4.849,2.699,4.334,0.8567,4.687,3.472,1.785,0.476,3.475,5.018,4.316,0.5357,6.644,2.783,4.809,0.4405,6.47,6.257,3.277,0.4926,6.288,3.45,4.903,0.7167,9.935,7.352,1.972,0.4219,5.416,3.52,5.961,0.3823,8.474,2.421,5.616,0.5718,4.866,4.03,2.499,0.3339,6.558,6.391,4.587,0.6468,7.464,6.152,5.047,0.5689,6.888,6.991,3.689,0.4997,8.287,3.213,4.581,0.2664,8.542,2.698,2.833,0.7036,5.846,8.042,2.072,0.4392,8.13,5.567,4.966,0.7322,6.82,6.624,2.437,0.4896,5.444,3.327,3.69,0.3032,4.052,4.665,4.006,0.6775,5.155,1.514,3.392,0.5328,4.204,2.206,2.361,0.453,7.946,3.583,3.134,0.6112,6.029,7.16,2.034,0.4712,5.74,3.339,5.103,0.4506,8.487,6.243,3.179,0.5945,4.996,4.161,2.747,0.7926,8.945,6.824,3.322,0.3419,6.799,6.013,3.229,0.2605,6.6,8.486,2.077,0.1875,5.76,3.461,5.841,0.5306,10.164,5.202,3.859,0.2301,7.627,5.711,4.276,0.5097,8.506,2.585,3.333,0.4984,8.927,6.087,1.725,0.7251,6.14,6.864,3.904,0.8335,4.644,2.188,6.48,0.616,8.364,5.678,5.637,0.7254,5.294,2.881,3.368,0.3995,6.182,3.49,5.423,0.6265,7.605,5.762,4.201,0.4778,8.209,5.392,5.282,0.3479,6.558,4.134,5.42,0.419,7.802,3.26,4.975,0.5379,8.069,4.658,5.741,0.3802,8.499,6.393,3.52,0.5184,5.762,7.708,4.124,0.639,4.113,6.661,4.802,0.6602,8.474,2.652,4.678,0.5459,9.055,6.938,1.619,0.5401,7.135,3.69,3.21,0.5501,5.987,5.082,3.349,0.5651,5.328,5.054,5.687,0.5471,4.055,3.087,4.722,0.3799,3.668,5.469,5.052,0.3485,6.698,4.902,4.567,0.5156,8.376,3.771,3.214,0.2117,3.651,4.582,4.077,0.813,8.033,5.749,4.308,0.2758,8.974,6.52,1.935,0.7119,8.486,3.4,2.623,0.4834,7.57,4.024,3.757,0.3947,5.069,5.426,2.768,0.6168,9.345,6.797,1.631,0.6872,6.605,7.131,5.05,0.7369,5.534,6.086,4.937,0.6452,9.934,8.218,1.614,0.5693,8.473,4.355,2.965,0.6806,8.376,2.512,3.18,0.4941,4.339,4.839,4.942,0.8761,7.533,3.871,1.9,0.4561,6.498,3.335,3.313,0.4195,6.05,5.201,4.948,0.7083,5.079,4.971,3.919,0.4394,3.703,4.045,5.763,0.6286,4.937,6.417,2.155,0.3751,6.937,7.405,3.087,0.3576,6.678,2.282,4.526,0.7004,9.441,3.679,3.855,0.123,7.928,5.238,4.043,0.2682,5.763,4.055,3.958,0.518,5.267,3.208,2.485,0.2366,8.373,5.696,5.781,0.5687,5.571,6.097,2.28,0.5259,7.641,3.133,2.636,0.6474,5.138,5.473,3.409,0.6914,6.237,6.057,2.719,0.6122,4.985,5.676,3.689,0.7372,5.093,2.357,4.165,0.3957,4.838,3.123,7.212,0.6628,4.611,5.237,6.764,0.8066,7.986,5.627,4.285,0.9114,5.925,5.251,4.435,0.5207,5.254,5.772,4.166,0.2909,5.513,5.587,5.69,0.8243,5.676,3.87,4.91,0.2413,4.538,6.594,4.808,0.8308,8.487,2.714,5.099,0.4558
ZF_25_Tuto_R5,Animal_25,Tutored_Subchronic_7d,168,0.6373,0.5222,0.1916,0.1329,0.0855,0.0678,9.78,5.99,2.726,0.3772,6.49,6.009,2.505,0.1291,7.98,5.082,0.877,0.6108,8.219,7.184,2.167,0.7014,8.795,7.758,1.254,0.6512,6.966,7.548,3.17,0.7342,5.358,6.638,5.455,0.8819,6.797,6.94,1.101,0.02,9.636,6.292,1.602,0.02,6.424,6.343,4.216,0.5897,8.253,3.813,6.423,0.7164,7.542,4.418,6.686,0.7681,6.051,7.184,3.066,0.473,7.194,6.914,1.479,0.1055,7.121,5.226,1.532,0.3777,6.901,4.599,0.948,0.2032,10.077,4.983,4.183,0.2061,7.155,6.942,3.178,0.2783,5.478,5.203,3.551,0.7591,4.228,5.932,2.573,0.4489,6.671,6.684,4.096,0.0908,7.143,3.678,5.408,0.3286,5.64,4.911,5.989,0.6539,7.202,4.421,3.784,0.577,3.824,1.77,4.178,0.6828,8.342,5.399,3.817,0.5919,8.214,6.958,0.771,0.3604,7.467,4.946,4.986,0.5103,8.378,5.741,0.945,0.362,6.023,3.972,5.299,0.4289,4.937,5.379,2.427,0.7865,5.25,4.373,4.291,0.4759,8.108,3.213,2.414,0.3212,3.67,2.751,3.629,0.6364,7.162,5.186,2.846,0.2686,7.317,2.695,4.626,0.3017,6.825,6.142,4.702,0.3466,5.486,5.835,4.155,0.6323,6.665,6.785,2.771,0.6837,9.163,3.043,2.81,0.5497,6.64,6.019,3.894,0.5448,8.466,4.756,2.794,0.5451,5.143,5.143,3.604,0.7371,5.581,3.11,5.742,0.2935,8.795,4.755,4.863,0.5784,6.995,6.266,1.474,0.405,8.196,4.612,3.796,0.7187,7.54,3.997,2.85,0.2038,8.65,3.026,5.362,0.4446,6.842,7.331,2.846,0.4421,6.095,7.488,2.574,0.3271,7.933,8.245,0.823,0.5219,5.157,4.721,3.451,0.4909,5.436,4.753,3.881,0.3549,6.78,3.328,4.462,0.7397,6.445,5.027,3.298,0.4524,5.507,3.763,5.883,0.6246,4.611,3.108,4.897,0.7957,4.23,4.951,3.79,0.8032,5.743,6.178,3.342,0.6898,6.664,4.943,5.5,0.4276,7.147,3.653,5.867,0.7949,8.063,2.822,4.19,0.6621,4.634,5.247,3.907,0.5565,4.696,4.176,2.493,0.5086,5.071,3.941,2.44,0.5052,4.628,5.761,4.275,0.5683,5.822,4.623,1.677,0.5027,5.27,7.804,3.323,0.5766,5.47,6.566,5.978,0.6205,5.127,2.71,2.002,0.5758,7.964,7.88,2.682,0.697,7.283,7.065,2.915,0.2782,3.599,3.711,1.806,0.5604,5.54,6.631,5.598,0.4227,4.177,5.777,1.639,0.6549,8.805,6.262,1.99,0.586,5.487,5.489,5.054,0.5662,7.389,6.096,4.601,0.199,2.671,5.176,6.932,0.5449,7.013,4.451,3.156,0.5565,5.321,2.882,4.836,0.7157,4.937,5.611,5.266,0.4467,6.659,4.908,4.66,0.4855,4.386,5.235,2.754,0.3935,6.422,4.836,3.345,0.4148,5.454,4.841,5.577,0.8147,7.68,5.772,4.936,0.7085,6.744,8.416,4.121,0.3001,4.636,6.296,2.4,0.5103,4.201,5.153,2.523,0.6548,8.055,4.48,3.257,0.594,7.672,5.043,1.694,0.668,6.349,5.718,2.348,0.6187,7.191,6.966,2.701,0.4298,5.308,4.002,6.111,0.5558,2.591,3.169,4.795,0.7033,7.206,6.2,4.857,0.3568,8.619,7.626,2.02,0.0646,8.361,4.3,5.157,0.7388,8.893,7.029,3.13,0.1015,9.133,6.858,1.92,0.5776,7.91,3.295,5.158,0.7353,8.557,5.672,2.949,0.3373,7.122,4.017,3.313,0.5533,7.808,5.954,2.788,0.419,4.177,2.869,5.198,0.4762,7.251,5.874,4.183,0.3259,5.743,6.47,4.555,0.465,4.222,6.185,4.86,0.4874,5.615,3.227,3.896,0.761,6.613,2.645,5.59,0.6306,2.943,4.067,6.621,0.6948,5.217,5.151,3.323,0.6553,3.539,3.653,3.947,0.5888,5.902,3.268,2.058,0.6996,7.096,3.114,3.154,0.6866,7.111,3.313,2.27,0.6922,6.804,3.716,3.568,0.3198,8.487,6.138,5.843,0.5018
ZF_26_Tuto_R6,Animal_26,Tutored_Subchronic_7d,168,0.6442,0.5334,0.1821,0.1111,0.1043,0.0691,7.477,5.038,3.018,0.3534,10.453,6.539,4.213,0.4327,6.452,5.036,3.893,0.619,5.405,6.04,3.299,0.3886,5.241,8.289,1.313,0.5826,6.231,6.757,1.185,0.6944,4.677,5.251,5.906,0.5229,10.152,8.449,3.391,0.2881,10.751,8.342,3.212,0.273,5.53,4.096,5.526,0.5167,8.3,6.408,6.136,0.4984,7.484,4.42,4.742,0.5546,8.39,5.637,2.745,0.3539,10.611,6.351,1.394,0.2507,10.435,5.024,1.625,0.1611,9.939,7.052,3.247,0.2072,10.073,4.451,1.33,0.5221,7.579,8.612,2.102,0.243,5.074,5.154,5.64,0.6787,5.449,6.71,2.599,0.6999,9.829,6.856,4.164,0.5492,4.992,3.384,5.436,0.5894,7.446,3.013,3.59,0.769,4.919,4.663,4.541,0.6544,3.294,4.905,5.047,0.5422,6.007,5.986,4.692,0.4771,7.722,4.682,4.066,0.2393,4.773,4.15,4.61,0.5819,7.99,5.138,4.124,0.5757,5.455,2.74,5.358,0.5312,8.863,5.891,6.232,0.4676,8.348,6.77,3.997,0.6934,6.054,4.044,4.542,0.6439,6.978,5.366,5.072,0.3548,5.227,6.824,2.442,0.3087,4.495,4.709,3.183,0.6255,5.53,3.752,3.155,0.4452,6.061,7.913,2.61,0.4765,6.237,4.039,5.511,0.3949,6.441,5.929,3.663,0.752,4.363,5.576,3.677,0.323,7.87,3.584,3.5,0.6653,6.446,5.849,7.101,0.5818,8.462,6.043,5.334,0.4872,5.696,5.155,3.772,0.5415,5.849,5.685,3.345,0.2191,7.772,6.178,2.2,0.3277,8.295,4.049,3.102,0.4063,8.307,4.644,4.334,0.7223,8.732,8.17,4.365,0.3936,9.712,6.651,2.257,0.4982,7.031,8.051,3.533,0.4458,8.006,4.941,3.604,0.619,7.301,8.014,2.469,0.5583,7.015,6.661,6.405,0.3618,5.349,6.838,5.225,0.208,7.192,6.371,5.405,0.5142,8.337,5.479,2.707,0.6383,5.239,5.207,6.736,0.6042,5.844,3.35,3.641,0.3483,5.396,3.258,5.012,0.618,5.888,5.742,4.697,0.551,8.051,5.807,2.787,0.7027,6.862,2.952,2.679,0.359,5.061,5.535,5.462,0.7255,9.227,5.31,3.556,0.3879,6.915,4.011,1.949,0.4763,7.331,5.484,4.414,0.5949,9.203,4.864,2.773,0.3812,4.489,6.295,1.508,0.6769,3.706,2.69,3.105,0.328,5.055,8.352,4.526,0.421,4.239,3.926,5.932,0.4386,5.03,6.706,4.873,0.5976,6.431,3.348,3.196,0.7962,7.741,2.672,6.049,0.3529,7.913,3.122,2.428,0.5015,8.639,4.38,3.302,0.4604,5.955,7.098,2.007,0.2044,3.755,6.23,5.519,0.5624,7.188,7.037,4.038,0.5571,4.833,2.799,3.205,0.574,5.216,6.79,1.934,0.4032,7.1,6.636,2.098,0.4359,8.885,4.683,4.542,0.3415,5.134,7.728,3.873,0.5828,4.345,6.596,5.14,0.4567,8.032,4.522,5.047,0.7232,6.567,6.085,4.296,0.3569,4.375,5.309,5.348,0.3857,7.1,2.975,4.057,0.4493,5.322,2.547,3.634,0.5515,7.919,5.759,2.423,0.5084,7.828,3.533,5.151,0.6061,7.666,5.554,3.064,0.367,4.477,5.184,4.72,0.8287,7.663,5.325,5.274,0.98,6.279,3.471,5.7,0.5574,7.426,4.506,1.866,0.354,4.834,6.85,4.688,0.7157,6.453,4.474,4.067,0.3012,10.625,3.999,4.335,0.493,7.474,5.55,5.206,0.6233,7.045,4.413,2.393,0.3561,4.355,6.261,1.965,0.6862,9.022,3.355,4.592,0.5192,8.093,3.699,3.884,0.5728,9.237,6.342,3.474,0.3055,6.715,6.165,3.73,0.3715,4.994,6.262,1.884,0.5255,8.283,3.748,5.868,0.5069,6.965,2.524,6.267,0.6538,7.421,2.07,4.8,0.5096,3.548,5.247,4.698,0.6283,7.186,5.872,5.797,0.4795,7.301,4.916,4.234,0.7496,8.641,3.313,2.806,0.7351,8.342,6.266,5.515,0.7753,6.897,6.62,5.388,0.6693,8.623,4.041,3.817,0.5229
ZF_27_Tuto_R7,Animal_27,Tutored_Subchronic_7d,168,0.7266,0.5498,0.1689,0.1044,0.1072,0.0697,5.138,3.897,1.397,0.3552,12.264,6.591,3.577,0.0669,5.89,5.472,4.923,0.341,6.215,6.152,2.924,0.5649,6.817,5.253,3.719,0.6565,6.481,6.201,1.652,0.5244,4.049,5.946,4.349,0.5339,8.49,5.452,2.6,0.2703,7.487,8.196,3.931,0.113,7.359,4.414,3.433,0.6165,6.528,4.793,4.648,0.4372,9.198,3.675,5.674,0.5701,10.015,6.822,1.925,0.2053,6.253,5.1,3.062,0.4195,9.838,6.182,1.417,0.4542,8.547,4.232,2.999,0.1261,6.846,7.561,2.432,0.2873,8.055,6.53,2.224,0.2608,3.689,2.752,3.807,0.8656,7.122,6.099,5.564,0.3466,9.248,7.115,2.773,0.375,6.288,5.211,3.702,0.4095,2.007,4.371,4.089,0.6616,8.233,6.09,5.025,0.4421,3.467,1.762,6.525,0.8743,5.414,7.029,4.624,0.6537,5.14,5.539,3.804,0.6534,4.891,4.921,4.757,0.6361,9.01,6.862,2.629,0.2371,4.405,4.016,5.945,0.3759,8.48,3.892,4.043,0.4777,8.472,5.775,2.633,0.4531,9.212,3.035,1.772,0.7577,8.655,4.693,4.771,0.5784,8.054,5.023,2.528,0.7834,7.183,4.425,5.058,0.5374,6.279,3.759,4.069,0.5674,5.89,5.546,2.935,0.3467,5.759,5.43,4.643,0.3263,8.045,2.558,5.965,0.4289,5.497,6.378,2.029,0.4531,5.1,4.483,3.1,0.6262,7.439,5.461,6.679,0.816,7.287,5.514,4.879,0.7161,8.079,6.588,2.959,0.6671,8.903,7.064,4.89,0.6079,5.772,5.222,4.372,0.5346,8.143,5.076,2.588,0.4105,7.785,4.617,3.861,0.5406,4.582,5.065,3.421,0.5227,8.033,6.486,2.833,0.4011,5.078,3.979,4.183,0.5875,4.534,3.759,5.29,0.5475,9.7,6.188,1.211,0.1948,6.229,4.245,4.301,0.5755,8.195,5.339,4.11,0.7613,6.026,5.127,3.955,0.4394,4.774,3.424,5.659,0.7068,3.951,4.845,5.347,0.8532,4.234,5.652,5.491,0.5668,7.594,4.95,2.646,0.7429,4.622,5.896,3.361,0.5777,4.121,4.149,2.739,0.6806,5.19,5.899,5.845,0.3972,7.12,7.044,4.972,0.4918,5.948,4.586,3.33,0.5066,8.133,5.635,4.76,0.4303,9.115,3.105,3.421,0.7765,8.379,5.095,3.984,0.3178,4.574,3.255,2.412,0.4435,8.665,4.59,3.094,0.6896,7.127,3.436,5.484,0.4123,8.692,6.136,5.146,0.3552,5.173,6.336,2.691,0.7426,8.617,2.099,3.069,0.7251,8.073,2.726,3.936,0.53,3.953,6.415,2.888,0.4776,5.439,5.901,4.126,0.6017,7.257,5.833,2.299,0.5444,6.606,2.248,3.814,0.643,6.648,6.059,2.158,0.7069,8.807,2.838,3.683,0.5856,7.093,5.732,3.866,0.8067,8.115,6.337,3.304,0.7054,7.052,6.224,6.169,0.3845,5.352,5.734,4.536,0.5737,5.113,2.829,5.766,0.7211,5.531,4.148,5.596,0.5357,7.57,6.425,3.342,0.263,5.293,3.222,5.486,0.6647,5.878,5.699,3.232,0.76,6.073,5.17,4.881,0.6462,7.823,5.295,3.401,0.3558,6.661,5.496,3.332,0.7159,5.526,6.808,5.207,0.4218,4.14,4.77,2.544,0.5697,5.473,2.832,3.661,0.9405,9.404,3.632,3.495,0.5398,6.978,5.195,2.05,0.2471,6.313,3.364,2.229,0.7942,6.822,4.459,1.986,0.3797,11.132,6.719,3.767,0.1162,6.911,3.561,4.884,0.3658,6.693,6.227,3.563,0.5193,8.278,5.144,4.178,0.7381,8.596,4.12,5.402,0.3346,3.938,4.646,5.589,0.6491,3.981,5.204,4.324,0.5957,4.005,5.879,2.328,0.5604,4.422,7.095,4.986,0.6748,6.134,5.494,2.973,0.3646,5.011,1.467,6.766,0.7766,5.631,3.196,5.199,0.6996,5.02,5.776,5.27,0.5214,3.7,5.256,6.122,0.8266,6.235,3.72,3.154,0.3932,8.418,5.417,1.57,0.5012,7.32,4.312,4.552,0.7643,5.138,2.224,5.397,0.699,5.872,4.808,3.325,0.6125
ZF_28_Tuto_R8,Animal_28,Tutored_Subchronic_7d,168,0.5977,0.5169,0.1801,0.1267,0.0991,0.0772,9.968,5.979,2.922,0.5122,10.39,6.675,3.231,0.0874,9.479,6.422,3.963,0.2404,6.832,6.791,2.545,0.3269,6.009,4.824,3.905,0.1885,7.933,6.767,2.893,0.6106,8.829,4.748,2.888,0.8596,7.629,6.764,2.429,0.2877,10.284,5.843,1.609,0.02,7.203,7.913,3.473,0.6859,6.454,4.448,4.51,0.5294,5.801,6.944,3.935,0.4626,8.961,4.594,1.44,0.5624,6.848,4.331,4.164,0.4495,10.416,7.452,4.879,0.3324,6.67,4.396,2.351,0.4083,8.464,6.407,3.026,0.5174,8.29,9.165,1.616,0.02,4.777,3.648,4.903,0.5721,5.352,6.314,4.142,0.3796,9.204,5.593,2.447,0.6044,5.099,4.873,3.361,0.5573,3.889,3.551,6.77,0.5906,8.306,5.161,3.862,0.7396,7.166,2.706,6.047,0.8028,5.18,6.031,5.565,0.4648,9.868,7.662,1.797,0.3511,6.7,4.226,5.481,0.8062,9.266,5.753,2.836,0.2352,8.144,2.917,5.386,0.7007,4.884,4.566,3.565,0.2939,8.961,3.799,4.562,0.4485,4.003,3.909,4.638,0.32,6.127,4.799,5.763,0.4772,8.467,8.586,2.727,0.2864,7.408,6.912,2.941,0.6488,9.073,3.886,5.925,0.7987,7.213,6.102,0.929,0.2679,5.738,5.447,2.773,0.8438,5.306,3.327,5.379,0.4359,4.44,3.992,3.182,0.4718,4.261,3.037,5.491,0.6927,4.152,3.051,5.248,0.7332,5.955,5.133,5.625,0.6438,5.048,3.504,1.955,0.7,10.678,8.449,3.083,0.4067,5.514,5.235,2.393,0.409,8.544,6.953,3.8,0.4908,8.036,3.544,5.185,0.7215,5.018,8.668,2.643,0.5838,6.162,4.438,4.536,0.4257,7.325,6.253,3.453,0.3999,5.413,6.876,4.989,0.6067,7.93,6.823,3.224,0.4575,6.75,5.631,2.684,0.6116,6.68,4.308,3.101,0.6336,8.917,6.372,5.199,0.3653,5.163,4.762,3.456,0.5967,6.675,3.067,7.208,0.6315,5.44,5.843,5.616,0.6408,4.904,4.314,4.309,0.4393,5.536,2.329,5.842,0.2776,7.8,3.29,4.55,0.5067,4.038,5.062,5.385,0.2789,4.099,7.095,2.027,0.6889,6.566,5.348,4.987,0.6198,5.174,6.068,2.187,0.3053,8.447,5.111,1.934,0.6791,6.358,8.999,3.257,0.294,8.062,7.122,5.729,0.4987,4.797,4.664,4.793,0.3248,6.528,6.877,0.844,0.3199,8.351,5.749,3.564,0.4606,7.791,6.825,4.748,0.5429,4.177,6.42,2.525,0.7164,8.406,3.801,4.573,0.3937,6.883,5.27,5.174,0.5595,8.694,5.568,2.777,0.3048,8.54,6.636,3.36,0.3984,7.933,4.905,4.547,0.9284,9.121,7.914,0.731,0.4488,8.188,2.872,5.666,0.7485,6.141,5.281,2.803,0.4954,5.425,5.175,3.014,0.3507,7.947,7.563,4.593,0.4357,8.539,7.506,0.787,0.5144,7.559,3.062,4.267,0.4561,8.247,6.525,3.387,0.4864,7.471,7.366,3.592,0.1912,6.754,4.324,1.636,0.6309,4.205,3.077,4.348,0.4956,5.534,4.237,4.917,0.617,8.971,6.594,4.518,0.5223,7.606,6.861,5.537,0.3519,5.557,3.014,5.81,0.6359,8.072,4.2,4.164,0.6411,6.53,3.581,4.559,0.5934,7.322,3.815,4.041,0.6757,9.057,4.215,4.292,0.2918,6.31,5.055,5.758,0.406,9.027,6.026,3.329,0.4581,7.523,6.565,4.078,0.4064,9.223,3.684,2.88,0.7887,6.983,5.472,2.833,0.3662,5.457,4.635,5.462,0.5809,7.885,5.253,3.292,0.5698,6.123,5.605,3.94,0.7335,4.295,5.311,6.0,0.6966,6.721,2.246,5.022,0.5421,9.055,2.04,1.884,0.3725,7.271,3.511,4.865,0.6058,6.538,5.954,5.603,0.7516,4.118,3.792,6.412,0.5067,6.887,5.193,7.261,0.7777,6.701,4.933,4.749,0.9207,5.119,6.132,4.703,0.3305,8.64,6.945,4.2,0.7158,6.379,4.319,6.013,0.6605,6.676,3.203,3.805,0.7093,9.024,4.944,1.521,0.3591
ZF_29_Tuto_R9,Animal_29,Tutored_Subchronic_7d,168,0.6453,0.5286,0.1893,0.1078,0.103,0.0713,5.295,6.684,1.802,0.2896,7.002,8.217,2.923,0.4066,5.699,4.795,2.627,0.4362,7.368,3.897,3.68,0.3089,5.338,6.256,4.976,0.5298,7.238,8.843,1.664,0.6755,4.333,6.471,5.33,0.6956,9.775,9.823,0.507,0.0318,10.237,5.799,2.098,0.0314,5.984,4.302,3.519,0.8709,4.141,4.121,4.97,0.5772,7.183,4.327,4.959,0.7613,9.11,4.097,3.758,0.5322,9.442,5.023,2.405,0.2986,10.579,7.387,1.73,0.2147,9.384,5.827,3.027,0.3277,9.706,4.467,3.247,0.3665,9.232,8.673,0.1,0.2853,3.986,1.905,4.864,0.4816,6.655,6.352,5.251,0.7989,9.646,6.573,1.504,0.3192,7.58,5.767,5.246,0.7521,4.767,1.839,4.67,0.7488,4.42,3.792,2.248,0.7586,4.643,4.393,4.907,0.741,8.655,3.229,4.332,0.5211,6.856,4.317,2.675,0.4674,6.225,3.15,4.592,0.5753,8.007,4.212,0.762,0.3356,6.677,5.013,4.434,0.4614,8.819,6.322,4.554,0.56,4.713,3.491,4.539,0.4524,8.868,3.168,5.232,0.5867,8.212,4.018,5.196,0.4693,9.816,4.41,1.032,0.5424,6.13,3.589,5.303,0.3614,7.437,6.205,2.198,0.7582,8.628,7.402,4.136,0.5823,6.141,7.257,5.17,0.2905,5.386,5.574,5.274,0.3515,4.916,2.726,5.047,0.4801,6.402,3.183,2.832,0.3868,5.184,2.446,5.723,0.6939,4.403,4.515,3.445,0.5232,6.316,3.976,3.513,0.4816,7.361,7.675,1.131,0.6718,4.848,5.771,4.087,0.59,10.514,4.85,3.661,0.5258,6.675,4.352,3.354,0.8354,6.248,6.551,2.424,0.5733,9.213,5.576,3.394,0.5811,6.502,5.105,4.611,0.3252,5.114,6.989,2.521,0.3842,10.481,5.023,2.225,0.1755,8.807,3.362,2.91,0.3314,7.842,5.181,2.457,0.8201,5.513,3.223,4.379,0.4487,5.622,4.606,4.027,0.509,4.266,4.615,5.245,0.7075,6.858,6.479,2.654,0.5779,4.269,4.532,4.188,0.7235,5.72,4.381,5.47,0.5198,4.375,6.075,2.254,0.5234,3.975,5.379,4.419,0.6385,5.649,2.966,5.331,0.3599,7.245,4.857,3.288,0.2625,6.098,4.841,3.905,0.2586,4.268,6.688,3.315,0.6585,5.325,7.725,2.164,0.3931,5.322,6.352,3.405,0.4541,8.602,5.81,5.66,0.323,5.859,6.462,3.277,0.42,5.747,3.158,4.851,0.4176,4.752,4.085,2.831,0.5052,6.617,6.589,3.78,0.66,8.785,2.776,1.978,0.5425,5.986,5.669,5.317,0.613,8.082,5.003,5.84,0.3905,8.242,5.995,3.092,0.1082,3.546,5.901,4.84,0.9408,7.004,5.187,1.128,0.4528,5.765,5.525,4.656,0.3868,5.567,3.025,3.838,0.467,6.166,4.869,3.294,0.6123,4.389,5.196,5.717,0.4035,8.224,7.266,4.724,0.6431,6.7,6.969,3.589,0.7084,4.863,6.996,4.467,0.6097,8.273,6.674,1.795,0.5062,5.513,4.139,3.552,0.5456,8.03,3.964,3.486,0.6911,5.38,4.015,3.785,0.7574,7.834,6.157,5.848,0.5484,4.666,3.164,4.909,0.371,4.561,6.783,2.566,0.5504,4.353,3.132,5.183,0.3908,6.061,4.157,7.33,0.6375,7.85,2.503,5.541,0.4835,10.002,5.723,3.095,0.5906,5.614,3.136,2.572,0.824,6.711,5.802,3.292,0.4771,10.038,3.61,3.34,0.1767,4.384,6.546,4.079,0.3585,6.847,5.348,3.092,0.6398,4.678,2.832,3.518,0.5542,7.254,4.328,5.113,0.7299,7.231,2.558,4.337,0.4079,5.186,5.789,4.119,0.5979,4.624,3.447,1.769,0.5599,5.35,6.259,5.22,0.6784,3.503,2.446,2.691,0.272,4.887,5.567,3.73,0.7777,3.8,4.292,6.298,0.7981,4.094,3.034,5.637,0.5536,6.595,1.335,6.01,0.6162,3.851,5.936,3.856,0.5742,6.89,3.141,1.694,0.4334,8.418,4.564,4.913,0.7424,4.841,4.44,2.085,0.3899,6.472,4.8,2.456,0.4297
ZF_30_Tuto_R10,Animal_30,Tutored_Subchronic_7d,168,0.6261,0.5526,0.1911,0.0959,0.0958,0.0647,7.422,4.797,2.238,0.5097,10.374,8.367,3.295,0.3544,6.249,7.936,2.381,0.2688,6.654,6.031,3.128,0.6807,6.976,8.28,1.635,0.542,6.186,8.561,2.875,0.4166,8.941,5.995,5.639,0.856,8.186,7.302,1.162,0.02,6.855,8.236,0.847,0.1465,6.467,3.732,5.359,0.5501,6.598,3.142,4.736,0.3414,9.315,5.748,3.218,0.3782,10.596,7.831,1.289,0.1228,5.489,7.236,3.528,0.5036,9.436,5.612,2.458,0.6234,6.283,7.753,3.892,0.4946,9.988,7.751,2.132,0.5367,8.594,9.848,2.453,0.3501,4.435,4.221,5.883,0.7552,6.626,5.107,4.134,0.5862,10.458,5.568,2.025,0.214,7.849,4.743,4.584,0.3022,4.556,4.412,5.377,0.5675,4.485,3.086,3.06,0.4539,3.487,2.759,3.593,0.8771,6.679,3.318,5.222,0.3616,6.352,5.8,4.572,0.4047,5.736,3.881,4.922,0.2971,7.45,4.652,1.676,0.6639,5.926,6.712,5.62,0.525,5.539,3.119,3.506,0.5597,5.842,4.455,4.753,0.4699,7.012,5.081,3.805,0.3683,7.57,5.672,2.953,0.671,9.899,6.696,2.964,0.4103,4.381,6.077,3.232,0.6238,7.607,6.734,5.46,0.4539,6.581,8.794,1.67,0.2119,6.729,5.786,3.178,0.4837,7.507,4.917,3.235,0.3497,4.228,6.231,3.077,0.5872,6.462,3.667,1.913,0.6573,3.434,2.64,6.963,0.4773,8.75,4.698,4.235,0.6762,5.185,5.349,3.979,0.4075,7.959,4.86,1.965,0.4686,5.898,4.324,3.758,0.4187,6.232,3.836,4.854,0.4311,4.253,5.222,5.783,0.4797,7.311,5.729,3.19,0.731,6.461,4.111,2.593,0.1299,7.894,7.315,2.288,0.3714,5.983,3.63,2.982,0.505,7.987,8.158,4.258,0.5103,5.036,4.983,1.28,0.6763,4.956,2.983,3.902,0.6031,5.355,2.97,5.633,0.4534,4.248,5.58,6.135,0.376,2.797,3.357,3.553,0.6569,6.22,4.136,5.215,0.4286,4.765,7.372,4.887,0.6306,6.014,4.661,2.66,0.3506,5.818,5.43,5.2,0.359,7.689,5.356,5.276,0.5472,7.354,3.856,5.229,0.5015,5.323,5.976,2.973,0.6831,7.362,5.81,4.639,0.5975,3.796,7.009,5.926,0.6515,9.771,7.732,3.908,0.4798,6.098,5.625,2.589,0.6611,3.648,5.685,3.731,0.4527,7.103,8.939,2.401,0.5682,6.553,5.235,2.726,0.3702,9.227,4.873,3.708,0.2468,5.492,6.61,3.174,0.7062,3.956,5.917,4.146,0.7005,7.002,2.725,3.244,0.6275,6.628,3.0,2.444,0.3664,8.995,7.651,1.156,0.5243,6.569,4.582,6.518,0.5953,8.422,5.328,2.615,0.5488,8.614,3.191,5.18,0.5905,4.619,3.284,6.155,0.3394,4.772,4.533,3.894,0.5446,6.761,6.532,4.288,0.3259,9.021,5.43,1.68,0.4648,8.085,4.142,6.16,0.3122,6.838,7.075,5.234,0.6338,8.987,7.33,1.799,0.4446,8.78,6.04,3.158,0.6226,4.925,5.114,3.003,0.5618,7.246,3.195,2.857,0.6718,5.426,3.23,3.676,0.5599,8.218,5.798,5.569,0.6409,8.591,5.359,4.35,0.6954,8.2,4.505,4.109,0.4825,5.346,5.412,6.688,0.6799,4.759,4.181,3.755,0.3264,7.243,7.056,4.912,0.2928,7.004,5.243,4.274,0.7017,6.536,7.242,3.285,0.3784,7.293,7.693,2.473,0.5755,6.953,6.761,4.025,0.6751,7.165,5.464,5.965,0.6713,5.671,3.508,4.394,0.6197,8.022,4.777,5.578,0.3046,8.042,4.646,6.057,0.6847,6.703,5.711,4.515,0.3748,8.261,2.908,4.511,0.3372,5.518,3.59,3.47,0.5667,5.427,6.297,2.283,0.5225,7.152,2.386,6.209,0.5551,3.52,3.715,6.574,0.9455,6.905,5.578,5.059,0.8388,6.586,3.436,4.695,0.6932,4.307,3.764,3.279,0.522,6.043,3.961,3.909,0.6959,7.501,5.128,6.174,0.5684,8.254,5.715,2.669,0.1987,4.093,4.908,3.176,0.3823
ZF_31_Tuto_R1,Animal_31,Tutored_Mastery_30d,720,0.925,0.5506,0.1719,0.118,0.0959,0.0637,5.301,6.54,5.629,0.7385,12.069,10.375,4.336,0.1565,4.834,5.88,2.472,0.3677,8.668,5.559,2.948,0.5413,8.797,3.814,4.096,0.7664,7.639,5.816,2.498,0.6277,4.632,7.018,5.773,0.7964,8.935,4.242,3.418,0.572,4.802,3.004,3.269,0.3882,6.796,4.687,6.044,0.9399,5.123,7.068,4.218,0.4992,6.635,4.306,5.355,0.4762,6.824,5.402,1.018,0.3092,10.196,6.153,1.561,0.2145,8.114,7.69,0.649,0.0303,9.356,6.738,2.61,0.0912,8.812,8.589,4.056,0.2918,6.3,4.444,4.532,0.4531,4.378,5.178,5.056,0.98,4.527,2.605,2.029,0.257,8.922,4.427,0.927,0.2017,7.396,5.093,4.25,0.3229,3.519,1.574,6.462,0.949,5.892,5.639,4.918,0.4544,4.613,4.228,6.83,0.6213,7.997,5.75,6.008,0.5425,7.074,4.682,3.826,0.604,8.941,4.355,3.317,0.4513,5.551,3.955,5.14,0.4962,6.087,3.768,1.815,0.6333,6.36,6.799,5.208,0.5498,7.526,5.359,1.921,0.6531,4.794,6.797,3.514,0.6,5.301,3.371,6.276,0.6577,7.911,3.375,5.701,0.4691,7.89,2.595,5.652,0.5953,8.677,3.448,5.056,0.6558,8.437,2.727,2.701,0.5457,7.517,2.745,1.826,0.6963,6.445,5.969,2.544,0.4788,8.169,5.822,5.329,0.3352,5.392,2.884,5.381,0.7396,4.184,1.83,4.986,0.7786,5.126,4.431,4.478,0.6916,7.63,5.571,5.841,0.6835,6.503,2.571,2.692,0.722,7.553,7.155,4.364,0.6706,7.829,8.296,0.489,0.2007,6.128,4.644,3.6,0.7715,5.542,5.97,4.533,0.4101,10.534,7.848,2.484,0.1065,7.334,3.657,5.671,0.5836,6.122,3.612,3.524,0.5138,9.054,4.895,0.779,0.395,8.742,3.426,5.567,0.4072,7.291,4.599,2.695,0.3513,5.253,4.206,5.032,0.3816,4.5,3.465,5.018,0.3953,3.364,4.702,4.868,0.8324,8.997,6.245,4.936,0.6764,7.178,5.479,5.269,0.6457,5.664,5.914,3.82,0.3228,3.661,6.877,5.674,0.5992,6.872,7.213,3.987,0.4228,8.249,6.857,4.085,0.688,7.495,5.109,2.078,0.7486,7.207,3.454,3.417,0.5623,4.024,4.333,2.206,0.3915,4.726,4.686,2.594,0.424,5.433,6.844,3.444,0.4876,6.647,5.722,2.61,0.3882,4.628,2.989,2.833,0.4375,8.622,5.955,3.744,0.3969,4.667,6.866,2.573,0.4612,8.075,4.624,6.383,0.6553,5.455,6.242,5.24,0.391,4.013,3.931,3.595,0.4965,6.962,4.686,3.287,0.7036,10.885,4.098,3.331,0.1162,6.227,4.836,5.087,0.98,6.828,2.323,5.136,0.3952,7.236,4.408,2.816,0.6972,6.178,3.364,3.654,0.5363,5.348,3.886,5.313,0.7731,6.187,5.275,5.407,0.675,6.219,6.101,5.11,0.2926,4.254,5.992,3.314,0.3853,5.204,5.757,5.052,0.6174,11.144,8.078,2.173,0.0965,5.787,4.662,3.202,0.6685,5.849,3.008,2.856,0.7754,5.008,2.962,2.474,0.6252,7.764,6.452,4.662,0.4037,6.85,3.881,3.925,0.8668,7.125,3.496,2.995,0.5642,4.814,3.563,5.542,0.7915,7.354,4.262,5.047,0.6522,5.903,2.649,5.615,0.3335,6.45,7.809,4.41,0.2672,7.298,5.433,3.081,0.5736,10.208,5.691,3.395,0.3144,9.674,6.57,2.716,0.2432,6.687,3.083,4.11,0.3742,6.267,6.49,4.895,0.7077,5.599,3.132,3.65,0.4358,4.8,4.879,3.588,0.5605,8.434,3.75,4.101,0.6859,5.124,2.966,4.809,0.7136,7.868,4.997,2.32,0.5498,5.248,1.862,1.966,0.3927,6.908,3.176,3.66,0.7959,4.766,2.838,7.578,0.5904,6.66,5.621,7.617,0.98,5.283,1.515,7.217,0.9054,6.551,1.195,5.983,0.6262,4.136,6.192,6.367,0.34,7.408,5.758,4.538,0.7555,5.037,3.394,5.505,0.3579,4.328,5.981,3.493,0.6923,8.531,6.183,2.45,0.8012
ZF_32_Tuto_R2,Animal_32,Tutored_Mastery_30d,720,0.9162,0.5467,0.1685,0.1029,0.1153,0.0666,7.32,2.848,2.777,0.7094,10.167,8.993,2.977,0.4558,5.08,6.935,2.968,0.6804,8.987,2.752,4.44,0.3319,6.951,3.188,2.648,0.4766,5.193,4.604,5.695,0.6491,4.631,3.459,4.864,0.6837,5.376,5.858,3.497,0.5132,5.8,5.507,3.958,0.4714,8.311,3.073,5.413,0.6876,6.774,5.39,3.363,0.3317,4.884,2.87,6.797,0.6412,8.377,5.329,1.948,0.2101,7.773,8.247,3.32,0.3283,9.009,6.665,3.353,0.3607,8.126,5.816,0.966,0.1093,7.922,6.354,1.624,0.251,6.172,6.036,2.701,0.4587,6.477,3.014,6.811,0.779,7.566,4.985,5.246,0.7551,8.424,7.742,0.52,0.5028,6.453,6.279,5.416,0.4827,2.752,2.452,6.209,0.5921,7.711,2.314,2.647,0.4274,4.836,1.291,4.893,0.8083,6.052,4.667,4.154,0.4453,5.369,2.68,4.481,0.7988,6.144,5.313,5.375,0.2714,7.324,5.454,4.128,0.5566,7.57,3.329,2.164,0.4127,4.332,5.731,6.207,0.7618,4.56,3.956,5.713,0.5577,5.335,4.909,3.914,0.4088,6.963,5.87,4.117,0.4307,8.346,3.774,5.151,0.4277,6.481,5.499,5.925,0.5216,8.13,4.273,2.435,0.5787,4.969,5.184,1.756,0.6089,3.989,4.84,6.219,0.431,8.129,3.662,4.894,0.4865,4.954,5.242,3.361,0.595,4.494,7.449,2.048,0.3768,5.115,3.245,7.226,0.8473,6.812,3.13,3.094,0.6777,5.831,3.328,4.401,0.7379,6.648,5.814,2.168,0.5158,7.956,7.083,3.657,0.3865,7.832,6.064,2.585,0.3672,6.386,4.624,3.935,0.3002,5.877,3.478,2.382,0.6855,11.143,5.667,0.918,0.0713,8.802,4.487,3.526,0.6397,7.399,4.601,2.922,0.3161,7.397,7.424,3.516,0.4704,4.088,4.176,2.997,0.4096,7.234,3.62,2.523,0.6241,4.913,5.879,3.683,0.3594,6.441,4.15,5.395,0.4977,3.441,3.545,4.26,0.5826,6.746,6.072,4.944,0.7168,7.378,4.733,4.396,0.7353,7.513,3.225,2.968,0.3606,5.707,3.409,2.969,0.5836,5.147,2.4,5.307,0.701,7.793,5.712,4.75,0.3951,7.512,6.038,4.497,0.3598,8.456,6.091,1.992,0.6452,8.742,5.885,4.441,0.7001,4.591,6.284,5.476,0.4355,5.834,2.931,3.918,0.6802,5.648,3.277,4.736,0.609,4.921,5.721,4.289,0.4633,6.685,3.493,2.779,0.5052,5.141,3.243,4.031,0.3749,3.704,3.18,2.694,0.4562,7.754,6.54,3.807,0.5698,6.406,3.709,5.83,0.5968,4.519,3.906,4.697,0.4917,11.755,4.867,1.886,0.3244,2.979,2.32,7.722,0.98,7.608,7.025,5.168,0.6229,7.728,4.377,3.649,0.8124,5.336,6.673,3.708,0.7358,8.402,2.844,3.094,0.7258,8.55,4.98,4.757,0.4236,8.75,5.233,5.474,0.3663,7.575,3.89,4.057,0.4231,7.481,5.174,4.405,0.5068,6.583,6.752,0.936,0.3258,5.405,6.063,2.592,0.313,5.085,3.615,2.904,0.5192,5.017,6.481,2.74,0.7611,3.725,4.639,3.209,0.733,5.012,5.781,3.851,0.5423,6.556,4.44,4.97,0.3894,5.42,6.222,5.279,0.4517,3.909,3.555,5.527,0.6327,5.309,3.224,3.699,0.6291,10.136,7.732,3.745,0.2766,5.648,4.165,1.975,0.7359,10.317,8.182,1.205,0.1146,9.522,8.039,4.097,0.3762,4.782,6.158,3.378,0.5539,6.25,4.569,4.701,0.7182,8.941,4.071,3.582,0.4918,8.518,4.399,3.093,0.6032,5.551,5.22,2.239,0.6229,6.215,3.898,6.038,0.5782,4.79,6.424,4.13,0.4058,7.237,6.328,2.323,0.3112,8.982,3.141,5.208,0.6673,7.537,6.315,6.651,0.7259,3.434,4.011,5.19,0.8977,6.274,5.412,5.713,0.7012,2.199,1.145,7.417,0.6074,7.989,3.83,3.148,0.5246,8.767,4.544,4.258,0.4233,8.48,5.062,3.083,0.4759,6.079,7.14,5.731,0.481,5.101,6.512,2.744,0.3316
ZF_33_Tuto_R3,Animal_33,Tutored_Mastery_30d,720,0.9048,0.5435,0.1639,0.1102,0.1115,0.0709,8.515,2.333,2.98,0.3109,11.031,6.386,2.574,0.226,4.993,5.075,4.973,0.5314,4.566,2.689,2.799,0.546,6.872,5.354,4.742,0.6274,7.91,3.821,4.692,0.7675,8.898,5.726,4.315,0.6205,5.312,6.475,3.81,0.593,9.684,5.539,2.635,0.4293,4.773,5.741,5.366,0.8755,3.88,4.284,4.787,0.4549,8.079,4.998,5.483,0.8771,9.174,4.565,2.851,0.0717,8.086,5.55,3.923,0.2298,5.954,4.365,1.03,0.0841,7.315,5.609,4.424,0.1458,11.167,7.402,1.67,0.3489,7.67,7.194,3.285,0.4521,2.716,5.298,6.589,0.6276,8.161,3.84,4.851,0.5721,9.56,7.754,2.728,0.1424,4.931,4.291,2.26,0.385,4.875,2.252,5.51,0.6687,6.65,6.285,3.224,0.581,6.537,3.937,7.701,0.98,7.521,3.09,2.609,0.4561,7.421,3.495,3.787,0.3706,6.656,3.657,2.855,0.5651,8.109,4.984,5.389,0.532,7.649,5.997,3.087,0.5978,9.54,3.751,4.224,0.384,6.744,6.683,3.942,0.626,4.399,3.709,3.195,0.325,8.017,4.983,2.148,0.5176,8.277,3.727,4.636,0.5309,6.491,4.11,5.029,0.4018,7.99,5.722,4.848,0.5285,8.848,3.769,5.266,0.4814,6.359,6.614,4.996,0.4686,8.076,5.748,2.287,0.4389,4.506,6.479,3.298,0.2432,4.682,5.472,4.82,0.442,6.403,3.353,7.573,0.7548,6.551,2.805,2.317,0.3741,3.762,3.994,5.032,0.3737,8.012,4.544,4.825,0.3987,6.345,5.212,4.063,0.4718,8.621,7.466,2.197,0.3267,8.0,3.961,3.202,0.8338,8.31,4.556,3.638,0.4891,10.753,7.8,1.128,0.2697,9.416,6.73,5.737,0.7238,5.681,5.379,4.03,0.6737,7.654,6.616,2.818,0.0217,4.586,4.607,2.213,0.5081,4.671,6.239,4.274,0.7367,5.68,3.456,4.1,0.719,6.087,5.525,4.093,0.4912,6.989,3.824,4.73,0.6494,7.319,6.306,5.443,0.7231,7.68,6.176,2.928,0.6594,7.596,4.44,2.973,0.5225,4.556,4.058,3.697,0.4829,6.464,5.575,2.267,0.6587,4.0,7.375,2.851,0.3705,9.082,6.514,3.981,0.6981,5.494,4.767,3.337,0.6395,6.419,6.901,4.809,0.3227,6.372,5.394,2.556,0.7328,8.656,5.515,2.161,0.4264,8.407,4.755,4.772,0.4275,6.896,4.441,2.059,0.7052,6.962,5.268,3.85,0.5156,8.317,6.079,5.468,0.6295,8.106,4.443,4.245,0.3213,8.683,5.968,5.643,0.6722,6.516,6.093,6.087,0.4068,8.376,4.217,4.41,0.3806,9.116,5.06,3.228,0.2386,6.082,4.721,5.185,0.8513,4.826,5.758,5.517,0.3231,5.233,4.759,2.9,0.6017,7.319,5.833,2.838,0.6486,7.745,4.841,2.371,0.4909,8.055,5.565,6.031,0.5021,8.389,6.892,3.047,0.7611,7.523,4.048,2.141,0.6996,6.937,5.415,4.03,0.581,9.177,7.942,2.351,0.0965,5.634,3.882,3.04,0.6769,8.249,4.619,2.952,0.603,6.266,5.744,4.273,0.5516,5.248,4.263,5.106,0.5181,8.139,4.602,1.921,0.792,7.889,6.581,4.832,0.7265,4.239,5.347,6.023,0.2583,3.971,2.656,7.236,0.7271,5.034,3.364,4.07,0.4795,8.935,7.124,1.86,0.1472,5.349,4.9,3.567,0.2888,6.582,8.233,0.856,0.1419,10.303,5.371,1.632,0.2647,3.676,4.137,5.83,0.4227,5.661,6.836,4.237,0.5564,7.091,6.409,4.605,0.6987,7.499,4.657,5.453,0.6057,6.305,4.027,6.327,0.4464,8.321,3.38,5.607,0.6714,4.672,2.454,2.147,0.6162,8.683,3.3,5.714,0.569,7.623,3.724,4.606,0.3258,2.99,1.675,5.814,0.8745,5.315,4.181,6.601,0.98,6.628,1.644,4.697,0.6474,7.079,2.484,7.426,0.6241,5.475,5.674,2.443,0.606,8.453,5.799,4.585,0.5381,5.472,2.593,4.525,0.4192,4.9,5.836,5.761,0.3178,5.845,3.096,3.469,0.4828
ZF_34_Tuto_R4,Animal_34,Tutored_Mastery_30d,720,0.9442,0.5469,0.1649,0.1124,0.0995,0.0763,8.316,5.115,2.036,0.6029,11.9,6.422,2.585,0.02,4.035,5.641,3.333,0.5267,4.886,6.354,5.446,0.485,8.627,5.535,2.904,0.6904,8.307,6.091,2.507,0.6646,7.94,4.996,6.425,0.6172,6.627,5.002,3.176,0.5516,8.291,5.206,3.558,0.3187,4.11,6.505,7.477,0.7452,7.961,6.575,2.164,0.4012,8.97,4.93,4.205,0.5426,6.746,6.671,3.505,0.1493,6.566,4.99,0.67,0.0732,6.736,5.229,4.226,0.179,7.686,7.373,1.792,0.4214,9.784,7.76,2.107,0.02,9.143,5.388,3.054,0.2928,5.979,1.487,3.912,0.5916,5.096,3.651,5.704,0.6419,11.373,6.668,4.282,0.0712,6.289,4.848,4.838,0.6931,5.037,1.773,7.8,0.72,6.671,3.165,3.064,0.5251,2.565,3.138,6.452,0.7076,5.632,4.595,5.367,0.7828,5.978,3.483,4.271,0.5088,8.367,4.669,4.945,0.7923,5.063,6.379,4.163,0.3709,4.396,4.512,3.268,0.5969,5.587,4.46,3.09,0.827,4.598,3.029,4.865,0.5122,7.863,6.367,2.199,0.5294,8.385,5.041,4.941,0.462,4.656,5.981,4.007,0.3257,5.366,3.196,5.63,0.5362,8.548,4.854,5.015,0.6687,7.034,4.271,5.096,0.3263,8.602,6.665,2.45,0.3935,5.395,5.435,3.367,0.5174,8.156,4.424,4.685,0.6623,7.755,6.572,4.344,0.4677,3.998,5.17,6.477,0.9194,3.884,3.848,2.757,0.6107,3.953,6.379,5.372,0.6965,8.574,5.543,4.234,0.6431,5.603,3.578,2.867,0.5089,10.371,5.48,1.452,0.4034,7.608,5.561,5.345,0.3945,6.203,6.504,3.779,0.3455,10.025,5.903,4.15,0.044,8.215,6.631,3.478,0.4558,6.483,2.539,5.341,0.4248,9.02,4.142,3.899,0.1811,5.48,3.507,5.658,0.7245,5.045,6.23,5.747,0.4661,7.043,3.991,3.587,0.7627,7.75,3.787,4.289,0.487,6.092,4.603,7.227,0.8252,4.393,6.105,4.838,0.5411,7.908,5.74,2.584,0.3708,3.788,6.277,3.678,0.3415,4.839,4.964,4.363,0.3948,7.501,3.009,4.185,0.5252,4.892,6.201,2.302,0.5176,7.452,2.474,2.207,0.7415,8.344,3.607,5.077,0.2772,6.255,3.376,3.601,0.3543,6.469,3.39,5.843,0.3631,6.216,3.513,3.834,0.6525,6.395,4.952,4.218,0.4423,7.666,6.738,5.443,0.6589,8.675,6.448,2.817,0.7274,9.427,4.358,3.043,0.552,7.762,3.126,4.366,0.7381,4.278,6.934,5.725,0.2587,5.291,5.427,4.215,0.7954,5.232,5.91,4.632,0.3853,7.35,5.984,3.663,0.02,2.646,3.799,4.953,0.9222,7.999,6.23,2.798,0.5339,4.732,6.604,3.356,0.3571,6.13,4.622,5.472,0.3338,9.361,4.453,3.879,0.6394,6.592,3.166,4.292,0.4092,6.453,4.371,2.952,0.6876,8.142,4.714,5.965,0.7747,4.648,2.795,4.595,0.5642,11.667,4.765,3.662,0.02,8.866,2.767,5.299,0.7087,9.045,5.14,1.976,0.7608,6.891,5.367,2.281,0.6886,3.746,7.043,3.467,0.7825,8.009,3.928,4.048,0.6829,7.308,2.571,4.093,0.6342,4.925,3.688,6.147,0.2543,4.109,3.968,6.034,0.7391,4.933,3.534,5.235,0.5825,7.57,8.414,0.749,0.3625,5.294,6.831,4.536,0.6818,8.036,8.633,2.629,0.4922,10.333,6.227,1.925,0.0749,7.797,4.707,4.796,0.5681,6.083,5.171,5.667,0.4381,8.545,2.677,2.867,0.5268,6.751,6.458,5.983,0.72,4.076,6.59,4.499,0.7472,8.292,4.486,4.999,0.3285,6.487,4.602,5.571,0.5741,5.553,5.2,3.693,0.6741,7.707,5.317,5.556,0.8046,4.044,2.102,6.561,0.8492,3.689,4.147,5.889,0.7948,4.022,3.641,3.557,0.8299,2.183,5.314,5.076,0.6401,4.376,4.33,5.484,0.4651,6.826,4.4,2.395,0.393,4.572,5.373,3.456,0.3708,7.734,3.617,4.745,0.6782,6.061,6.109,5.099,0.4553
ZF_35_Tuto_R5,Animal_35,Tutored_Mastery_30d,720,0.9791,0.5513,0.1761,0.107,0.1,0.0655,6.459,5.368,2.804,0.5065,10.231,9.804,3.595,0.4059,6.226,3.776,5.505,0.368,4.533,5.053,5.592,0.4641,5.41,6.306,2.354,0.7183,7.561,6.441,2.762,0.3802,4.685,5.823,5.911,0.5282,4.704,4.06,2.752,0.4522,4.995,5.352,3.301,0.5254,4.383,5.25,3.78,0.9088,6.486,3.008,2.084,0.3581,6.32,6.303,7.451,0.8281,8.983,4.931,1.089,0.3723,11.124,4.775,1.702,0.5133,10.576,6.08,0.337,0.2037,10.43,8.223,3.262,0.1408,9.343,6.6,2.838,0.2457,9.006,4.439,5.623,0.5434,1.854,2.051,3.958,0.8366,5.765,2.612,3.944,0.4903,10.954,4.538,2.633,0.1956,8.254,3.761,2.442,0.6011,6.633,1.147,6.187,0.6063,8.321,6.373,3.88,0.7031,4.917,5.098,5.082,0.8662,7.764,2.734,3.56,0.7798,5.22,4.289,3.126,0.6146,4.877,4.409,4.471,0.3812,4.537,4.082,4.911,0.6968,8.083,5.182,2.616,0.7462,6.554,3.751,5.326,0.8078,7.673,4.5,4.439,0.574,6.412,6.251,4.095,0.6735,4.806,2.923,5.412,0.313,7.544,4.34,6.305,0.4552,6.968,6.513,5.553,0.794,3.966,3.266,2.857,0.365,8.427,4.577,5.321,0.4226,5.538,7.24,3.774,0.3868,5.525,2.979,4.24,0.3799,5.541,3.64,3.375,0.424,7.388,5.162,3.147,0.5323,6.86,5.339,7.795,0.98,4.687,5.24,4.202,0.5806,4.22,4.034,4.411,0.4888,8.717,2.371,4.16,0.3351,7.883,5.154,3.597,0.3767,6.05,7.453,2.446,0.2714,7.003,6.249,4.344,0.3686,8.533,2.28,3.008,0.7256,10.593,8.778,0.628,0.2635,7.921,3.263,5.536,0.3886,5.063,4.087,2.997,0.4334,8.496,6.652,2.619,0.4562,5.75,5.857,3.632,0.2399,5.443,6.595,3.749,0.3469,8.341,5.637,2.171,0.3261,5.365,3.969,4.729,0.3838,1.968,2.78,6.285,0.98,4.859,3.886,4.916,0.417,5.289,5.79,3.466,0.6856,5.829,4.713,2.979,0.7495,7.923,4.363,3.068,0.7744,8.538,4.589,3.949,0.5634,8.254,5.221,3.528,0.7218,5.352,4.723,5.403,0.4848,6.99,4.302,3.202,0.5432,7.244,4.158,3.195,0.5842,6.044,4.571,5.725,0.6648,4.047,5.843,5.315,0.6514,8.856,3.486,4.241,0.5768,5.364,3.275,3.769,0.3715,6.428,3.602,6.095,0.3564,6.643,3.329,4.102,0.3134,7.293,7.349,2.961,0.5991,8.065,7.192,2.281,0.4896,6.675,4.247,3.201,0.7472,5.414,3.125,5.08,0.6489,7.485,7.446,0.459,0.2362,4.918,4.43,6.273,0.7669,6.953,6.696,4.532,0.4158,6.716,2.768,4.314,0.5489,8.171,2.318,2.468,0.3445,5.734,6.648,5.216,0.4373,5.854,5.771,5.074,0.3172,7.443,3.031,5.769,0.4717,4.802,2.948,4.28,0.5066,4.49,5.936,5.039,0.4254,9.808,7.319,0.205,0.3704,4.681,2.655,4.07,0.6872,7.437,4.903,5.385,0.6812,5.38,5.804,3.581,0.6918,6.903,4.709,5.038,0.3766,3.857,3.868,2.985,0.3537,7.014,5.388,2.341,0.4897,9.063,3.615,4.516,0.6758,3.93,2.693,6.497,0.98,5.416,5.957,2.008,0.7521,9.669,8.328,3.364,0.4228,5.36,2.371,5.528,0.412,9.87,8.211,3.458,0.3187,10.522,7.416,0.587,0.1831,8.531,6.136,2.872,0.3608,6.034,3.678,3.352,0.6835,7.61,3.309,4.008,0.3618,7.25,6.753,4.964,0.4403,7.922,6.883,3.455,0.5226,5.937,5.471,5.152,0.5396,6.223,3.909,5.822,0.3225,7.031,4.198,3.259,0.3523,7.902,4.964,5.81,0.7273,2.622,4.406,5.17,0.98,5.494,5.23,3.928,0.5868,5.768,1.4,6.762,0.8493,6.774,3.191,7.138,0.9212,4.454,5.287,3.275,0.6089,6.677,4.945,3.517,0.6921,8.202,4.866,5.138,0.381,8.066,3.35,5.554,0.6706,6.836,6.465,3.169,0.7544
ZF_36_Tuto_R6,Animal_36,Tutored_Mastery_30d,720,0.9827,0.5894,0.1571,0.1094,0.0936,0.0506,6.539,2.48,3.782,0.5433,10.348,6.726,4.178,0.3121,7.931,4.097,4.528,0.4206,4.065,6.486,3.852,0.5546,6.788,3.949,4.758,0.4821,4.359,2.795,1.765,0.6124,6.851,6.096,6.191,0.6816,6.61,4.723,3.601,0.5687,8.43,3.709,5.633,0.6158,4.713,2.881,3.86,0.8048,4.912,3.326,3.58,0.3334,6.76,3.813,4.963,0.6471,8.902,4.788,4.053,0.02,9.238,8.78,4.222,0.1603,9.329,5.475,2.561,0.0833,7.682,5.795,3.509,0.1659,11.142,5.836,2.548,0.2073,4.536,6.567,4.689,0.6793,1.898,5.327,7.156,0.7809,6.97,3.795,5.218,0.3233,9.928,6.596,3.1,0.3876,7.095,4.15,4.176,0.4604,4.696,3.269,5.134,0.98,7.531,5.871,3.58,0.5311,5.313,3.158,5.06,0.5885,6.387,7.103,3.565,0.6134,8.383,3.885,2.214,0.6715,4.686,3.622,4.632,0.6741,4.342,5.194,5.461,0.7628,4.588,3.473,3.24,0.8068,5.965,4.065,4.329,0.4574,7.138,5.09,5.739,0.7626,4.925,4.509,4.54,0.5424,3.841,5.559,2.4,0.3445,8.387,6.692,4.699,0.661,5.016,7.096,1.858,0.461,6.112,2.68,5.986,0.6726,7.353,3.215,5.883,0.4124,8.34,5.044,5.254,0.4992,9.064,3.6,2.458,0.752,5.471,2.871,5.812,0.4356,5.55,2.576,3.648,0.3996,6.534,5.032,3.83,0.9738,7.792,5.688,2.796,0.3688,8.649,5.416,3.245,0.5799,6.197,3.813,2.663,0.5193,8.813,4.717,5.378,0.8145,10.924,7.758,1.843,0.02,4.834,3.027,5.614,0.6309,7.72,3.872,2.661,0.6705,7.872,7.152,3.161,0.4877,6.386,5.27,5.943,0.6727,6.588,6.728,4.366,0.5054,10.763,8.029,2.35,0.4012,4.947,6.389,4.605,0.5559,5.685,5.318,2.048,0.7034,6.903,3.976,2.409,0.5756,4.921,4.796,3.122,0.3601,6.925,4.527,5.242,0.5797,6.225,3.855,2.16,0.6702,7.904,5.371,4.53,0.5426,8.265,6.82,4.506,0.5432,8.275,3.597,5.884,0.5838,7.993,6.133,4.529,0.5951,7.765,4.361,2.656,0.5105,5.026,4.432,1.884,0.4124,8.595,6.364,2.815,0.49,7.483,2.588,5.597,0.7023,6.266,2.552,5.18,0.3897,5.177,5.44,4.377,0.3292,8.872,5.471,5.232,0.8089,3.533,3.259,5.409,0.5152,5.012,4.075,2.461,0.5123,5.187,6.423,5.705,0.4075,9.453,6.529,4.756,0.6866,5.106,6.521,3.102,0.75,4.656,3.146,4.294,0.674,4.079,3.803,4.079,0.6425,8.655,5.748,3.886,0.109,3.023,3.075,6.717,0.7624,6.644,4.329,4.49,0.6307,5.569,6.389,4.744,0.7226,6.869,6.5,2.98,0.3015,6.075,3.465,3.677,0.7369,6.58,3.168,5.396,0.6642,4.871,5.737,4.977,0.3079,8.688,6.431,6.144,0.3628,7.816,6.394,5.218,0.5601,6.926,5.221,2.537,0.3428,8.641,5.159,3.531,0.395,9.303,7.324,2.807,0.8256,6.273,3.259,2.886,0.6839,8.638,6.082,2.863,0.5006,7.044,5.001,2.976,0.6921,6.57,3.905,5.374,0.3079,4.482,3.283,4.722,0.7624,2.801,3.635,6.004,0.98,7.612,4.208,4.884,0.3725,10.156,7.77,3.47,0.1866,7.826,5.015,5.249,0.7856,8.46,6.995,2.199,0.4343,6.578,8.575,0.651,0.2255,5.164,4.646,4.421,0.5069,8.06,4.293,4.192,0.7134,7.551,5.212,5.677,0.3371,5.51,4.668,3.173,0.6365,8.532,6.349,3.949,0.5384,3.878,4.562,2.833,0.3286,5.928,2.51,4.728,0.4378,4.137,5.306,5.171,0.5299,9.227,6.424,2.705,0.4849,5.092,1.663,7.004,0.6764,5.674,3.422,7.045,0.5715,1.469,2.326,5.44,0.8533,6.996,1.27,4.87,0.8546,7.313,5.267,4.419,0.3901,6.556,6.855,4.459,0.5768,8.994,4.664,6.091,0.7071,5.959,2.814,3.324,0.7629,5.807,6.17,5.632,0.5306
ZF_37_Tuto_R7,Animal_37,Tutored_Mastery_30d,720,1.0,0.5473,0.1893,0.0974,0.0964,0.0697,4.338,6.574,2.329,0.4895,10.784,9.684,2.672,0.3177,7.381,5.286,2.074,0.4906,7.441,3.369,3.881,0.5228,4.726,2.856,3.954,0.4149,4.8,5.621,3.469,0.5945,4.988,5.082,6.709,0.5596,4.512,5.257,4.146,0.5284,4.981,7.191,4.413,0.7805,5.652,6.02,6.65,0.5472,7.436,2.358,4.591,0.6675,6.393,2.47,6.727,0.5232,9.787,8.096,2.869,0.4345,10.446,4.68,1.168,0.3241,8.945,7.33,2.747,0.0546,8.602,5.321,3.084,0.0651,9.953,6.173,1.038,0.02,5.19,6.511,2.481,0.4237,4.21,1.995,6.088,0.9333,4.866,4.046,3.258,0.4405,9.453,4.894,1.057,0.0921,8.699,3.115,3.705,0.5228,4.328,3.93,6.239,0.6726,7.81,5.777,5.359,0.4046,5.274,2.497,7.209,0.819,6.28,4.035,5.863,0.694,6.558,5.358,5.709,0.4911,5.372,3.711,3.407,0.6969,7.116,4.659,3.512,0.5078,6.219,3.397,3.181,0.4142,7.856,2.787,4.427,0.6573,5.409,3.21,2.694,0.6333,6.659,6.538,4.469,0.7025,4.71,4.289,3.404,0.758,3.86,4.919,5.747,0.6261,4.901,2.725,2.984,0.5352,8.523,5.523,5.052,0.7582,6.116,6.802,5.401,0.3515,8.877,5.443,2.359,0.7622,6.984,3.795,2.244,0.6775,8.238,5.752,5.8,0.4557,4.163,5.014,5.03,0.4108,2.557,1.316,7.347,0.98,8.601,5.266,3.662,0.4429,5.626,2.941,3.868,0.7237,5.28,5.441,3.321,0.6723,4.415,5.519,2.807,0.4093,8.144,4.309,1.866,0.1409,4.977,4.718,4.729,0.7779,6.621,6.639,3.012,0.5815,9.468,6.218,2.199,0.1063,6.488,3.273,4.788,0.7142,3.983,4.744,6.032,0.7042,10.592,7.12,0.538,0.089,5.106,3.795,2.091,0.339,4.74,3.135,2.657,0.546,4.676,4.801,5.381,0.5267,8.852,6.479,4.348,0.3189,5.487,4.997,4.441,0.8264,4.439,6.212,4.118,0.6903,8.527,6.177,2.525,0.5232,8.361,5.967,2.24,0.7342,7.544,5.394,4.838,0.7854,8.209,2.584,4.612,0.2977,4.906,4.676,4.079,0.5542,4.909,4.858,4.373,0.7696,6.557,2.708,2.762,0.4029,6.699,7.379,5.993,0.3237,4.782,6.9,3.494,0.6645,5.438,2.763,5.752,0.7076,6.808,2.837,3.264,0.6856,8.693,2.743,6.055,0.3122,9.13,5.008,4.29,0.5723,7.998,5.815,3.457,0.5386,6.227,3.636,4.734,0.2877,5.984,2.826,4.328,0.6116,6.84,6.054,5.078,0.6616,5.219,5.023,2.679,0.3325,9.349,8.118,1.83,0.1937,6.254,3.964,4.277,0.8241,6.567,4.461,3.054,0.4372,8.699,5.117,4.547,0.7032,7.541,4.07,5.927,0.4384,4.195,3.083,4.707,0.718,7.054,3.106,3.598,0.4706,5.386,6.8,5.909,0.3163,7.629,3.997,4.356,0.6266,7.525,3.983,4.089,0.7738,7.415,4.787,2.155,0.2534,6.807,4.938,5.159,0.7436,6.561,3.564,3.19,0.6266,7.73,4.198,5.477,0.3445,7.242,6.788,3.977,0.3004,4.897,6.329,2.17,0.7925,4.564,5.165,3.515,0.477,4.756,6.731,4.593,0.357,2.84,3.412,5.296,0.6672,6.546,3.44,2.817,0.4232,11.696,7.218,3.345,0.2869,7.802,2.604,5.567,0.6531,9.525,6.926,0.541,0.1854,8.17,8.51,1.149,0.301,5.376,6.306,5.634,0.556,3.428,4.637,2.457,0.3332,6.765,5.131,2.997,0.6261,5.593,5.199,3.187,0.6445,4.416,4.698,1.986,0.6914,5.773,5.374,2.281,0.6476,6.905,5.702,5.862,0.8345,7.675,3.978,3.378,0.7128,8.634,5.089,4.874,0.343,3.398,1.239,4.669,0.9322,3.273,3.431,8.005,0.98,6.836,2.117,6.916,0.5435,4.048,1.196,4.061,0.98,4.426,3.525,5.507,0.683,8.156,6.192,3.126,0.5609,5.497,3.827,2.423,0.6671,4.667,4.749,5.328,0.4459,5.443,3.722,4.567,0.3881
ZF_38_Tuto_R8,Animal_38,Tutored_Mastery_30d,720,0.8968,0.5602,0.162,0.0956,0.113,0.0693,4.887,5.457,4.717,0.4193,10.615,7.103,1.317,0.1211,5.343,7.172,2.179,0.6767,7.583,5.657,2.204,0.3342,6.392,6.398,5.641,0.4018,4.314,3.709,2.018,0.6998,7.417,5.889,3.817,0.768,7.513,7.038,1.909,0.6207,6.469,4.377,1.88,0.5569,9.03,3.148,7.114,0.6016,4.582,4.953,4.63,0.3618,7.527,3.083,4.781,0.4564,11.142,8.179,4.255,0.2385,8.212,7.818,0.38,0.2675,7.042,5.346,1.295,0.2451,8.087,5.614,3.586,0.2093,8.811,7.127,0.836,0.3389,7.847,4.158,1.319,0.4511,5.973,2.311,6.374,0.7965,5.874,6.812,4.454,0.6801,8.049,3.817,3.147,0.3712,5.936,2.618,3.009,0.5983,7.312,3.39,5.677,0.793,8.783,1.935,4.722,0.6907,5.073,2.048,7.308,0.9184,5.177,3.998,2.724,0.7912,6.918,5.278,3.739,0.4622,7.156,6.346,2.052,0.6571,6.315,6.86,5.716,0.4665,7.016,2.837,2.639,0.4515,4.902,6.48,2.162,0.7396,5.966,5.021,2.043,0.7693,5.521,5.827,4.121,0.7505,8.284,5.356,2.576,0.8185,5.503,7.253,4.669,0.4457,5.424,2.827,2.843,0.5229,3.984,3.513,3.128,0.4657,9.286,5.958,4.364,0.3535,7.202,3.249,5.494,0.4982,7.238,6.347,2.308,0.6683,6.585,6.095,6.12,0.6312,6.478,6.471,2.254,0.6384,5.371,4.733,7.523,0.6423,5.038,6.726,4.85,0.6828,9.263,4.006,3.586,0.6817,6.082,3.542,2.496,0.2842,8.71,6.583,3.632,0.5404,9.6,7.471,3.703,0.117,7.936,2.757,5.075,0.3247,6.297,5.921,5.471,0.3526,6.439,7.907,0.757,0.1237,8.478,4.685,4.186,0.6106,7.397,6.016,2.69,0.6354,8.604,7.446,0.685,0.3581,8.74,5.801,5.842,0.6684,8.002,5.498,3.697,0.5697,4.94,3.424,2.44,0.4591,8.977,4.903,3.45,0.688,5.894,3.089,4.543,0.9085,4.063,4.843,4.914,0.5994,7.531,3.944,4.945,0.6743,7.792,6.061,5.873,0.767,7.202,3.467,3.959,0.494,6.259,3.848,5.965,0.486,8.418,3.774,2.615,0.8024,7.104,7.516,1.709,0.6387,5.97,3.707,3.557,0.5973,7.124,7.178,3.858,0.4711,7.24,3.832,5.55,0.724,4.523,3.792,3.714,0.5535,7.722,4.931,4.213,0.3559,4.849,3.45,2.139,0.7523,5.679,3.128,5.557,0.4518,4.611,6.927,2.34,0.513,8.451,3.6,5.479,0.5087,8.835,6.288,3.903,0.4507,7.972,4.477,2.397,0.6775,3.663,5.687,3.009,0.3849,7.557,5.446,3.488,0.5334,5.469,2.938,6.61,0.7188,8.868,2.828,4.464,0.7274,6.412,4.497,2.96,0.3939,5.896,5.951,3.977,0.5463,7.5,5.591,5.28,0.5057,5.699,3.152,2.427,0.3154,4.183,5.218,4.153,0.6065,5.048,3.97,5.035,0.6981,7.256,2.159,6.106,0.4611,9.353,5.578,3.562,0.283,6.49,3.648,3.141,0.331,8.976,3.798,5.84,0.6857,6.675,6.452,4.352,0.5712,5.036,4.274,3.02,0.4802,7.605,3.155,4.794,0.6355,8.069,5.988,2.908,0.4682,5.822,6.372,3.552,0.5989,3.69,1.482,5.713,0.5634,6.764,6.803,4.1,0.3538,10.875,6.503,1.789,0.2808,7.479,6.723,2.285,0.6042,9.089,4.265,3.402,0.3839,9.417,5.579,2.472,0.2405,7.827,2.802,2.427,0.4916,4.455,5.326,4.312,0.7559,9.194,5.036,5.928,0.3312,7.69,3.847,1.66,0.5126,5.132,6.011,5.845,0.4548,8.81,5.684,5.683,0.4743,7.673,2.837,3.96,0.8306,7.122,4.894,5.491,0.5954,7.821,3.359,3.572,0.3662,4.435,1.524,3.868,0.5438,3.417,3.403,4.395,0.759,4.705,1.91,7.838,0.8083,4.273,2.621,6.659,0.9368,8.119,4.174,3.512,0.7385,6.666,4.538,5.035,0.5636,4.593,4.937,5.693,0.5722,3.877,5.925,3.343,0.674,5.104,6.267,4.811,0.4997
ZF_39_Tuto_R9,Animal_39,Tutored_Mastery_30d,720,0.9672,0.5732,0.1546,0.1111,0.0947,0.0665,4.383,4.654,3.006,0.764,10.138,6.423,0.485,0.4983,8.524,3.007,3.285,0.5879,8.976,5.048,4.648,0.792,8.261,4.653,4.04,0.7184,8.233,3.078,3.451,0.7825,7.422,4.784,6.263,0.6369,7.675,6.217,4.454,0.2495,7.886,5.545,4.55,0.4159,5.822,4.794,3.447,0.7795,7.789,4.632,4.76,0.657,4.472,3.744,5.1,0.5189,9.315,4.966,0.418,0.0423,11.354,8.45,2.438,0.4016,10.072,4.629,1.516,0.1171,8.774,8.102,2.664,0.0996,9.993,8.516,2.546,0.3833,7.329,5.992,3.19,0.3621,5.106,1.84,5.312,0.8635,4.681,3.161,3.944,0.617,9.68,5.631,0.521,0.4476,6.379,4.994,2.409,0.7741,6.798,5.246,5.32,0.6008,7.405,6.078,6.352,0.6955,5.011,4.717,6.786,0.9458,6.209,6.799,4.692,0.6609,5.023,3.924,6.182,0.353,5.226,6.086,3.098,0.6445,6.863,4.25,6.021,0.4653,5.164,3.882,2.964,0.5786,7.807,4.871,5.501,0.4465,9.176,5.621,4.941,0.7323,5.928,3.32,5.237,0.7662,4.855,4.683,4.992,0.7494,7.877,3.413,3.123,0.4092,5.309,3.866,5.015,0.434,6.875,6.134,3.417,0.6897,4.782,4.083,4.922,0.3263,5.694,5.306,5.789,0.6535,8.318,4.939,5.53,0.5054,6.862,5.652,6.377,0.7087,4.476,5.806,4.889,0.6634,5.202,1.034,6.756,0.9768,8.719,3.507,3.213,0.6576,8.76,3.819,2.533,0.5544,8.867,3.765,2.437,0.3936,6.206,7.029,3.317,0.7488,10.638,8.893,2.797,0.3235,6.914,4.499,4.331,0.5809,5.285,3.447,2.855,0.4493,6.869,6.074,2.173,0.0344,8.466,3.873,4.048,0.7068,5.534,3.631,3.083,0.6492,11.456,8.585,0.766,0.4261,6.586,3.757,5.821,0.7194,7.554,6.672,5.802,0.4722,9.493,4.304,5.165,0.6996,7.704,5.644,2.999,0.6885,6.806,3.006,5.649,0.8494,5.124,5.107,4.85,0.4344,6.864,4.955,2.669,0.7817,3.824,6.083,5.815,0.7252,8.258,4.348,4.114,0.7882,8.389,6.132,4.874,0.7383,4.674,6.667,4.219,0.3341,4.591,3.321,2.752,0.6907,5.232,2.397,6.014,0.534,6.454,7.124,4.631,0.4963,5.934,4.934,3.269,0.3213,5.937,5.495,2.864,0.6363,7.875,5.388,2.82,0.4486,8.287,5.276,5.125,0.7149,7.595,3.171,3.425,0.5488,8.262,4.593,1.964,0.6784,6.067,4.692,4.873,0.5239,4.556,2.433,5.448,0.635,7.529,4.127,4.72,0.7551,3.895,3.711,5.627,0.4953,10.753,8.618,3.125,0.5113,4.794,2.986,7.245,0.9506,6.114,4.281,4.426,0.7095,4.22,4.056,2.389,0.7096,8.096,3.862,4.786,0.339,6.184,3.774,4.888,0.7501,5.588,3.09,4.627,0.4808,3.915,3.101,2.8,0.6845,5.599,4.934,3.108,0.3258,6.454,2.475,2.609,0.722,7.07,5.367,3.031,0.1756,4.13,3.2,4.078,0.3037,7.399,5.44,4.766,0.4247,5.579,5.017,2.295,0.7252,7.921,2.298,2.382,0.4562,8.372,4.461,4.947,0.6432,3.791,4.924,3.348,0.6361,4.975,6.962,2.608,0.3497,5.51,3.758,4.609,0.7403,6.06,4.035,6.06,0.7247,7.469,5.436,0.1,0.1571,5.243,6.026,2.207,0.7284,9.902,5.106,2.838,0.3314,7.474,7.568,2.008,0.49,5.375,5.37,3.178,0.6721,6.707,6.846,2.604,0.4194,6.68,3.147,4.082,0.407,4.346,2.977,4.314,0.5162,8.225,5.789,2.999,0.6343,4.616,4.149,2.273,0.6086,4.948,5.333,2.64,0.4782,7.913,5.292,4.621,0.3961,7.797,5.751,3.849,0.6778,5.985,3.364,5.348,0.653,5.686,4.394,6.447,0.766,3.854,1.369,6.979,0.98,6.774,1.416,7.784,0.9033,6.936,6.037,2.566,0.7218,8.353,5.192,3.722,0.671,6.95,5.129,4.865,0.6466,7.714,2.296,2.478,0.6907,8.568,3.739,3.747,0.4079
ZF_40_Tuto_R10,Animal_40,Tutored_Mastery_30d,720,0.9719,0.5466,0.1685,0.1147,0.1119,0.0582,5.934,5.84,5.403,0.6749,8.515,7.042,0.523,0.3232,7.172,4.434,2.112,0.4263,5.543,6.099,3.944,0.6162,6.845,3.884,2.186,0.8137,7.101,5.383,2.482,0.4698,5.809,5.241,5.72,0.8235,6.125,2.976,4.142,0.7836,7.751,4.233,4.741,0.5236,9.262,4.248,4.956,0.7953,4.479,4.489,2.367,0.751,5.595,6.671,5.387,0.7249,8.96,4.795,3.682,0.2117,7.304,5.346,1.312,0.2545,7.552,7.072,2.046,0.4081,10.33,5.132,2.526,0.4454,10.967,6.006,2.305,0.2962,8.947,7.362,4.685,0.5295,1.925,4.005,4.63,0.9559,9.381,5.784,4.647,0.7575,6.465,6.599,2.961,0.2612,4.384,6.421,2.438,0.3148,6.192,1.827,6.356,0.98,6.79,4.564,6.168,0.3798,5.678,4.052,6.974,0.98,9.174,5.179,4.439,0.6155,5.97,2.477,5.206,0.6133,5.966,3.176,4.134,0.3489,4.149,6.749,2.348,0.7925,8.377,5.012,2.291,0.5732,4.447,5.012,3.262,0.561,4.594,5.278,3.823,0.8056,8.521,5.884,2.816,0.3135,8.284,5.037,2.914,0.5099,8.891,5.339,4.835,0.4894,4.979,6.621,5.631,0.6072,7.086,3.99,4.139,0.3995,6.98,7.104,2.269,0.5258,8.167,3.362,2.222,0.4954,7.357,3.829,3.713,0.2816,4.833,5.033,5.688,0.4462,8.423,4.942,3.593,0.519,6.36,3.953,6.958,0.9587,4.605,4.187,2.772,0.3819,5.898,4.307,3.649,0.5169,6.903,3.601,3.541,0.6319,6.718,6.402,2.356,0.5318,6.967,4.76,1.042,0.2975,6.112,4.034,3.432,0.5773,5.23,3.998,4.903,0.3688,7.286,7.246,2.369,0.4899,8.536,6.197,2.454,0.528,6.368,2.482,3.057,0.4471,10.857,5.855,1.03,0.0386,8.161,3.557,4.649,0.5407,4.431,4.865,3.276,0.4479,6.137,3.076,2.831,0.7075,5.796,3.466,5.457,0.3424,6.92,4.792,5.883,0.901,6.834,6.035,3.719,0.6452,7.066,6.438,5.463,0.5941,7.88,6.955,6.377,0.7427,6.356,4.305,2.115,0.6152,5.96,4.522,4.597,0.8258,6.292,6.958,5.571,0.6252,5.346,5.66,5.138,0.6514,6.139,6.511,2.993,0.5057,7.877,3.864,4.694,0.5709,5.202,3.685,1.869,0.508,7.626,2.91,1.787,0.48,5.632,6.026,6.322,0.4229,9.14,6.666,5.463,0.7916,6.296,6.825,3.474,0.4234,6.716,3.773,5.329,0.4126,6.774,5.055,5.022,0.8408,5.783,4.008,5.368,0.3862,3.945,5.919,6.031,0.3162,8.247,5.786,1.95,0.4602,10.324,6.812,2.966,0.2238,2.902,1.487,6.259,0.98,6.798,2.77,2.385,0.31,8.792,5.515,4.345,0.5991,7.778,2.726,5.372,0.6903,7.078,5.523,2.602,0.3916,5.787,5.331,2.267,0.321,5.087,3.8,4.971,0.4844,8.647,2.867,2.294,0.4688,4.844,5.023,2.003,0.5954,6.642,5.695,2.818,0.1444,6.875,4.777,4.746,0.5942,7.496,6.463,4.527,0.2778,7.474,2.938,3.81,0.6803,5.112,4.245,1.644,0.3436,4.539,6.85,5.688,0.5024,7.415,4.304,6.152,0.6123,4.975,4.655,3.472,0.2886,6.724,5.221,5.112,0.9009,8.575,4.47,6.149,0.3825,9.324,6.194,3.187,0.0501,5.505,4.782,5.101,0.4416,7.417,5.192,2.64,0.1745,7.347,6.163,3.689,0.02,8.544,5.145,6.767,0.4764,4.671,3.72,4.506,0.3718,8.104,4.953,5.761,0.3552,9.105,4.148,1.966,0.6184,7.782,5.723,3.666,0.333,7.761,2.527,5.433,0.6946,7.822,3.442,3.502,0.685,7.485,6.334,5.952,0.4534,5.993,3.752,6.006,0.5855,6.366,5.023,4.652,0.6182,6.588,2.193,4.313,0.98,2.92,4.764,3.982,0.8236,2.805,3.364,7.055,0.8153,5.534,5.037,3.821,0.4722,4.934,4.838,3.019,0.5088,6.21,3.272,3.429,0.4025,4.383,6.294,2.416,0.5752,6.203,2.771,4.151,0.5568
HS_41_Untu_R1,Animal_41,Untutored_Isolate,0,0.1548,0.4324,0.1525,0.1903,0.1412,0.0835,7.719,10.403,3.47,0.3455,7.071,4.188,4.223,0.6712,9.5,9.564,2.446,0.5152,9.944,8.446,2.139,0.4872,10.414,8.422,1.742,0.4749,6.827,7.234,4.212,0.4627,6.788,6.715,5.804,0.5612,10.432,8.639,5.082,0.4981,8.784,7.321,2.479,0.3672,11.155,5.587,5.264,0.926,8.42,3.723,5.12,0.5779,9.724,9.289,4.271,0.5763,5.309,5.165,4.98,0.5952,9.507,2.844,3.356,0.9096,7.093,5.721,3.38,0.6059,5.902,3.659,3.706,0.4606,6.746,7.505,6.513,0.8577,8.615,7.913,5.772,0.311,9.8,4.899,3.938,0.6243,9.212,5.824,3.37,0.6511,5.472,4.102,4.905,0.541,6.705,4.975,3.064,0.4243,8.472,6.459,6.118,0.8936,6.472,6.675,5.151,0.7477,6.268,4.859,4.53,0.5365,7.978,2.936,5.7,0.8936,7.722,6.423,4.263,0.6808,5.268,3.867,6.871,0.4709,8.63,6.382,3.095,0.7708,7.13,6.552,4.121,0.8707,5.729,3.742,4.595,0.5272,9.846,7.1,3.268,0.5027,7.075,5.212,3.344,0.8558,6.759,6.492,3.91,0.4159,11.575,7.487,3.817,0.4213,7.706,5.73,6.36,0.8184,5.944,6.58,7.479,0.6128,10.557,7.233,3.04,0.7155,6.914,6.408,3.289,0.5264,8.559,5.75,6.507,0.6287,8.696,5.94,5.432,0.7999,7.863,6.855,4.575,0.799,7.478,3.873,3.814,0.5986,5.775,3.032,5.07,0.8281,10.154,6.569,5.823,0.9045,11.387,6.308,1.933,0.3628,8.886,5.1,5.884,0.8484,9.591,7.155,3.309,0.6862,5.822,6.314,6.402,0.4935,8.507,6.462,5.288,0.7034,9.082,7.228,4.74,0.6614,6.117,9.103,3.165,0.7574,3.446,6.026,4.366,0.7104,8.456,7.584,5.146,0.5392,8.127,4.751,4.055,0.6335,6.954,7.213,7.145,0.8114,4.984,3.276,4.003,0.6363,8.15,6.207,3.51,0.95,6.858,4.677,5.04,0.7376,6.568,4.49,4.581,0.5738,5.197,3.245,4.475,0.6992,7.137,5.454,4.035,0.7148,8.908,6.212,3.612,0.7912,6.069,5.359,3.964,0.7957,4.933,5.811,6.815,0.6457,6.887,7.523,5.172,0.95,9.175,3.776,3.1,0.7199,8.352,4.135,4.138,0.5723,9.006,9.055,1.746,0.5267,5.636,3.973,7.86,0.8321,5.234,6.841,4.033,0.7748,9.594,9.326,2.679,0.6516,9.252,6.333,5.101,0.5591,8.689,6.971,3.217,0.853,9.53,6.213,3.171,0.7893,9.124,4.708,7.059,0.6635,5.566,6.864,5.825,0.6961,9.199,3.906,5.679,0.927,10.304,5.102,5.776,0.8034,4.965,3.589,3.923,0.7824,10.498,8.366,1.755,0.7232,9.684,5.14,5.017,0.5826,5.686,4.936,2.625,0.3934,6.402,5.339,6.437,0.5696,7.031,6.137,3.355,0.5086,9.177,7.181,4.944,0.4329,7.289,6.334,5.863,0.454,8.988,3.949,7.017,0.6807,9.697,5.565,4.922,0.7176,6.745,4.869,3.474,0.8422,4.664,4.732,5.991,0.7599,5.574,7.475,3.346,0.8082,9.681,4.187,4.277,0.8099,8.858,3.299,3.908,0.5753,9.341,5.312,5.554,0.2322,8.185,3.133,6.882,0.4496,8.732,2.588,3.653,0.6832,9.083,5.737,2.329,0.6704,5.64,7.314,7.075,0.7352,8.359,6.322,5.325,0.9114,9.339,5.05,6.388,0.5791,7.054,4.91,4.548,0.436,7.893,3.885,6.044,0.4569,7.518,5.861,5.652,0.7351,6.351,6.746,4.895,0.448,10.636,4.801,3.276,0.8098,7.774,7.329,5.502,0.5264,5.499,4.87,6.421,0.61,7.949,4.326,6.403,0.4244,7.563,5.681,6.132,0.8698,8.989,2.971,6.027,0.663,6.077,6.002,6.53,0.5858,6.384,4.635,5.422,0.6239,4.618,3.279,4.872,0.522,8.464,5.234,6.192,0.6148,9.2,4.221,3.916,0.8745,4.603,3.275,3.976,0.5736,7.425,5.681,5.508,0.3838,5.909,4.976,6.57,0.5205,5.411,3.206,3.22,0.506
HS_42_Untu_R2,Animal_42,Untutored_Isolate,0,0.1342,0.4367,0.145,0.1692,0.1598,0.0893,9.191,6.966,3.39,0.5564,6.01,5.225,3.069,0.6578,7.912,8.236,3.758,0.3604,7.879,9.615,3.092,0.8029,10.419,6.581,1.426,0.6934,10.863,7.248,3.123,0.7251,9.974,8.514,6.87,0.8368,9.517,5.465,3.227,0.4655,6.042,6.666,3.844,0.6266,8.646,5.173,5.702,0.4654,8.789,7.032,4.902,0.8717,7.527,7.009,4.916,0.7112,8.803,6.451,3.612,0.4254,10.003,6.424,6.918,0.4403,7.387,7.836,5.179,0.8686,5.9,4.959,4.734,0.5138,6.75,5.259,4.348,0.8245,10.863,4.439,4.437,0.6778,5.762,4.802,7.355,0.8994,6.993,5.404,4.491,0.7253,6.972,4.787,5.902,0.6196,7.725,4.613,3.379,0.5071,9.83,6.136,6.94,0.6783,8.882,6.624,3.669,0.8249,6.097,3.653,5.003,0.5307,6.472,4.11,5.101,0.5777,6.518,9.17,1.753,0.3755,4.462,3.582,4.076,0.3798,8.885,7.363,2.247,0.4697,7.618,4.297,6.584,0.7221,9.307,3.39,3.442,0.6209,9.072,2.64,7.841,0.581,4.692,5.776,7.012,0.5336,7.821,3.338,7.101,0.488,10.112,6.003,3.682,0.343,9.73,7.434,4.024,0.6238,9.912,4.287,5.504,0.4735,8.972,9.743,2.635,0.633,8.023,4.838,4.617,0.8964,5.18,2.815,4.984,0.7889,5.253,3.685,4.94,0.8929,9.878,5.579,5.768,0.6713,5.084,3.968,4.048,0.4996,8.975,3.75,4.178,0.4882,6.879,6.393,5.262,0.906,9.526,6.212,1.739,0.4805,5.868,3.996,4.72,0.5009,5.597,4.497,6.676,0.8877,8.055,3.425,5.316,0.8664,6.677,5.179,2.385,0.5271,8.674,4.573,5.255,0.8192,9.399,7.557,0.95,0.6992,9.536,6.343,4.543,0.5265,6.241,3.945,5.566,0.5609,9.324,6.652,3.578,0.6307,6.426,3.314,4.642,0.3893,6.632,2.873,5.642,0.6381,6.909,4.421,4.373,0.8392,8.126,3.898,5.47,0.5767,7.511,6.016,7.041,0.7009,9.968,5.391,6.774,0.5657,7.431,5.185,7.329,0.7751,5.21,3.7,3.466,0.5279,9.361,5.41,7.357,0.7441,7.185,6.601,5.625,0.6775,7.32,5.355,3.217,0.5208,7.805,6.087,4.419,0.6592,6.145,3.553,5.694,0.7507,10.34,8.8,4.333,0.6181,7.414,5.772,3.283,0.684,5.606,7.678,4.426,0.6008,8.679,8.729,3.316,0.4481,9.645,6.461,5.676,0.6828,6.06,2.416,5.922,0.6316,7.487,2.953,3.697,0.8153,6.664,5.681,6.628,0.5137,7.458,5.779,5.47,0.5979,5.19,6.47,5.72,0.5908,8.837,4.684,6.246,0.6201,7.354,2.679,4.275,0.7579,10.313,9.704,3.727,0.3869,7.297,5.878,6.425,0.5665,5.4,2.983,4.843,0.6118,8.118,6.796,7.429,0.5929,6.403,6.208,3.803,0.6136,7.615,9.26,2.01,0.3354,6.301,6.118,4.375,0.6499,10.086,4.845,6.917,0.5462,5.269,6.24,7.358,0.6648,4.854,6.513,4.222,0.4693,5.184,4.445,7.12,0.6952,7.244,4.063,4.455,0.8433,5.305,3.687,5.036,0.7189,4.329,2.616,6.189,0.8795,5.389,3.132,5.634,0.8973,4.308,7.179,3.849,0.7462,5.072,5.344,3.34,0.5869,4.901,5.454,6.526,0.9207,5.32,6.911,4.356,0.4551,6.776,2.223,5.668,0.6692,7.189,5.018,5.285,0.6746,10.138,4.438,5.062,0.564,4.94,5.099,4.398,0.5982,5.309,5.321,5.795,0.6623,6.602,3.387,5.418,0.7781,8.085,4.191,6.205,0.95,7.93,3.328,4.592,0.453,4.612,5.701,5.501,0.7454,10.305,3.026,5.42,0.6687,6.867,5.578,3.954,0.6391,8.491,5.203,5.879,0.3695,7.605,6.194,5.845,0.7633,8.887,4.473,3.484,0.4882,9.267,3.205,5.321,0.9574,9.206,3.125,5.647,0.5909,6.33,6.392,4.989,0.5585,9.097,6.58,6.13,0.8566,8.81,5.343,5.981,0.95,7.952,5.6,5.953,0.5995,8.353,3.859,3.371,0.7129
HS_43_Untu_R3,Animal_43,Untutored_Isolate,0,0.0,0.4087,0.1618,0.1887,0.162,0.0788,7.21,7.814,3.388,0.6932,4.804,7.123,4.484,0.4182,8.115,7.005,6.79,0.4996,7.592,7.916,3.894,0.3588,8.237,5.797,2.068,0.4666,8.778,5.37,6.061,0.3149,10.832,5.596,3.505,0.9709,7.752,5.82,6.18,0.7408,8.201,3.888,3.855,0.6891,9.254,5.668,4.591,0.8559,8.281,3.281,4.446,0.3944,9.171,8.286,4.109,0.4404,8.84,7.23,4.51,0.9236,9.154,3.28,6.489,0.7828,7.185,4.512,3.369,0.4761,9.214,6.201,3.673,0.7329,7.673,7.559,6.13,0.8924,8.249,7.155,6.136,0.6153,5.114,3.006,4.483,0.4898,7.727,3.678,4.538,0.5531,9.497,6.535,6.392,0.6774,6.846,4.351,3.814,0.595,8.085,3.848,5.792,0.4521,7.618,6.624,6.13,0.9096,8.55,5.26,5.243,0.4722,5.83,6.05,5.966,0.4457,7.325,6.123,3.659,0.6616,6.49,4.319,4.49,0.7023,10.168,5.072,2.981,0.7338,7.895,5.15,3.383,0.4956,8.172,3.038,2.723,0.5205,5.368,2.803,6.811,0.7324,8.406,8.019,5.722,0.7861,7.647,6.459,7.459,0.5035,8.084,7.284,3.979,0.6046,7.8,2.679,6.08,0.7453,5.22,2.699,7.286,0.7604,9.159,6.768,5.394,0.624,4.814,2.487,3.514,0.9079,4.344,6.529,6.601,0.7487,7.495,5.792,6.361,0.7167,5.592,4.188,5.462,0.6063,8.144,5.78,4.988,0.7402,9.026,7.01,5.558,0.5635,7.739,4.926,6.082,0.8329,6.972,7.202,5.472,0.8439,9.331,6.827,5.12,0.6865,7.595,6.238,4.597,0.6708,8.651,7.251,5.418,0.6846,6.489,6.947,4.96,0.4424,8.457,6.556,5.188,0.6626,9.347,6.855,3.265,0.9017,6.744,5.031,6.074,0.95,7.137,4.343,5.422,0.8003,8.293,6.221,6.801,0.4046,6.981,7.423,7.1,0.5954,8.319,7.251,6.915,0.7408,7.659,7.68,3.603,0.6607,5.163,6.761,4.059,0.5016,4.44,4.909,4.531,0.6841,10.092,5.866,6.066,0.5292,4.576,2.942,6.636,0.824,8.278,5.618,4.907,0.716,7.481,4.123,4.062,0.95,6.086,6.778,3.002,0.4553,6.087,5.39,7.47,0.6753,10.401,7.316,4.251,0.4791,5.643,3.821,3.189,0.4041,7.88,7.208,3.391,0.5913,8.649,5.324,5.969,0.9363,6.947,3.677,3.102,0.6597,7.206,6.112,3.899,0.8797,8.482,3.338,5.084,0.5331,6.226,5.775,4.789,0.885,8.599,5.898,2.991,0.7211,5.431,3.593,5.855,0.556,4.682,5.574,6.103,0.6107,9.396,7.092,4.724,0.4739,8.224,3.232,3.891,0.604,6.326,5.352,7.167,0.5856,7.927,6.328,5.286,0.5889,10.14,5.014,4.423,0.6766,7.163,4.797,6.29,0.5344,9.754,5.944,4.83,0.5567,9.715,4.127,4.51,0.4174,8.322,8.237,4.323,0.8669,9.702,5.055,6.741,0.5853,6.18,3.722,5.699,0.6261,7.373,5.431,4.97,0.5241,7.116,3.537,3.507,0.6793,5.593,6.337,7.363,0.4189,5.085,3.269,5.142,0.3901,8.035,6.307,5.726,0.7886,9.042,4.208,5.548,0.6887,8.51,6.251,4.526,0.8044,6.054,3.107,3.973,0.5845,5.282,5.392,5.67,0.5931,7.115,3.873,6.607,0.5378,6.792,6.896,3.766,0.8443,8.299,6.087,5.767,0.8599,8.439,3.095,4.087,0.758,5.796,5.322,3.617,0.7287,8.492,4.171,4.683,0.9017,6.468,3.442,6.505,0.6604,5.725,5.315,3.998,0.693,7.62,5.335,6.815,0.8145,7.672,3.41,6.032,0.5847,6.412,2.654,6.087,0.8752,9.582,5.582,3.101,0.8423,7.848,6.213,6.537,0.4804,8.8,3.14,5.334,0.6102,5.482,5.411,4.623,0.7647,9.847,7.52,3.85,0.7554,6.525,5.105,3.628,0.5279,8.496,3.492,5.684,0.5251,8.271,5.161,6.918,0.7477,8.694,3.494,6.547,0.7178,7.664,5.353,4.975,0.4829,6.27,6.688,6.878,0.3954,8.839,5.453,3.948,0.8365
HS_44_Untu_R4,Animal_44,Untutored_Isolate,0,0.0,0.4417,0.1481,0.1826,0.1608,0.0668,10.63,6.601,6.799,0.6729,5.292,5.306,5.011,0.6563,8.965,5.747,4.374,0.5389,7.71,7.66,3.944,0.3927,8.408,5.17,3.737,0.8742,8.83,7.975,5.83,0.9051,10.062,7.992,3.964,0.7907,6.198,4.705,4.285,0.9047,9.281,2.896,3.362,0.3805,10.75,9.796,6.236,0.9179,9.613,5.576,6.385,0.8317,11.009,7.159,4.439,0.5988,4.885,3.721,4.008,0.5918,5.027,3.582,4.643,0.4462,5.6,5.787,5.824,0.9273,7.766,2.621,7.226,0.6231,6.544,3.51,5.217,0.3524,6.421,5.411,3.533,0.5024,8.396,5.773,4.927,0.5599,6.927,5.336,3.712,0.9329,4.955,7.373,5.781,0.797,4.996,5.116,5.284,0.6629,9.842,6.025,6.695,0.4606,8.406,2.529,3.884,0.7203,7.625,3.844,6.544,0.8169,9.508,5.839,6.03,0.5118,9.757,6.812,1.872,0.389,7.232,5.028,3.843,0.4969,6.989,5.46,5.133,0.6727,9.467,5.061,6.843,0.7744,9.359,3.149,4.455,0.4903,8.601,4.506,5.418,0.834,8.347,3.701,5.228,0.6146,7.756,4.959,6.518,0.3403,8.035,5.465,7.109,0.4161,4.785,3.541,6.353,0.95,7.509,5.433,3.302,0.4919,7.562,6.064,4.298,0.5527,8.338,7.246,3.639,0.4163,8.928,6.271,4.419,0.6266,9.043,3.942,3.466,0.3874,6.859,4.387,4.425,0.6669,6.308,6.012,5.088,0.5104,8.337,3.855,5.288,0.8811,4.784,5.833,6.631,0.4954,8.484,4.521,2.585,0.4196,7.833,7.403,6.25,0.5337,9.093,3.712,6.466,0.6825,8.867,4.349,6.511,0.8311,8.352,4.653,3.615,0.6109,6.27,3.854,4.371,0.5931,5.281,5.42,5.495,0.4213,8.739,5.123,6.46,0.8807,7.814,7.037,6.662,0.4643,7.182,6.601,3.515,0.9089,9.381,2.904,6.418,0.5804,4.666,3.787,4.683,0.6674,7.662,4.323,6.119,0.8423,8.117,6.479,6.424,0.9381,8.407,5.632,5.542,0.5036,5.795,2.933,6.47,0.678,6.568,3.671,6.714,0.5644,5.45,4.21,5.711,0.6606,10.019,3.12,6.027,0.9008,8.131,5.966,5.973,0.7286,9.441,5.353,5.766,0.5928,8.871,4.836,6.531,0.8039,7.824,4.429,6.959,0.7253,6.514,4.33,6.166,0.6451,5.135,5.04,6.059,0.4927,5.776,6.022,3.973,0.8812,10.853,7.679,6.276,0.6408,6.064,6.778,6.299,0.5468,7.99,3.86,5.091,0.8069,4.933,5.983,6.447,0.5606,9.684,4.142,6.078,0.7968,5.933,6.245,7.181,0.5606,7.348,4.853,7.03,0.5187,4.364,4.185,7.25,0.503,8.822,4.421,4.02,0.4841,9.387,5.696,5.625,0.611,5.681,4.913,5.298,0.6579,5.477,6.098,5.89,0.347,8.197,5.85,5.987,0.6067,8.452,6.945,6.412,0.6025,5.681,7.526,6.038,0.8822,8.952,5.525,4.244,0.4997,8.651,3.427,4.22,0.6681,9.423,6.839,4.067,0.4748,4.508,2.838,2.262,0.6367,7.356,5.391,5.487,0.6954,8.02,6.823,4.793,0.7218,9.159,6.859,6.825,0.795,8.16,5.671,6.529,0.4899,6.872,5.554,7.661,0.4133,6.591,4.875,5.549,0.836,9.423,5.413,3.492,0.8912,5.855,5.801,5.364,0.5471,4.658,4.349,5.672,0.8533,5.496,3.171,5.273,0.6546,10.35,7.156,6.487,0.98,9.826,2.663,6.086,0.7553,5.002,5.443,4.236,0.5536,5.63,5.408,5.482,0.6913,7.863,6.851,4.419,0.7374,8.464,6.696,3.455,0.7299,8.465,6.852,5.14,0.6881,5.055,5.265,5.621,0.3978,7.164,4.775,3.434,0.8835,5.054,2.788,6.297,0.884,9.844,5.297,6.28,0.6535,6.481,5.485,4.082,0.7797,8.772,6.035,4.962,0.6622,6.949,6.653,3.411,0.6337,6.605,7.237,3.869,0.7475,8.409,5.604,5.684,0.7961,7.004,6.476,5.652,0.6004,7.699,3.512,4.004,0.4543,6.317,6.427,4.166,0.8171,8.875,5.696,5.14,0.5946
HS_45_Untu_R5,Animal_45,Untutored_Isolate,0,0.0723,0.4524,0.1393,0.1905,0.1539,0.0638,9.836,8.566,3.943,0.584,9.475,3.166,4.997,0.4692,11.107,7.987,4.405,0.5509,10.91,6.853,2.274,0.7447,5.63,6.817,3.021,0.4331,9.792,9.294,5.315,0.828,8.268,5.73,7.085,0.8466,8.773,5.733,2.802,0.3747,9.171,7.026,3.648,0.6541,9.034,7.537,4.889,0.4134,4.997,7.064,3.361,0.8931,10.854,7.456,6.043,0.624,9.156,4.935,4.332,0.3816,9.726,5.21,7.195,0.5591,7.688,4.893,5.82,0.7757,7.38,5.936,3.269,0.6479,7.077,5.132,3.09,0.5316,5.264,7.541,3.314,0.7322,3.853,4.036,6.413,0.6396,6.486,5.611,5.81,0.5924,5.858,4.29,5.545,0.6881,5.559,5.967,5.254,0.5351,5.502,6.139,6.66,0.8839,9.044,5.149,4.221,0.4038,6.948,3.179,6.762,0.8379,8.379,5.262,6.939,0.4105,9.955,7.507,2.865,0.3094,9.148,4.875,3.704,0.5415,7.036,7.082,1.845,0.518,6.608,7.122,4.187,0.5015,8.002,4.918,4.152,0.8332,9.523,4.965,2.76,0.578,6.831,5.602,5.322,0.7705,4.647,4.563,3.408,0.386,6.964,6.586,3.465,0.6531,9.167,4.353,5.931,0.7567,6.112,5.725,6.457,0.4355,7.747,7.048,2.744,0.4572,7.037,6.389,4.138,0.7709,7.132,5.083,3.076,0.8018,5.946,3.783,5.097,0.8474,9.289,5.668,3.692,0.6792,7.543,3.075,4.746,0.6138,6.432,7.097,7.17,0.6503,5.769,7.274,5.237,0.95,10.218,6.513,5.498,0.4517,6.421,7.042,6.067,0.8769,8.898,6.244,7.626,0.611,7.675,5.721,5.588,0.823,10.469,9.023,4.583,0.3715,5.038,5.197,5.627,0.5654,10.26,8.538,4.398,0.6573,7.649,6.134,7.123,0.4774,9.132,3.98,6.172,0.4455,5.425,4.859,4.366,0.3076,7.508,3.858,5.764,0.5577,7.737,4.832,7.049,0.8374,8.396,4.399,3.57,0.4062,9.304,5.562,6.169,0.5899,7.926,2.882,4.491,0.5019,5.293,3.914,2.694,0.4601,8.47,5.887,5.46,0.6286,5.627,7.895,5.286,0.8311,8.042,4.529,5.879,0.7071,6.791,4.344,5.529,0.7283,5.455,4.164,3.845,0.353,9.497,5.026,3.261,0.7745,6.878,5.7,8.019,0.6045,9.994,4.725,4.246,0.6229,4.959,6.458,6.56,0.6035,8.829,3.712,6.724,0.6727,8.69,6.855,3.036,0.3519,9.313,3.068,4.701,0.5065,8.857,6.134,6.772,0.6747,8.152,4.131,6.451,0.639,6.86,4.482,4.297,0.5882,7.124,3.358,5.76,0.2846,8.458,7.74,5.368,0.4757,8.174,7.196,6.824,0.4745,5.551,3.879,5.782,0.7245,7.414,6.57,3.781,0.651,9.637,3.987,5.214,0.5325,8.313,4.652,5.522,0.4852,4.495,3.421,3.281,0.4614,7.063,4.435,6.663,0.5256,6.236,5.744,2.862,0.2951,5.18,5.467,6.696,0.6205,10.407,3.863,7.114,0.801,5.584,3.543,6.714,0.5955,6.943,2.822,5.141,0.8279,8.68,2.971,5.447,0.6406,5.492,2.827,4.459,0.8192,7.059,6.47,4.179,0.8751,7.622,2.91,6.392,0.7846,8.452,6.709,6.067,0.4858,5.769,5.642,3.633,0.7299,5.825,4.913,3.694,0.4093,6.637,6.502,6.062,0.5439,10.6,5.072,4.905,0.7201,9.152,6.987,7.12,0.5919,9.874,3.832,3.922,0.8765,5.308,4.878,3.727,0.7807,8.72,2.553,4.859,0.8028,6.315,6.575,6.295,0.3859,6.706,4.009,4.696,0.4957,5.892,3.05,3.123,0.5684,8.982,4.468,4.342,0.6907,6.591,6.357,6.897,0.8061,7.835,7.321,5.939,0.8421,9.075,6.575,5.29,0.5308,7.475,2.791,3.393,0.7965,8.427,2.329,4.699,0.7654,7.871,6.609,2.943,0.5877,7.782,4.154,6.323,0.66,8.451,5.653,5.914,0.4977,9.755,3.75,6.742,0.9483,9.916,2.773,5.2,0.7259,6.945,5.869,5.725,0.7629,6.6,3.138,4.987,0.4322,6.464,3.92,5.513,0.7895
HS_46_Untu_R6,Animal_46,Untutored_Isolate,0,0.0,0.4231,0.1853,0.1778,0.1447,0.0691,6.525,6.444,3.985,0.6174,7.415,3.013,3.2,0.7205,8.089,6.539,2.444,0.4955,9.257,6.291,5.944,0.6738,8.947,6.439,5.393,0.3259,6.779,8.095,3.92,0.6034,10.749,8.134,4.743,0.4905,6.381,5.475,4.418,0.8008,5.612,2.889,7.041,0.5805,9.69,6.218,3.42,0.4515,6.184,4.711,5.483,0.9374,11.394,6.947,5.431,0.8046,8.161,4.754,4.805,0.6374,5.168,4.179,5.279,0.5232,7.312,5.339,5.243,0.7523,9.221,7.959,4.017,0.4097,4.758,5.823,6.96,0.7418,7.055,3.518,3.333,0.49,9.549,6.772,3.989,0.8164,4.751,3.443,4.84,0.5577,5.86,5.386,3.241,0.4285,9.181,4.206,4.128,0.7936,6.122,2.973,6.552,0.5768,5.321,6.657,7.132,0.7113,8.749,4.345,7.4,0.5556,5.477,4.828,6.68,0.7496,9.583,8.196,3.969,0.459,5.718,6.276,5.573,0.888,10.517,7.199,4.77,0.6187,8.051,3.082,5.113,0.3998,8.925,7.498,7.61,0.7255,4.586,3.366,5.899,0.6625,8.847,3.275,5.212,0.4099,6.319,5.953,5.865,0.4854,9.954,4.8,5.726,0.8871,7.121,7.022,5.911,0.9479,6.834,3.202,6.032,0.7451,5.264,7.986,5.064,0.6097,7.946,5.883,4.238,0.8378,7.916,3.584,5.266,0.7341,8.791,5.694,3.229,0.707,7.899,6.77,6.476,0.8345,5.813,6.505,5.603,0.6611,6.789,3.495,2.545,0.4276,8.334,2.303,3.094,0.7421,9.093,6.85,6.611,0.6075,8.994,5.402,5.851,0.9045,6.313,4.532,5.676,0.4557,9.085,3.983,4.359,0.4826,6.35,6.566,6.705,0.7421,8.656,6.044,5.929,0.5266,6.187,8.664,3.448,0.5491,10.492,2.385,6.173,0.8473,7.13,6.218,3.686,0.8358,8.524,7.614,4.51,0.6908,6.904,7.001,5.937,0.8298,7.284,4.044,4.828,0.5542,6.482,6.421,3.44,0.7279,7.697,3.744,6.742,0.6268,6.677,3.989,4.708,0.8576,6.637,2.464,3.04,0.5397,8.211,2.989,4.979,0.4899,6.968,7.495,6.744,0.698,7.224,7.654,3.932,0.4525,9.176,3.675,6.496,0.5396,8.237,6.054,3.816,0.476,6.274,4.705,4.836,0.5402,7.858,5.579,5.76,0.4293,10.239,7.097,4.721,0.6602,8.924,5.291,2.877,0.5806,8.761,4.845,5.436,0.5886,5.634,7.014,5.446,0.6175,8.287,3.258,5.961,0.7144,9.031,6.742,4.472,0.7171,8.569,4.36,5.984,0.8677,7.483,4.976,3.402,0.4804,8.571,5.788,4.376,0.7287,6.563,5.91,3.534,0.5223,6.922,6.487,7.012,0.7336,6.376,4.89,5.994,0.6579,9.128,4.988,4.588,0.4928,9.582,6.231,4.403,0.5767,5.842,6.455,3.704,0.4398,6.68,4.761,6.359,0.7351,8.573,7.298,5.347,0.6245,7.142,5.583,3.795,0.3669,7.175,4.983,7.02,0.4411,6.781,5.935,5.294,0.5637,7.954,6.58,5.294,0.8676,7.797,4.993,4.484,0.5212,6.158,4.981,7.017,0.5898,5.824,3.45,3.229,0.6589,6.993,5.714,6.273,0.6766,9.265,3.968,4.663,0.7715,7.373,4.027,6.851,0.682,9.971,6.564,5.927,0.653,8.866,7.115,5.968,0.9797,9.16,2.611,5.065,0.6189,5.215,3.832,4.593,0.8441,9.621,5.391,5.381,0.4338,6.673,7.193,3.118,0.7865,8.46,3.033,7.32,0.5732,6.052,3.293,5.185,0.6753,5.588,5.433,6.892,0.7857,5.923,4.293,3.188,0.6968,6.448,5.313,4.865,0.4069,6.849,6.439,5.125,0.9383,6.682,3.496,5.269,0.5566,5.913,4.925,3.818,0.874,5.346,5.152,6.623,0.4966,8.776,4.217,3.451,0.7242,5.973,3.223,3.702,0.5793,6.904,3.967,4.11,0.699,7.662,5.867,5.694,0.8242,9.907,4.67,4.702,0.8073,7.042,6.249,3.839,0.6704,5.704,6.333,4.129,0.8422,7.782,3.982,3.82,0.754,5.774,7.199,5.05,0.8036,7.782,3.736,7.28,0.3904
HS_47_Untu_R7,Animal_47,Untutored_Isolate,0,0.0,0.413,0.1653,0.1914,0.1617,0.0686,9.166,6.324,4.797,0.5404,8.84,5.346,4.475,0.609,7.502,8.292,3.702,0.6475,7.174,4.521,5.773,0.307,7.804,6.606,2.667,0.8415,5.467,6.199,3.864,0.8557,6.564,6.422,6.139,0.4067,7.061,5.785,5.395,0.6373,8.923,6.884,2.79,0.5319,7.493,5.787,4.375,0.8475,8.612,5.96,4.45,0.5846,10.286,5.338,6.375,0.9056,9.923,4.468,4.113,0.4918,9.23,6.066,5.18,0.9077,9.885,3.897,5.871,0.8375,7.428,6.076,6.757,0.6385,4.803,7.339,3.502,0.8063,8.069,7.295,5.22,0.8644,8.983,4.455,6.095,0.5432,7.587,3.988,5.104,0.7411,7.851,7.029,6.403,0.552,8.456,7.601,5.768,0.8567,5.742,7.393,4.052,0.7968,6.967,3.157,5.854,0.6263,6.679,6.371,3.42,0.4514,9.405,2.663,5.343,0.7378,10.69,7.311,4.847,0.5397,8.064,3.388,6.379,0.9037,7.788,6.656,3.062,0.6172,4.348,4.69,6.523,0.8018,8.001,2.571,4.532,0.6116,6.141,4.343,3.403,0.9227,5.987,5.257,5.49,0.6358,7.771,6.328,5.285,0.4212,7.432,5.188,2.319,0.737,8.601,6.939,5.882,0.8785,5.513,3.113,3.904,0.6046,5.086,6.06,6.965,0.3922,9.376,6.196,6.359,0.7166,5.636,7.758,4.421,0.7218,6.599,5.235,4.61,0.6331,5.084,3.366,3.75,0.7727,6.014,4.092,6.96,0.7357,6.712,5.195,6.748,0.8192,8.425,5.781,3.625,0.3858,9.395,5.51,4.386,0.5066,6.766,4.649,6.583,0.7813,7.673,5.846,7.118,0.7335,8.613,5.758,5.968,0.7992,8.027,5.181,5.166,0.3161,5.247,4.901,5.899,0.5363,6.851,8.357,4.83,0.4916,6.383,6.317,4.013,0.5272,6.851,5.756,4.926,0.5466,6.203,7.546,5.955,0.7186,9.986,4.309,6.911,0.679,7.631,3.697,4.456,0.8499,5.734,7.108,3.857,0.6953,6.655,3.984,4.589,0.8212,4.365,3.756,4.859,0.75,5.606,4.139,5.383,0.6611,7.513,5.137,6.501,0.5371,6.653,6.424,6.964,0.4054,6.753,7.022,4.35,0.6523,6.018,3.376,3.433,0.5258,7.257,4.706,5.51,0.7923,5.314,6.725,2.791,0.5574,8.396,7.496,4.293,0.6935,9.927,5.904,4.548,0.8746,4.641,5.148,4.366,0.5452,5.841,6.811,6.513,0.93,8.292,6.942,3.275,0.8136,6.334,6.613,4.637,0.4657,5.798,6.428,4.549,0.5638,10.207,7.083,6.674,0.8158,6.168,7.649,6.957,0.4873,7.003,8.059,4.526,0.593,5.328,3.797,5.005,0.6542,8.06,4.84,4.194,0.7245,10.059,5.445,5.184,0.9174,6.575,5.504,5.038,0.6846,9.974,4.76,4.483,0.7443,5.919,3.256,6.015,0.7029,7.694,4.07,6.612,0.6093,5.12,3.291,5.662,0.4755,9.399,7.907,6.252,0.5487,8.849,4.786,4.639,0.6501,7.243,7.606,5.441,0.4912,6.224,5.708,3.828,0.8534,8.969,2.414,3.971,0.6035,5.304,3.845,4.995,0.877,9.911,3.041,3.997,0.8923,5.593,3.85,4.092,0.5301,8.8,4.942,6.339,0.5756,8.615,6.049,3.958,0.4805,5.586,6.641,6.735,0.5532,5.959,3.932,7.273,0.4598,8.145,7.213,2.136,0.5588,7.365,2.508,6.017,0.4102,5.281,5.883,5.414,0.4227,9.803,4.997,4.727,0.7113,9.14,5.66,6.813,0.5807,9.625,3.521,6.224,0.8346,10.071,6.818,6.217,0.8478,8.763,6.764,4.943,0.786,9.135,5.489,5.196,0.6238,7.138,7.203,6.742,0.7765,7.444,6.601,3.471,0.713,9.275,4.283,3.076,0.6079,5.735,7.0,6.382,0.9037,6.007,6.847,3.628,0.7743,5.069,5.416,6.359,0.7473,5.355,3.882,4.012,0.742,9.69,4.238,4.501,0.7217,6.759,4.36,4.495,0.8987,8.271,6.659,6.744,0.6972,6.489,7.471,6.438,0.7791,7.661,4.758,3.913,0.6443,7.274,3.559,4.208,0.625,8.935,5.978,4.368,0.3901
HS_48_Untu_R8,Animal_48,Untutored_Isolate,0,0.0,0.4354,0.1499,0.1846,0.1598,0.0703,5.989,5.255,6.086,0.7697,6.006,3.822,5.816,0.7395,8.289,4.67,5.374,0.8041,6.102,6.411,5.453,0.4298,7.089,8.08,5.581,0.708,8.719,4.678,5.348,0.4281,11.758,8.84,6.695,0.6147,6.125,3.104,3.601,0.7185,5.08,4.374,5.807,0.4889,8.06,7.951,4.2,0.6396,5.351,3.521,3.173,0.9005,8.884,6.424,4.501,0.7078,5.009,7.006,4.317,0.7552,5.819,5.578,4.998,0.4654,4.69,5.713,6.903,0.6248,6.059,3.952,5.58,0.9791,6.724,6.311,5.277,0.4552,9.273,5.515,4.989,0.862,8.929,3.293,4.477,0.8088,8.252,5.614,4.626,0.7794,9.75,5.426,6.008,0.8427,8.43,7.01,6.44,0.427,6.208,5.506,5.258,0.7726,9.092,5.008,6.642,0.4819,6.996,5.007,2.895,0.5878,10.019,3.668,4.247,0.5111,8.394,5.361,6.357,0.6927,8.81,3.921,4.645,0.6374,10.717,8.118,3.547,0.6292,6.181,7.416,4.151,0.6875,8.328,3.918,5.159,0.6555,8.469,3.872,3.933,0.6464,5.1,5.176,4.254,0.7991,5.378,5.261,4.442,0.8395,7.968,7.847,2.94,0.4663,8.225,5.795,5.311,0.7882,4.987,3.809,4.89,0.6331,5.987,5.076,3.461,0.5481,8.788,4.82,5.594,0.4866,10.633,4.52,4.081,0.5009,9.189,3.929,7.601,0.5594,7.355,6.884,5.539,0.9405,6.659,3.4,3.889,0.6737,9.339,2.897,5.352,0.7444,9.138,3.305,5.426,0.8677,8.051,4.854,4.765,0.4369,7.378,5.12,6.106,0.4996,8.134,5.841,3.59,0.537,9.725,3.396,5.553,0.95,6.816,7.298,4.333,0.8205,7.729,4.395,4.851,0.9153,9.392,5.549,3.81,0.463,5.669,3.61,3.778,0.592,7.863,5.208,4.088,0.5577,9.794,6.782,6.346,0.6857,4.8,6.582,6.238,0.7697,9.096,6.411,5.763,0.4898,8.466,3.764,3.88,0.9091,5.354,2.963,5.47,0.6823,7.255,6.007,6.055,0.7894,5.585,4.549,5.873,0.8599,6.997,6.525,5.213,0.5107,6.682,5.997,3.468,0.8093,4.734,4.113,6.214,0.5162,6.615,4.131,6.703,0.5059,6.729,3.924,4.7,0.3926,8.261,5.528,3.615,0.4644,4.776,6.33,6.55,0.5738,7.712,4.449,6.794,0.5647,4.38,3.321,4.305,0.854,5.398,6.061,4.107,0.7461,6.284,3.594,2.917,0.5591,6.285,5.249,7.523,0.4791,7.852,4.061,4.558,0.5861,9.793,3.891,4.069,0.5515,9.643,5.274,4.24,0.5992,4.696,6.771,5.441,0.4572,7.394,3.241,6.24,0.4841,7.428,6.563,4.469,0.4501,7.683,3.652,6.903,0.7794,9.158,6.931,5.76,0.7436,7.449,5.58,4.334,0.7017,4.194,7.03,3.829,0.3656,6.202,6.826,3.31,0.9365,7.411,6.386,4.832,0.7098,9.076,3.634,4.762,0.798,7.789,4.932,5.96,0.6323,10.012,4.064,5.532,0.7974,6.868,3.936,3.985,0.8207,6.831,3.774,4.897,0.95,9.592,6.942,3.094,0.4831,9.767,2.525,5.001,0.5524,5.258,6.689,6.908,0.5082,9.237,5.949,6.477,0.5815,6.826,3.946,5.54,0.4491,9.052,7.21,3.489,0.4592,6.496,5.836,5.822,0.7872,8.43,6.236,4.175,0.95,9.176,4.552,6.866,0.7829,8.197,3.517,4.619,0.899,6.304,5.479,4.579,0.7685,6.305,7.735,4.939,0.9048,9.62,6.128,4.265,0.5659,7.102,4.151,2.878,0.6237,7.285,4.135,3.722,0.6343,6.935,4.333,3.099,0.7892,6.62,4.95,5.855,0.5596,7.824,5.125,6.804,0.4858,5.275,5.343,5.503,0.6327,7.263,4.888,3.25,0.4473,5.398,4.104,4.645,0.6206,8.774,2.485,5.739,0.8194,7.906,2.498,6.73,0.5793,9.659,4.723,6.14,0.6361,9.1,6.725,5.761,0.6976,4.936,6.65,6.335,0.5781,5.923,5.956,3.939,0.8444,8.401,5.644,3.154,0.5086,4.918,4.903,7.436,0.7067,9.704,5.644,7.528,0.4565
HS_49_Untu_R9,Animal_49,Untutored_Isolate,0,0.1185,0.4537,0.1408,0.1782,0.1605,0.0668,7.719,9.46,3.824,0.3146,9.208,4.067,6.474,0.6087,7.439,5.904,2.649,0.5153,9.963,6.839,1.628,0.794,8.761,9.139,3.806,0.2382,6.076,9.742,2.862,0.4218,8.287,6.894,6.915,0.4522,7.945,6.491,2.108,0.404,9.626,8.185,3.895,0.554,10.083,5.779,3.725,0.635,7.304,5.523,4.566,0.6603,9.011,6.855,5.559,0.8198,9.095,5.439,5.313,0.7116,6.647,5.858,2.959,0.5075,6.981,4.787,6.918,0.7885,7.76,4.623,5.163,0.4358,8.171,7.096,6.579,0.8044,6.763,6.546,2.589,0.5883,8.562,2.424,7.001,0.5387,6.976,5.674,3.254,0.6997,8.269,5.772,4.906,0.5798,9.331,3.835,6.408,0.4197,8.743,5.165,4.64,0.4524,10.503,6.252,4.294,0.5548,5.807,5.181,3.522,0.6068,4.803,6.969,5.101,0.6108,7.167,7.164,3.6,0.5038,10.11,4.586,5.743,0.8366,10.833,5.896,1.743,0.4295,5.668,4.948,3.639,0.8863,7.193,6.418,4.801,0.5206,5.04,6.756,4.482,0.4949,6.62,4.069,3.808,0.555,9.069,5.234,5.492,0.5461,11.863,8.692,3.927,0.5132,5.078,8.176,7.227,0.7289,8.198,6.962,7.751,0.7858,8.827,5.67,4.888,0.4158,9.007,4.203,6.824,0.8583,5.097,3.001,7.56,0.6784,6.756,4.644,4.828,0.4279,5.316,7.946,6.558,0.5305,8.617,4.105,3.283,0.6746,5.769,5.856,3.565,0.4242,5.693,4.569,5.879,0.5128,5.629,8.099,1.767,0.8185,9.478,6.384,4.922,0.6306,7.664,4.3,4.119,0.7839,9.822,3.239,4.082,0.7069,7.133,7.702,1.49,0.5613,7.56,4.518,4.811,0.6571,11.356,9.376,5.019,0.7159,9.664,5.812,4.588,0.3876,6.799,4.302,6.034,0.6406,5.678,2.725,3.153,0.9006,7.993,4.526,4.829,0.7718,7.015,6.383,5.687,0.4467,6.215,3.145,3.348,0.7487,7.43,7.221,4.187,0.631,6.769,4.999,4.649,0.8411,8.472,6.505,4.717,0.494,8.651,3.748,4.634,0.9031,4.818,4.401,6.788,0.5463,6.2,3.659,6.399,0.7833,7.703,6.507,5.376,0.4893,6.34,3.687,4.91,0.6692,6.562,4.535,3.427,0.449,7.366,5.808,7.283,0.8396,9.429,5.783,4.464,0.4051,10.361,2.849,3.938,0.677,9.035,6.711,3.672,0.5656,5.249,8.841,3.204,0.5379,7.816,7.027,5.711,0.889,6.899,4.179,5.826,0.58,6.436,4.507,5.938,0.8395,6.441,6.225,4.112,0.5552,5.81,4.407,3.174,0.6201,5.794,4.29,7.026,0.8407,8.582,3.586,4.402,0.8304,8.668,3.512,4.757,0.9155,10.855,10.324,5.223,0.7322,9.438,2.771,7.0,0.7416,8.393,2.646,3.268,0.5812,9.284,7.791,5.821,0.8459,8.134,6.436,7.243,0.8153,10.855,6.85,1.702,0.7386,8.28,4.804,4.291,0.8433,7.162,6.503,6.654,0.8972,7.46,6.38,4.822,0.5474,8.99,3.427,5.711,0.8417,9.095,3.203,5.297,0.7641,7.78,5.205,5.106,0.8165,8.638,4.455,4.332,0.8402,5.478,3.561,5.306,0.7023,6.441,4.248,6.13,0.7576,8.633,6.118,4.236,0.6505,4.728,5.764,6.462,0.5064,7.148,6.188,5.027,0.5796,8.046,3.496,6.707,0.7667,7.745,7.051,4.095,0.5391,10.365,6.159,5.016,0.4614,8.309,5.582,4.439,0.78,4.513,3.582,3.132,0.453,9.654,4.852,5.992,0.6054,9.825,3.186,4.424,0.7008,7.398,5.534,7.691,0.5517,8.217,7.205,4.39,0.7122,9.008,2.767,6.301,0.7105,6.985,5.088,5.451,0.8297,8.372,4.311,4.461,0.5131,6.883,3.778,3.463,0.5235,9.048,6.621,6.597,0.7626,6.444,2.379,4.795,0.8063,5.591,4.433,3.13,0.6616,5.001,2.778,4.712,0.8761,7.001,5.936,4.418,0.875,5.716,5.462,4.128,0.883,7.998,7.585,7.741,0.609,4.599,6.899,6.687,0.838,6.844,3.885,5.2,0.5234
HS_50_Untu_R10,Animal_50,Untutored_Isolate,0,0.0,0.4621,0.1487,0.1659,0.1522,0.071,8.023,8.124,4.607,0.3374,6.566,2.833,4.938,0.4457,7.998,5.127,5.818,0.3507,6.467,8.531,2.588,0.7648,9.912,4.756,6.058,0.7735,6.05,7.263,4.017,0.5999,7.436,8.064,7.068,0.9285,7.149,4.305,5.764,0.7635,6.725,5.218,4.13,0.7097,10.982,6.748,6.756,0.5683,4.352,4.381,6.956,0.6821,9.033,5.996,3.602,0.7814,7.919,3.75,5.016,0.7011,9.171,6.104,5.23,0.645,7.898,4.327,4.83,0.848,7.924,3.325,6.729,0.7099,6.037,3.894,6.317,0.4171,6.051,4.687,6.616,0.8217,9.376,6.444,6.509,0.9214,8.1,6.176,6.426,0.7355,6.128,4.093,3.121,0.4842,7.284,4.041,4.918,0.77,6.53,3.732,4.378,0.5425,8.471,5.337,3.98,0.8559,7.192,7.099,3.829,0.3897,8.205,4.576,4.251,0.7083,7.43,4.674,3.717,0.7448,9.005,4.332,3.827,0.6826,7.435,6.617,6.548,0.5992,6.048,6.294,4.214,0.8013,5.913,7.043,6.187,0.7475,10.213,6.863,5.807,0.4725,6.802,6.892,5.374,0.7469,8.594,3.931,3.816,0.8812,7.093,4.846,6.213,0.7048,9.337,6.096,3.274,0.6975,9.199,4.478,3.691,0.7825,6.277,7.793,5.702,0.4606,8.664,3.271,7.065,0.4368,9.773,3.802,6.017,0.5785,7.043,6.975,7.515,0.6398,8.953,3.16,4.882,0.7113,5.143,5.75,4.737,0.7665,8.408,6.144,3.533,0.4174,7.658,5.766,6.662,0.8022,7.426,6.59,2.558,0.6677,6.29,6.709,4.075,0.4966,5.775,3.437,4.966,0.6224,4.792,6.954,3.615,0.6193,8.54,4.877,5.021,0.4548,8.771,5.562,6.031,0.4581,6.169,7.522,4.305,0.3069,8.159,6.939,4.054,0.6872,8.084,4.134,7.383,0.6124,7.48,4.86,6.896,0.7431,8.0,6.24,3.146,0.5317,7.056,5.206,3.702,0.6299,6.496,3.738,4.128,0.8038,9.25,7.235,6.746,0.6317,7.458,2.879,5.207,0.7601,7.371,3.075,5.8,0.8074,9.68,6.151,6.195,0.8431,6.628,5.564,5.089,0.7351,5.291,3.803,5.428,0.801,6.922,3.812,5.241,0.7455,6.183,7.139,4.234,0.4153,6.739,2.603,8.146,0.7217,8.769,3.199,4.992,0.5073,10.256,7.587,3.572,0.6003,8.694,2.108,4.099,0.8389,9.308,5.076,4.033,0.5046,7.602,5.165,5.375,0.7693,8.977,6.306,4.019,0.8454,7.303,2.302,5.94,0.6184,5.346,3.086,6.291,0.6968,5.858,4.405,4.984,0.7555,7.112,3.865,6.333,0.4389,6.815,4.389,4.279,0.8224,7.719,4.626,3.997,0.5698,7.653,4.349,6.579,0.7944,9.454,7.648,3.562,0.5,8.068,6.344,6.123,0.8436,6.853,4.508,4.772,0.8476,5.809,2.973,4.249,0.4661,5.383,3.539,5.876,0.4599,6.162,4.834,2.648,0.7065,8.011,4.138,7.197,0.5308,8.18,5.526,7.028,0.836,9.138,5.244,6.738,0.5989,4.602,6.317,6.98,0.7123,5.885,6.842,4.238,0.6137,9.221,2.567,4.799,0.412,7.697,4.348,6.623,0.5089,10.179,4.942,4.384,0.6985,5.983,6.149,4.928,0.5521,8.568,5.55,5.628,0.565,4.993,6.938,3.873,0.6186,9.995,4.009,6.207,0.5357,5.244,6.655,5.44,0.7046,4.833,2.294,5.826,0.8287,6.925,3.578,3.586,0.7445,9.001,7.355,6.701,0.6978,8.48,7.547,5.571,0.337,7.097,5.051,2.84,0.95,8.058,6.638,4.262,0.8548,8.333,3.425,5.394,0.9046,7.826,5.872,3.432,0.7585,6.978,4.557,7.421,0.8505,6.246,4.941,5.604,0.5222,6.115,5.959,6.842,0.95,7.764,3.318,7.277,0.5821,6.295,7.659,6.753,0.5392,8.15,4.401,6.864,0.891,8.079,6.196,5.943,0.8783,9.496,7.335,7.086,0.6084,7.023,5.748,7.312,0.9334,9.322,2.878,5.333,0.877,7.328,4.516,4.804,0.4977,6.325,6.736,4.793,0.4361,7.431,6.073,4.052,0.5893
HS_51_Tuto_R1,Animal_51,Tutored_Early_24h,24,0.5079,0.4737,0.1425,0.1606,0.1466,0.0766,8.02,8.427,0.961,0.2578,8.335,4.711,5.403,0.3658,8.382,7.985,4.857,0.5888,8.74,9.291,1.81,0.4926,6.528,9.69,4.49,0.5895,11.519,6.31,3.025,0.2754,10.154,5.336,7.48,0.597,9.586,8.456,2.714,0.3319,12.004,9.641,4.53,0.4004,9.631,3.182,3.958,0.98,8.621,3.9,2.868,0.5935,8.495,6.345,6.52,0.9269,10.781,5.172,5.49,0.5084,9.657,6.007,4.357,0.5312,8.738,6.074,4.844,0.557,8.087,7.171,4.118,0.5127,10.343,4.481,6.002,0.5048,8.508,8.55,4.077,0.1128,4.239,4.378,4.834,0.775,6.046,5.494,4.707,0.5297,10.53,4.866,5.477,0.5648,7.644,6.512,5.838,0.6798,4.904,1.687,5.34,0.6304,5.714,3.697,3.725,0.6958,7.34,5.427,6.316,0.98,9.332,6.079,6.823,0.7913,7.234,7.779,3.515,0.2935,7.538,4.455,6.561,0.4417,6.64,7.781,2.755,0.274,7.55,4.682,3.076,0.4216,3.564,5.266,7.141,0.882,9.359,5.284,4.962,0.9338,8.758,4.342,4.84,0.8639,6.122,3.493,5.192,0.488,9.75,10.08,4.029,0.6648,8.938,6.108,4.472,0.8247,7.218,4.305,6.467,0.3927,11.375,8.557,0.932,0.5069,9.887,4.038,5.174,0.5035,8.529,5.156,5.644,0.8492,9.217,6.067,7.195,0.8968,6.715,3.389,4.701,0.4454,7.561,2.621,4.637,0.98,8.303,4.359,7.282,0.6344,7.48,5.633,6.174,0.5932,10.295,10.475,1.526,0.3221,9.381,3.199,2.764,0.6589,7.256,7.43,3.383,0.3928,6.493,3.627,7.005,0.8621,7.532,6.711,2.537,0.4067,8.502,4.403,5.587,0.446,8.811,10.602,0.89,0.4151,9.41,6.119,3.955,0.6768,10.276,4.709,2.856,0.5126,7.966,3.413,5.517,0.5892,9.093,5.904,6.784,0.4994,4.99,2.776,5.081,0.7927,6.002,6.3,5.998,0.6895,4.669,4.786,7.55,0.7528,6.904,6.38,4.268,0.7165,9.134,4.627,5.297,0.565,4.567,5.671,7.225,0.4609,8.796,6.689,6.366,0.9475,9.759,6.443,2.934,0.8801,5.638,5.631,6.59,0.5829,8.543,5.022,6.552,0.6251,9.86,7.837,3.539,0.7663,6.814,2.9,6.414,0.647,8.226,7.322,4.152,0.7067,4.184,3.512,4.843,0.8687,7.827,3.982,5.625,0.5013,8.719,9.738,4.208,0.4317,8.738,5.558,3.775,0.5485,8.396,5.804,4.517,0.7774,6.731,7.282,4.616,0.4866,6.235,2.481,3.634,0.7118,7.852,4.796,3.624,0.4847,5.209,5.384,4.798,0.8103,9.539,5.281,5.145,0.4097,8.481,3.196,5.735,0.98,8.368,6.717,4.961,0.4035,7.006,4.383,5.459,0.8154,6.915,6.054,6.761,0.598,6.93,6.262,5.864,0.9406,6.867,3.787,4.438,0.8815,7.929,8.895,3.811,0.4709,7.447,3.534,6.776,0.5787,9.133,3.632,5.443,0.8233,10.029,8.121,2.582,0.427,6.676,6.221,3.78,0.492,7.556,4.389,6.181,0.7851,6.606,3.875,6.284,0.8221,8.815,3.497,4.719,0.5722,5.412,6.243,6.04,0.6085,5.894,4.928,3.868,0.6266,8.11,4.891,3.153,0.4661,6.665,3.659,6.359,0.7984,6.749,4.207,3.816,0.6726,9.744,6.788,6.203,0.5316,5.277,5.977,4.715,0.7589,10.343,4.891,3.796,0.2921,7.893,6.048,5.141,0.6645,5.423,3.365,6.58,0.6825,5.671,7.269,4.604,0.7105,8.704,6.599,5.167,0.7725,6.8,5.828,5.221,0.7531,9.14,5.464,3.928,0.8774,7.274,6.866,6.498,0.8317,5.14,3.526,3.691,0.5009,5.881,3.692,3.383,0.7831,7.564,5.356,4.348,0.8215,7.742,4.007,6.362,0.7237,7.746,4.018,6.665,0.79,8.78,3.332,3.96,0.8075,5.528,3.32,6.66,0.7737,6.791,6.404,2.884,0.725,7.509,4.192,7.095,0.4993,6.468,4.739,5.204,0.5621,7.757,4.765,5.023,0.5019,5.499,3.071,4.425,0.5081
HS_52_Tuto_R2,Animal_52,Tutored_Early_24h,24,0.3798,0.4629,0.1433,0.1633,0.1548,0.0757,13.121,10.898,1.009,0.469,10.359,6.541,4.391,0.3978,9.301,8.742,3.542,0.6373,10.217,11.699,0.985,0.4045,9.869,10.199,1.784,0.2505,10.714,8.318,2.465,0.482,9.111,8.577,6.292,0.6181,11.548,7.971,4.341,0.2994,7.289,8.575,4.022,0.3154,9.149,4.674,5.292,0.9131,8.351,3.746,5.58,0.7187,5.95,4.452,4.195,0.6752,10.572,5.445,3.499,0.5712,9.712,5.093,5.651,0.3503,6.251,6.587,5.02,0.7712,8.075,6.618,3.236,0.3624,9.474,6.819,4.85,0.5518,6.909,6.466,3.765,0.0704,3.684,3.47,6.963,0.7715,7.786,4.732,3.427,0.7743,7.272,4.18,4.976,0.5056,6.787,6.694,7.43,0.8892,8.275,4.524,5.191,0.6739,5.662,4.178,6.655,0.7421,5.209,4.358,5.605,0.393,7.245,7.144,5.986,0.7706,12.373,10.624,0.607,0.5377,8.432,4.473,5.379,0.7079,7.169,10.741,1.901,0.2688,8.302,4.071,7.292,0.8025,6.366,6.549,3.39,0.9004,9.135,5.041,2.79,0.3444,7.373,5.231,3.679,0.7354,9.316,6.601,5.714,0.6152,12.389,10.972,1.063,0.5265,6.933,5.448,6.308,0.5034,7.554,5.896,6.661,0.8618,9.966,10.996,1.93,0.679,4.709,4.474,4.093,0.4844,8.007,3.617,3.48,0.7538,8.596,4.45,4.242,0.7263,5.898,3.552,4.279,0.7413,8.107,2.354,4.826,0.7871,8.906,5.459,5.997,0.8359,5.578,4.674,4.712,0.4682,9.295,10.913,3.389,0.5246,7.937,5.629,3.959,0.707,6.17,5.485,3.418,0.2697,4.56,3.53,4.772,0.6804,9.558,10.765,3.688,0.295,9.833,4.907,5.285,0.6496,8.455,8.036,2.077,0.6795,8.061,6.971,3.067,0.5888,9.215,5.583,3.371,0.4435,7.945,7.598,6.698,0.4012,5.762,5.848,4.399,0.5509,5.677,6.025,4.817,0.95,9.524,5.641,3.562,0.8854,8.086,2.991,6.521,0.7181,7.517,5.576,4.812,0.5811,7.681,6.809,4.762,0.4754,8.786,6.603,6.735,0.3821,8.822,4.872,5.08,0.5254,7.245,4.334,5.593,0.5951,6.954,4.486,4.653,0.5704,8.17,6.354,5.407,0.8808,6.301,4.354,6.459,0.5808,5.644,4.843,3.319,0.4109,9.915,9.457,2.866,0.3216,7.708,4.264,7.257,0.7353,5.88,4.929,5.172,0.4581,9.007,11.842,0.22,0.4891,8.434,5.475,5.415,0.8744,6.647,4.292,5.931,0.7698,8.295,6.693,6.99,0.5506,7.834,2.845,5.815,0.8615,6.176,6.915,4.392,0.4387,6.125,4.645,5.47,0.6774,6.551,7.485,2.595,0.4335,6.835,4.526,7.094,0.5832,11.715,8.238,3.434,0.5663,6.382,4.568,3.425,0.4217,7.228,6.739,7.377,0.5796,7.297,6.356,4.87,0.8836,6.397,5.614,4.914,0.4072,10.203,11.816,2.96,0.7119,6.517,3.641,2.908,0.4512,4.444,6.197,3.379,0.6952,6.924,7.198,3.797,0.5147,10.234,4.943,4.829,0.4862,7.554,4.599,6.997,0.6958,6.556,3.538,6.699,0.6367,9.226,5.908,5.273,0.4304,5.86,5.585,6.391,0.6782,7.612,4.937,6.89,0.5051,6.308,4.082,2.674,0.7088,3.749,5.992,5.55,0.7204,5.568,6.651,5.53,0.4576,7.918,7.32,2.602,0.5439,6.835,7.916,3.64,0.6738,8.987,6.715,5.656,0.3868,7.697,7.093,3.33,0.6509,5.839,3.828,4.425,0.792,10.456,6.006,5.739,0.6776,6.14,6.548,5.294,0.7262,7.076,7.0,4.185,0.6705,8.861,3.173,4.213,0.4605,5.589,4.397,4.311,0.9372,9.318,2.219,3.969,0.8055,8.952,5.717,7.316,0.5203,4.961,3.116,7.699,0.7135,4.909,2.894,4.078,0.7105,5.777,5.925,7.816,0.5472,4.763,4.592,5.817,0.7668,4.418,3.642,5.013,0.7149,9.756,6.14,6.86,0.5766,6.025,4.552,6.65,0.7713,9.066,6.608,5.192,0.891,7.597,5.761,4.498,0.7172,7.783,4.933,4.193,0.6186
HS_53_Tuto_R3,Animal_53,Tutored_Early_24h,24,0.4049,0.4367,0.1506,0.174,0.1612,0.0775,13.923,10.418,2.942,0.2158,8.076,5.241,6.458,0.5715,8.306,7.823,3.81,0.4201,8.422,10.78,2.957,0.3363,10.37,8.85,1.994,0.3358,11.921,9.063,3.844,0.1261,7.093,4.669,6.6,0.6217,6.91,5.405,3.427,0.2184,11.481,7.203,1.003,0.0471,7.901,5.206,3.903,0.7584,5.607,7.773,5.371,0.5168,10.705,7.376,5.672,0.6057,8.574,8.0,3.587,0.464,8.854,3.712,6.298,0.7319,10.506,5.181,2.705,0.7168,9.895,5.151,4.625,0.3868,7.406,7.542,4.723,0.5174,7.078,6.946,4.114,0.4257,5.782,6.377,6.377,0.7427,8.919,7.996,5.213,0.3882,10.463,6.933,5.137,0.7067,5.992,4.188,6.752,0.5831,6.999,3.384,7.85,0.66,6.82,2.338,4.349,0.5667,6.775,5.065,4.457,0.98,6.403,5.715,8.001,0.5484,9.313,8.605,0.1,0.3775,6.648,6.423,4.562,0.5043,8.645,8.537,3.026,0.4018,10.591,6.028,4.317,0.9045,8.171,4.322,5.176,0.6166,5.761,4.16,3.22,0.7737,6.892,4.756,6.926,0.6673,5.966,3.293,4.619,0.7567,9.259,11.233,2.98,0.2813,4.948,4.749,6.523,0.6498,8.778,3.15,3.918,0.8862,9.522,9.208,3.821,0.4151,6.66,4.208,3.65,0.95,8.331,3.881,3.495,0.6468,6.909,6.309,6.392,0.8124,9.228,6.31,5.393,0.6757,6.989,3.705,5.428,0.8043,6.558,6.618,5.805,0.7594,8.339,4.412,3.365,0.7228,9.087,8.305,2.234,0.3612,7.679,6.905,7.31,0.4891,6.64,3.397,5.945,0.6717,6.675,3.63,4.432,0.8202,10.421,9.602,4.102,0.1855,9.703,6.522,3.706,0.6276,8.079,7.335,3.045,0.2772,8.129,3.728,4.781,0.7256,8.378,5.094,5.728,0.6065,8.324,6.324,7.757,0.5705,8.282,6.479,7.176,0.8747,6.371,3.62,6.326,0.797,7.358,4.136,4.453,0.4645,5.615,5.562,6.506,0.5163,6.548,6.172,7.152,0.696,8.347,5.439,6.683,0.5344,7.207,3.08,7.401,0.5405,7.786,4.77,3.37,0.509,7.462,4.257,4.706,0.7874,6.167,5.259,5.822,0.6659,6.245,3.271,7.182,0.6404,6.796,2.397,7.291,0.6685,6.011,5.852,6.341,0.8162,10.329,9.983,1.493,0.3943,9.061,3.661,5.718,0.8557,8.181,4.945,7.228,0.7359,8.747,9.433,2.46,0.6276,6.597,2.486,2.513,0.6134,5.887,3.114,3.536,0.7958,4.875,6.256,4.782,0.8346,5.202,6.509,4.043,0.7904,6.363,3.276,6.146,0.5823,8.56,3.954,4.835,0.7608,6.845,4.492,3.245,0.6974,6.986,6.012,5.905,0.98,10.175,9.326,1.817,0.5657,7.354,6.198,3.166,0.7372,6.035,6.216,3.674,0.4955,7.907,7.023,3.867,0.573,6.091,3.662,5.347,0.6011,9.762,11.056,1.806,0.2808,8.614,7.012,7.467,0.4574,6.519,3.171,4.495,0.4534,10.358,5.706,3.118,0.453,8.932,4.018,7.256,0.8396,9.532,3.619,5.495,0.5424,9.634,4.074,6.191,0.3451,9.04,7.101,5.456,0.8654,9.005,2.72,6.847,0.6609,5.498,3.781,3.565,0.6468,6.161,2.709,6.667,0.5911,5.743,4.077,3.975,0.8842,7.325,5.332,5.832,0.5748,7.032,8.407,2.549,0.4605,6.228,5.687,5.286,0.4575,7.772,4.342,2.698,0.5892,6.266,6.937,3.329,0.4515,9.376,4.418,5.789,0.2853,7.622,7.445,6.154,0.4578,5.754,4.186,7.232,0.4533,5.501,3.489,7.142,0.9444,7.146,2.592,7.208,0.6097,6.587,3.957,3.885,0.9161,5.663,5.111,4.267,0.615,7.064,3.229,6.227,0.6422,7.701,4.956,4.795,0.5813,4.526,3.795,7.639,0.6728,3.597,4.025,4.064,0.8558,7.541,2.539,5.538,0.7978,6.629,3.748,6.464,0.98,8.81,3.755,6.832,0.5229,8.196,4.445,6.41,0.6745,7.538,4.638,7.273,0.6427,8.099,2.514,3.513,0.6941,5.566,3.055,3.545,0.8678
HS_54_Tuto_R4,Animal_54,Tutored_Early_24h,24,0.339,0.4605,0.164,0.1713,0.1388,0.0654,8.632,9.883,0.1,0.02,8.542,6.208,3.7,0.532,9.648,11.374,0.966,0.3362,10.989,9.868,0.617,0.4993,12.383,10.007,0.343,0.5079,10.751,7.977,2.579,0.6067,7.825,7.367,5.382,0.5521,10.484,8.441,3.062,0.3733,7.013,6.266,1.636,0.1744,8.365,5.375,6.194,0.5172,9.424,4.265,5.549,0.6668,10.848,5.904,5.777,0.5831,8.333,3.878,5.353,0.2642,9.301,6.586,4.66,0.2915,5.172,5.011,6.374,0.7103,6.854,3.978,2.552,0.7254,9.18,4.682,2.951,0.4202,6.628,7.903,5.213,0.4893,7.218,5.11,5.027,0.7055,7.765,6.517,6.988,0.6691,9.86,5.758,2.403,0.6478,4.916,4.44,5.828,0.8052,4.087,2.369,5.711,0.5885,9.772,5.991,5.287,0.8216,8.304,2.561,5.609,0.5593,5.645,5.106,6.054,0.6354,11.356,10.218,2.974,0.3004,8.237,6.884,5.454,0.8912,9.787,8.208,2.131,0.4923,11.063,3.978,6.329,0.7229,5.362,3.786,5.069,0.4132,8.001,6.103,4.195,0.5741,5.312,6.634,6.073,0.825,7.118,7.106,6.737,0.6553,8.967,7.525,2.561,0.3552,6.357,3.581,5.586,0.7115,8.116,3.343,7.124,0.6795,7.311,8.562,3.368,0.6224,6.308,6.012,6.107,0.614,7.327,6.329,3.032,0.8029,7.021,3.856,6.256,0.6089,7.215,4.369,6.883,0.4559,5.859,5.639,5.006,0.5246,4.785,7.721,6.654,0.8835,6.367,6.024,3.551,0.7051,11.366,11.406,4.238,0.2687,4.845,2.941,2.969,0.652,9.065,7.548,2.789,0.7024,7.682,5.591,5.39,0.5312,11.022,8.122,2.938,0.5305,7.55,7.425,3.519,0.6319,8.248,8.894,0.503,0.5818,4.951,4.621,6.324,0.95,8.621,6.886,3.812,0.423,7.686,4.511,5.665,0.5057,9.372,3.005,5.367,0.6845,5.932,7.84,5.468,0.5761,8.455,2.377,5.642,0.604,7.353,5.559,4.592,0.5839,8.49,2.907,6.139,0.8691,9.091,5.663,6.093,0.6638,6.777,3.901,4.622,0.6686,5.041,4.2,5.838,0.5204,5.852,6.632,4.078,0.6144,5.659,7.026,6.769,0.4873,9.679,2.766,6.276,0.4927,7.1,5.149,4.593,0.9141,8.177,6.831,3.685,0.5021,9.11,10.472,2.633,0.613,7.993,3.652,6.959,0.7775,7.142,2.692,5.285,0.6602,12.213,10.145,0.841,0.2902,9.439,4.76,3.703,0.8039,7.011,5.71,6.864,0.8071,7.55,4.243,5.243,0.8174,8.841,5.799,5.932,0.9288,7.295,6.711,4.039,0.8017,8.977,4.637,6.199,0.8106,8.676,6.482,5.017,0.6067,5.363,4.096,6.223,0.8637,10.93,10.534,0.481,0.3428,4.949,3.299,8.336,0.5189,8.104,6.908,4.592,0.8288,6.479,3.937,3.475,0.6243,7.84,3.416,3.969,0.9309,9.753,12.009,2.53,0.4,7.972,4.647,4.889,0.5362,9.449,6.475,4.053,0.6717,8.684,7.808,2.034,0.4162,8.456,5.711,4.322,0.6149,6.286,3.245,4.552,0.4409,3.828,2.798,4.947,0.908,5.268,4.106,5.582,0.8588,9.472,7.657,4.464,0.95,8.115,6.592,3.58,0.7631,5.448,7.037,6.227,0.7382,7.243,4.969,5.176,0.6645,6.306,6.322,5.58,0.652,9.377,4.641,6.225,0.5176,8.76,4.614,6.923,0.7012,9.268,7.59,5.38,0.4321,9.001,6.776,5.655,0.8612,8.411,2.233,5.536,0.4105,6.848,5.599,8.06,0.4548,6.217,2.773,6.1,0.694,7.665,7.222,6.497,0.6429,5.825,5.93,5.087,0.825,10.234,5.39,7.188,0.4987,8.485,3.123,4.779,0.9079,5.006,4.608,4.598,0.6492,7.597,6.249,6.456,0.7983,7.487,3.556,7.155,0.6645,9.324,3.882,4.512,0.948,5.932,5.767,4.909,0.902,5.937,4.258,5.066,0.4853,5.375,6.636,5.112,0.7409,8.849,4.026,5.405,0.7344,5.45,6.931,5.18,0.7691,8.26,4.102,2.862,0.5726,8.289,6.902,5.101,0.5706
HS_55_Tuto_R5,Animal_55,Tutored_Early_24h,24,0.4687,0.4506,0.1545,0.1529,0.1721,0.0699,9.023,10.121,0.1,0.4965,7.091,5.361,5.764,0.4441,8.742,8.467,3.571,0.2373,7.984,11.118,3.672,0.2803,11.723,8.99,4.296,0.2752,10.514,8.349,0.594,0.6907,6.49,6.786,5.091,0.9305,8.332,9.356,4.41,0.4344,8.797,10.054,0.999,0.4813,6.948,7.052,4.86,0.766,9.135,4.258,3.602,0.6491,8.335,7.984,7.209,0.7257,10.201,3.776,5.901,0.8165,8.366,6.224,4.588,0.7451,10.505,6.576,5.008,0.535,6.547,5.736,3.91,0.586,8.668,5.76,5.27,0.5378,7.734,6.502,4.754,0.3442,5.807,5.969,6.397,0.8797,7.389,3.413,7.22,0.7196,10.81,5.071,4.14,0.5962,6.563,5.016,3.682,0.7988,3.364,2.851,7.803,0.98,8.466,6.425,7.078,0.95,5.28,6.9,6.012,0.5787,3.999,4.493,7.565,0.3584,11.224,11.191,2.979,0.3649,6.634,6.884,6.639,0.7067,10.456,9.511,0.505,0.5349,10.416,3.01,4.357,0.7772,4.084,7.057,3.729,0.592,9.367,3.297,7.457,0.8433,9.033,5.859,5.867,0.6438,9.02,2.714,3.786,0.494,10.892,10.414,1.108,0.4858,9.215,6.262,6.351,0.7932,9.06,3.071,5.496,0.5112,9.183,10.841,2.197,0.6411,8.094,6.684,3.537,0.712,6.474,3.231,6.635,0.7326,9.918,5.205,5.622,0.5305,7.117,3.872,7.486,0.5742,5.599,5.539,8.159,0.98,6.35,3.502,4.627,0.8462,4.625,5.876,6.141,0.4401,11.504,9.134,2.238,0.4307,7.198,2.947,7.624,0.3863,9.924,9.127,3.078,0.4721,4.991,6.343,6.112,0.4994,11.345,11.459,0.662,0.288,8.785,4.675,6.71,0.6333,10.486,10.881,0.1,0.6629,4.876,4.498,5.361,0.7218,7.857,3.754,4.691,0.6971,8.259,5.734,4.056,0.5729,6.452,6.201,4.034,0.8875,9.036,5.129,4.582,0.94,7.567,6.3,5.967,0.9086,6.801,6.421,4.453,0.8106,8.142,4.55,6.328,0.8595,9.385,4.623,3.875,0.8547,5.48,4.156,4.23,0.448,9.448,5.049,5.741,0.6385,8.224,2.694,4.382,0.7715,8.914,3.918,7.336,0.8141,4.213,4.282,3.893,0.6187,9.52,3.163,5.465,0.7797,5.637,5.33,5.218,0.7623,8.021,11.175,4.613,0.2153,6.309,2.692,6.745,0.616,9.475,2.352,6.313,0.5321,11.974,10.689,3.17,0.4803,8.738,2.587,5.829,0.4758,9.314,4.296,6.106,0.5008,5.859,4.285,3.351,0.6999,4.788,6.249,6.29,0.7876,5.559,5.876,4.866,0.6047,5.681,5.351,6.449,0.6276,9.394,6.039,5.569,0.7482,7.212,6.507,6.625,0.8594,11.496,10.842,0.961,0.5789,4.915,5.878,4.376,0.6218,5.072,6.79,5.955,0.7246,6.693,2.903,5.532,0.5897,9.536,2.921,5.828,0.5603,7.834,9.48,1.336,0.5801,8.743,5.612,4.755,0.776,8.64,4.713,4.359,0.9467,9.507,5.668,3.18,0.7321,9.453,3.866,5.785,0.5416,8.625,4.621,4.653,0.3886,7.978,6.502,3.129,0.9202,6.464,6.932,6.173,0.6882,9.791,6.389,6.071,0.6364,5.562,3.666,6.467,0.7974,9.378,3.949,5.52,0.7335,7.888,2.957,5.432,0.8248,8.39,5.426,6.958,0.6963,8.723,6.993,5.706,0.5861,9.372,7.138,6.842,0.8898,6.596,4.334,3.903,0.3843,7.693,4.686,3.474,0.3834,7.88,7.238,5.187,0.5291,8.409,5.742,4.652,0.3586,7.812,4.281,5.91,0.7558,7.847,3.994,4.073,0.637,9.276,5.006,3.835,0.4602,8.287,5.234,6.791,0.66,7.385,3.025,5.975,0.3886,7.05,5.346,4.455,0.8704,5.334,7.566,6.451,0.6213,4.574,5.746,7.881,0.5841,4.243,6.401,8.382,0.8246,8.368,5.117,7.745,0.98,9.608,4.729,4.173,0.8563,4.292,3.713,4.585,0.4229,5.93,4.653,4.017,0.6395,4.154,3.909,4.067,0.4183,7.273,4.677,4.935,0.7615,3.78,3.885,5.993,0.8561
HS_56_Tuto_R6,Animal_56,Tutored_Early_24h,24,0.3548,0.4686,0.1025,0.1711,0.1718,0.086,12.687,10.699,0.1,0.5309,8.494,5.385,3.546,0.4713,9.558,12.24,0.309,0.319,8.963,11.852,3.224,0.5663,7.555,11.22,0.574,0.4582,10.811,11.907,0.1,0.305,9.316,5.195,3.77,0.6458,11.017,8.386,2.445,0.0319,10.555,8.153,4.516,0.4503,5.725,7.002,5.631,0.8188,9.717,4.697,5.075,0.5828,7.612,4.444,6.224,0.98,5.83,6.553,4.328,0.5213,9.701,7.602,2.342,0.6221,8.095,4.32,3.853,0.3871,7.957,5.399,5.542,0.5305,9.212,7.395,4.119,0.591,10.857,9.792,1.216,0.3003,6.836,3.201,5.499,0.8896,5.624,4.836,4.201,0.9041,9.235,4.146,4.628,0.405,9.882,5.943,6.834,0.583,8.511,3.498,6.558,0.7642,6.905,6.843,5.297,0.9358,6.286,3.495,4.105,0.6269,4.894,3.257,6.609,0.8518,7.722,11.11,2.264,0.2769,8.763,7.755,5.918,0.6152,8.887,11.233,3.083,0.4873,7.29,3.3,5.858,0.8113,5.843,3.434,4.473,0.4855,9.259,3.013,6.897,0.6758,7.252,3.494,4.121,0.8689,8.611,3.115,5.215,0.5917,9.107,10.28,0.333,0.2011,5.585,3.749,5.109,0.4462,4.646,3.004,5.42,0.8397,10.987,8.964,1.91,0.5506,7.721,4.928,4.319,0.6004,9.893,5.925,5.136,0.6936,9.183,2.665,6.414,0.6132,7.223,4.486,5.91,0.6584,6.64,4.045,7.225,0.7358,9.61,5.849,5.134,0.6031,9.227,4.133,6.416,0.7017,9.134,9.178,0.836,0.3859,6.633,4.412,5.863,0.5621,7.668,5.558,4.934,0.7768,8.934,5.704,6.241,0.6346,9.551,12.353,1.947,0.5403,8.929,6.474,5.789,0.3414,13.18,7.648,0.704,0.252,7.8,2.72,4.072,0.6991,10.048,7.055,5.182,0.6134,9.428,4.988,6.132,0.7705,4.985,3.655,4.099,0.95,5.845,4.131,6.875,0.8599,5.152,6.409,3.776,0.5076,6.923,2.966,6.25,0.6561,6.305,5.923,6.043,0.7161,6.628,4.932,6.635,0.7592,6.636,3.029,4.449,0.8178,8.609,6.086,5.069,0.7222,7.073,5.77,6.012,0.4109,7.907,6.927,5.82,0.6265,10.403,5.458,6.316,0.5087,7.428,4.557,5.129,0.6606,10.083,3.795,6.206,0.6541,9.449,11.006,1.341,0.5166,9.012,4.67,6.538,0.5933,5.948,4.202,4.528,0.6001,11.687,8.794,2.821,0.2067,7.284,4.213,3.573,0.4087,8.049,6.616,5.232,0.4407,8.884,5.512,5.076,0.6929,8.761,4.456,5.361,0.597,6.751,6.385,3.986,0.6072,8.993,3.133,5.254,0.748,8.089,7.608,4.606,0.4354,4.953,3.552,7.372,0.7086,8.065,7.925,0.462,0.5266,9.257,6.356,4.308,0.6258,5.367,3.115,7.542,0.5129,9.84,3.138,5.462,0.5765,9.162,4.973,5.913,0.5118,8.021,8.299,3.069,0.2628,6.031,6.592,5.457,0.6983,4.252,6.872,4.697,0.6643,7.368,4.011,4.862,0.6072,7.66,3.996,5.322,0.4518,9.336,5.143,5.307,0.3603,8.988,8.153,3.577,0.4133,6.177,6.475,4.903,0.3134,9.155,6.544,4.137,0.4985,8.595,6.104,7.037,0.8203,8.587,3.133,3.657,0.7166,6.963,6.013,4.642,0.5872,7.434,3.72,3.497,0.5368,8.409,6.194,4.549,0.7537,7.106,4.139,3.975,0.4648,10.128,3.916,2.201,0.3476,10.517,7.907,3.3,0.4384,7.606,5.709,7.116,0.3894,7.454,3.33,6.38,0.5027,5.789,3.513,4.269,0.504,7.725,2.404,7.296,0.7091,9.96,3.888,6.575,0.7326,8.938,7.25,3.041,0.7849,6.373,3.403,4.066,0.95,6.129,6.785,4.646,0.6542,5.553,5.917,3.53,0.5937,4.928,5.993,6.392,0.6735,4.762,3.686,7.128,0.8204,5.713,4.148,3.843,0.8181,5.85,3.287,5.286,0.715,7.239,6.222,6.762,0.5173,6.201,4.495,4.95,0.5005,10.057,3.806,7.355,0.6512,6.718,5.903,3.315,0.8204,5.256,7.454,5.284,0.8062
HS_57_Tuto_R7,Animal_57,Tutored_Early_24h,24,0.1458,0.4477,0.1462,0.1621,0.1707,0.0733,8.231,10.821,2.443,0.262,9.267,4.311,6.199,0.5342,11.111,7.088,5.552,0.6179,9.379,6.599,2.987,0.6416,9.108,7.582,3.639,0.542,10.84,7.825,2.536,0.6381,11.061,6.778,4.864,0.6802,5.844,5.985,3.036,0.4998,9.573,7.67,4.618,0.4239,8.941,8.495,2.93,0.8325,8.165,4.923,4.137,0.7967,6.923,7.885,5.02,0.7567,8.078,5.26,3.619,0.5933,8.48,3.973,5.198,0.7939,6.583,4.253,2.317,0.667,5.843,5.0,6.575,0.5526,6.942,3.972,4.413,0.8088,6.878,5.605,2.881,0.5994,5.172,4.02,6.267,0.6077,9.434,3.939,5.727,0.4413,6.765,4.378,4.187,0.7626,6.522,6.027,6.218,0.7005,7.969,4.182,5.295,0.8103,5.221,6.268,4.681,0.6805,8.917,5.025,4.094,0.4668,8.874,2.636,6.252,0.5669,11.228,8.734,2.003,0.4063,8.196,3.533,3.643,0.732,8.196,9.825,4.248,0.4731,7.456,7.648,6.922,0.6865,4.686,5.73,5.007,0.4858,8.567,5.823,5.777,0.5933,7.626,7.662,6.282,0.4944,7.364,6.113,2.652,0.7722,10.942,9.917,2.392,0.3502,5.942,6.196,4.694,0.616,7.973,6.595,4.779,0.6879,9.049,6.824,3.954,0.3406,5.494,3.21,4.032,0.6472,9.277,3.944,3.595,0.6062,7.937,4.954,3.815,0.5061,6.964,6.703,3.989,0.4445,9.461,4.139,6.767,0.6836,8.324,7.584,5.404,0.6857,8.285,3.832,6.244,0.6519,8.516,6.717,2.491,0.3424,5.301,5.572,4.791,0.539,8.693,6.49,7.265,0.8933,4.795,5.368,6.59,0.5689,7.954,6.513,5.019,0.6071,8.145,3.975,6.26,0.6831,9.416,7.511,2.731,0.4764,9.364,3.467,4.693,0.6267,8.68,3.714,4.557,0.7963,6.337,4.54,5.346,0.7176,5.561,2.639,7.148,0.6382,6.975,6.545,4.228,0.7123,6.799,3.126,5.77,0.7916,7.18,2.904,5.703,0.7772,7.533,6.909,6.078,0.8482,7.108,6.037,7.338,0.753,8.235,3.855,7.458,0.5843,9.093,2.493,3.217,0.6719,7.101,4.263,4.577,0.4783,5.044,4.753,7.919,0.7891,5.366,5.285,5.849,0.6025,6.515,3.044,4.35,0.4712,7.529,3.28,7.624,0.8568,10.619,6.624,2.22,0.7555,5.169,2.943,7.414,0.8338,6.082,3.857,4.038,0.5685,10.616,9.019,2.634,0.6773,10.001,3.419,6.62,0.6685,5.026,3.534,4.783,0.3527,7.049,2.598,6.864,0.7951,8.917,3.955,6.305,0.547,6.637,6.897,4.653,0.8962,6.649,3.086,5.645,0.6076,6.099,7.337,3.747,0.4706,8.926,4.603,7.096,0.6282,7.561,7.667,4.343,0.7644,7.284,4.36,3.52,0.679,7.889,6.032,6.939,0.4452,5.386,4.529,5.859,0.8578,8.125,3.397,6.698,0.5316,7.404,9.76,1.748,0.6442,8.176,5.436,3.662,0.869,8.904,3.98,4.957,0.539,9.458,4.78,7.184,0.7255,7.133,5.255,4.806,0.95,5.681,6.91,4.857,0.6675,9.247,3.428,7.289,0.5082,6.094,6.121,6.484,0.3948,8.815,4.173,4.954,0.6604,6.817,3.398,7.537,0.8543,9.799,5.653,5.518,0.6879,6.705,4.081,6.642,0.5409,9.313,5.865,5.937,0.406,8.157,5.059,4.491,0.8894,4.889,4.274,5.321,0.8709,6.233,3.994,5.324,0.4237,7.211,6.614,2.392,0.6669,5.901,3.855,4.482,0.5221,8.554,5.713,5.205,0.5536,8.389,4.5,5.155,0.5095,7.406,5.644,3.366,0.8471,8.031,5.801,4.821,0.4977,5.353,4.235,5.275,0.678,8.864,4.529,5.131,0.5679,8.184,6.435,6.661,0.3883,5.295,7.468,6.361,0.6084,5.759,4.677,6.494,0.5788,8.08,7.065,6.481,0.9234,8.764,3.345,6.756,0.8545,5.502,6.879,4.944,0.8199,5.752,3.172,4.13,0.5834,7.585,3.568,6.664,0.5385,5.6,5.636,5.111,0.7631,4.047,3.354,6.393,0.6834,9.9,5.573,4.853,0.9198
HS_58_Tuto_R8,Animal_58,Tutored_Early_24h,24,0.5231,0.4798,0.1201,0.1515,0.1482,0.1004,10.184,7.997,1.781,0.2209,8.966,7.153,5.873,0.6172,8.651,6.157,5.075,0.7408,7.527,9.173,2.349,0.4517,6.798,9.496,3.118,0.2842,10.031,7.126,3.371,0.2255,8.433,7.386,6.652,0.7747,11.316,7.249,5.064,0.3432,9.842,6.561,3.603,0.3173,7.527,3.809,4.47,0.9502,7.142,3.029,6.157,0.8998,6.159,6.84,5.034,0.6411,11.087,6.853,5.136,0.2462,10.786,4.051,6.205,0.3093,9.424,7.844,5.442,0.4389,5.986,7.292,5.125,0.4959,8.67,5.04,3.411,0.6262,6.996,10.731,4.784,0.3979,7.612,2.328,7.149,0.8728,7.579,6.096,7.855,0.8421,9.981,6.617,4.157,0.6058,8.939,3.549,6.886,0.6164,5.176,5.063,4.807,0.9302,6.501,4.725,5.072,0.4197,6.759,4.244,5.88,0.9149,5.847,3.939,5.856,0.4746,11.158,10.51,4.871,0.2948,6.73,6.615,5.732,0.6138,9.606,10.767,4.664,0.2617,7.624,6.819,6.825,0.7329,7.736,4.133,5.533,0.8854,6.798,3.676,2.763,0.4554,7.814,2.911,3.492,0.95,5.805,5.774,3.03,0.7322,11.163,9.751,3.362,0.7057,7.814,4.156,6.365,0.9462,6.677,3.081,3.505,0.6343,9.887,9.883,2.868,0.5109,5.354,4.046,5.334,0.6655,9.068,5.436,4.102,0.5003,5.276,5.173,3.619,0.6432,4.655,6.599,6.613,0.5728,6.218,4.767,3.443,0.6629,7.917,5.469,7.278,0.7528,8.853,4.297,6.542,0.4521,11.1,8.088,2.316,0.3286,8.059,5.416,5.575,0.7579,9.258,6.654,4.987,0.4602,7.493,5.841,6.534,0.8261,11.24,11.234,4.265,0.4838,7.338,5.212,6.226,0.1875,9.657,9.985,3.5,0.6068,6.042,6.952,5.536,0.6668,9.608,6.233,4.856,0.4382,8.139,3.449,4.841,0.9494,7.654,3.969,6.937,0.6267,7.946,6.382,4.804,0.637,9.678,5.825,7.602,0.7668,4.479,6.633,5.093,0.8269,5.917,7.138,4.854,0.3915,5.118,1.961,5.102,0.3807,6.876,5.108,6.87,0.5383,6.933,5.219,6.831,0.7699,7.287,4.684,5.518,0.3585,8.951,6.766,4.622,0.7995,6.654,4.702,4.303,0.8515,6.769,8.103,7.071,0.6503,8.911,4.885,4.153,0.5795,6.398,10.971,0.73,0.5216,9.264,4.776,5.592,0.5739,7.65,7.235,6.062,0.6414,9.385,6.733,2.739,0.3855,9.819,2.655,3.861,0.95,6.367,1.996,4.67,0.5987,5.308,3.125,5.498,0.3303,8.292,3.277,3.658,0.5831,3.76,5.367,6.81,0.7366,7.27,5.151,5.51,0.5751,10.527,7.21,4.76,0.4016,7.826,5.763,5.549,0.9311,11.468,11.415,0.753,0.5787,5.276,6.178,5.812,0.6372,7.814,6.659,4.239,0.595,4.828,4.893,4.153,0.5513,7.841,5.018,6.328,0.6471,7.268,7.043,3.059,0.5106,7.621,5.102,5.464,0.3627,7.391,4.748,5.558,0.456,8.176,5.263,6.261,0.7265,5.523,4.15,5.73,0.5624,7.319,5.705,6.97,0.5083,6.993,5.76,4.995,0.8759,7.896,5.401,3.685,0.6499,6.137,6.721,4.909,0.8013,6.394,5.906,6.538,0.801,6.13,7.143,4.899,0.7844,8.095,3.608,4.691,0.7698,6.41,3.865,6.329,0.7812,10.722,6.85,5.679,0.4804,5.658,3.526,5.375,0.8534,7.802,4.729,2.76,0.7217,5.758,7.023,4.561,0.4523,10.0,6.179,6.651,0.6916,8.537,5.809,4.915,0.7921,6.811,2.632,4.885,0.5331,10.055,5.51,6.959,0.7185,6.797,4.989,4.625,0.4103,7.212,2.692,4.87,0.6613,6.059,3.674,3.35,0.8623,7.338,7.656,3.351,0.491,7.044,2.921,6.352,0.612,8.023,2.748,4.668,0.98,4.802,4.054,6.282,0.5699,6.538,3.736,6.472,0.98,5.63,4.241,6.469,0.9407,4.412,6.114,3.484,0.531,9.328,6.847,4.633,0.9203,9.859,5.137,6.933,0.6716,6.535,7.442,6.66,0.4311,8.516,4.66,6.475,0.4686
HS_59_Tuto_R9,Animal_59,Tutored_Early_24h,24,0.2794,0.4612,0.1317,0.176,0.1672,0.0639,8.525,10.32,0.893,0.2988,5.394,5.908,5.147,0.6117,10.911,9.621,0.52,0.5554,12.748,11.475,3.493,0.6597,9.233,7.28,2.58,0.5262,11.444,7.873,0.527,0.2956,9.74,5.446,6.313,0.6277,6.462,5.737,3.125,0.3384,11.766,7.335,3.129,0.5361,8.278,5.044,7.822,0.8827,7.89,6.426,7.004,0.5181,6.362,6.049,4.869,0.9307,7.115,5.823,6.846,0.4134,6.893,3.842,3.641,0.7213,8.851,4.131,4.445,0.3518,6.898,3.459,6.221,0.7711,5.12,6.858,4.359,0.5163,10.089,5.246,1.961,0.5998,6.912,4.249,4.664,0.6118,7.135,5.968,4.319,0.8503,9.45,4.463,3.576,0.5894,5.408,7.006,4.132,0.6999,8.66,6.581,5.065,0.6553,5.792,3.159,6.531,0.8595,8.636,4.084,4.472,0.9579,6.242,5.584,3.3,0.8712,12.042,7.969,1.625,0.2576,7.583,6.331,5.33,0.7422,11.053,8.233,2.571,0.1849,8.429,1.562,5.99,0.8647,8.167,6.275,6.236,0.6665,9.365,3.94,6.563,0.5191,9.211,3.396,4.216,0.6625,5.026,5.54,4.229,0.5947,10.013,8.403,2.899,0.419,7.974,5.988,5.61,0.95,6.653,4.53,6.758,0.4443,12.076,9.752,0.245,0.6358,8.351,7.561,4.895,0.4953,8.927,5.661,5.997,0.7052,6.923,5.033,6.406,0.5335,4.354,4.54,5.956,0.6236,6.409,4.361,5.143,0.71,4.952,5.651,4.543,0.4061,9.295,5.201,2.572,0.8275,10.04,9.184,2.475,0.5719,9.68,4.864,4.936,0.2975,6.348,4.641,6.517,0.7621,4.236,5.235,2.959,0.6171,9.828,8.918,3.974,0.6626,7.572,6.504,6.71,0.6632,8.895,10.826,0.281,0.655,3.341,5.637,6.03,0.8691,6.293,6.74,5.526,0.4555,7.688,7.119,3.492,0.6786,5.925,6.407,4.288,0.4902,4.377,2.778,6.323,0.5222,4.245,3.826,4.285,0.609,7.365,7.256,4.692,0.8123,6.818,4.128,6.496,0.7536,9.44,5.183,4.372,0.4537,7.442,3.845,4.911,0.9247,5.606,6.421,7.193,0.8189,7.633,6.694,5.347,0.6326,10.343,5.983,3.507,0.6461,8.119,4.166,7.663,0.4224,6.537,3.53,4.313,0.8059,8.394,6.058,3.846,0.8684,9.48,10.461,3.611,0.682,6.55,6.317,3.485,0.8064,5.638,2.794,5.406,0.759,8.732,8.776,0.86,0.6279,8.52,6.858,6.373,0.6579,6.799,5.453,4.93,0.9439,9.188,5.237,4.227,0.7746,5.549,3.099,5.704,0.4405,7.49,6.646,4.582,0.6825,7.227,2.689,5.989,0.7869,6.776,5.201,2.841,0.6403,5.161,5.744,6.521,0.8275,8.327,10.039,4.054,0.3329,6.371,3.825,4.992,0.5393,9.362,4.174,5.184,0.8634,5.595,5.341,4.495,0.7745,9.129,2.817,5.273,0.8176,12.638,7.461,0.22,0.252,5.784,3.034,3.317,0.5854,7.412,5.37,6.103,0.6768,5.989,4.569,5.633,0.4368,7.813,3.917,3.463,0.8006,7.544,5.4,3.536,0.4944,5.064,5.89,4.3,0.95,5.118,3.469,4.21,0.5294,7.786,5.645,6.4,0.6367,8.521,5.651,5.585,0.7679,9.145,5.306,5.593,0.8893,8.009,3.464,5.367,0.8445,4.811,6.813,7.188,0.3596,7.692,5.961,2.763,0.5318,8.684,5.621,6.346,0.6345,10.027,7.803,5.995,0.5964,8.094,6.421,3.68,0.5825,5.812,3.347,5.774,0.5363,7.089,7.415,6.874,0.5595,7.813,4.718,3.995,0.7461,6.651,5.795,7.773,0.747,8.398,5.818,3.428,0.4558,7.51,7.058,5.298,0.63,7.794,5.871,4.15,0.8153,5.623,6.313,5.474,0.7729,7.475,4.478,5.096,0.8397,7.981,3.943,5.521,0.7127,8.794,3.063,4.039,0.7824,6.022,4.693,3.45,0.8776,5.345,2.638,6.672,0.8968,5.26,6.312,5.046,0.6814,5.267,4.718,4.841,0.7376,6.96,2.986,4.792,0.6058,9.825,4.561,7.084,0.7152,8.636,2.918,4.754,0.6041
HS_60_Tuto_R10,Animal_60,Tutored_Early_24h,24,0.2078,0.4815,0.1294,0.1584,0.1589,0.0718,10.965,8.066,0.1,0.2528,9.659,6.341,6.423,0.8227,6.651,8.912,0.96,0.7902,10.774,10.37,1.626,0.2441,6.364,9.76,1.586,0.4488,7.331,9.62,0.703,0.6049,7.26,7.062,7.165,0.6247,9.053,8.682,2.989,0.6302,9.253,6.55,4.681,0.293,9.281,8.782,6.708,0.9277,8.914,4.893,6.716,0.5473,9.834,7.29,4.621,0.8605,6.939,6.693,5.596,0.6217,6.643,3.81,6.618,0.8581,8.116,6.819,5.195,0.4825,5.635,4.069,4.823,0.5882,8.269,7.204,4.693,0.4194,9.733,6.03,5.197,0.1227,5.699,5.623,7.218,0.5644,5.24,6.772,4.095,0.4813,7.966,5.674,3.552,0.6168,7.352,6.166,3.089,0.6698,4.072,4.611,7.259,0.9321,5.378,5.112,3.04,0.8646,8.608,5.929,4.833,0.7245,6.468,3.148,4.186,0.7542,10.978,6.6,1.973,0.3115,6.204,3.835,4.632,0.5882,10.648,7.469,2.019,0.586,8.387,6.712,4.292,0.8647,7.979,5.517,6.041,0.8912,5.006,5.799,5.243,0.8365,6.543,4.439,4.567,0.4176,7.667,6.341,3.784,0.8242,9.598,11.22,1.766,0.3485,8.765,3.661,6.005,0.4873,5.443,3.602,6.125,0.7069,8.712,10.132,1.195,0.5955,5.3,5.808,4.422,0.7206,4.76,3.437,6.832,0.9003,6.023,5.49,6.746,0.5237,6.496,6.484,7.975,0.6343,8.018,5.746,7.553,0.53,5.72,3.649,5.602,0.4252,4.805,4.574,5.334,0.8304,8.696,8.75,2.418,0.6936,7.092,3.144,4.901,0.9124,9.395,3.904,4.014,0.5779,6.108,5.172,7.054,0.461,11.199,11.242,2.867,0.4203,5.525,7.523,2.977,0.6026,9.248,9.194,3.677,0.7852,6.209,5.424,6.31,0.3785,8.606,7.458,4.384,0.7239,8.607,4.885,5.239,0.7335,8.247,6.962,6.419,0.7083,5.403,2.655,3.815,0.8652,7.829,4.333,5.231,0.696,8.564,6.262,7.084,0.4787,7.23,3.434,7.215,0.6839,8.098,3.621,7.075,0.3551,7.35,6.244,6.76,0.8101,6.967,8.014,5.93,0.6287,6.996,2.943,6.377,0.8568,8.218,6.242,6.499,0.7367,10.227,4.878,6.071,0.3491,8.205,7.349,2.226,0.7792,7.901,5.151,4.898,0.9011,10.933,10.043,2.096,0.2475,7.331,4.173,6.11,0.7956,9.303,3.911,5.718,0.4716,9.3,8.776,0.681,0.2571,9.07,5.586,6.792,0.3394,4.743,3.585,5.806,0.5843,8.908,4.948,7.002,0.6403,7.898,7.787,4.227,0.4476,6.342,5.064,4.145,0.6502,5.475,6.847,4.01,0.6592,7.812,6.493,4.265,0.5927,7.927,4.869,6.471,0.5959,8.541,6.326,1.363,0.5646,8.793,6.296,3.528,0.5292,7.469,6.346,7.124,0.581,7.678,6.833,4.189,0.7802,7.081,3.94,6.581,0.5064,11.113,11.049,3.887,0.3992,5.112,6.979,3.561,0.8324,6.053,6.932,4.299,0.7958,9.737,6.203,3.589,0.3469,7.305,6.562,4.837,0.4874,5.267,3.586,5.746,0.4683,9.457,4.086,6.15,0.8251,6.166,7.117,5.335,0.3787,8.3,3.051,6.114,0.468,6.397,6.474,6.452,0.6935,5.328,3.809,5.011,0.63,5.651,5.945,5.444,0.5932,6.766,3.93,6.558,0.7757,9.34,7.115,5.359,0.5887,8.615,6.594,4.624,0.7393,7.507,7.371,3.84,0.7714,5.917,3.579,5.514,0.3803,5.116,6.304,5.156,0.6204,6.875,4.295,4.481,0.6377,8.421,4.764,3.138,0.8487,4.974,4.404,6.615,0.6118,10.331,4.617,4.769,0.775,7.913,5.064,7.034,0.4367,9.842,4.082,5.542,0.5431,9.74,6.127,3.017,0.6985,9.482,7.015,6.939,0.4975,7.279,2.774,5.937,0.439,7.104,5.769,6.124,0.7032,8.099,5.519,5.502,0.7475,5.008,5.621,5.388,0.8421,6.42,4.497,6.035,0.5913,9.863,6.179,6.943,0.886,5.587,2.496,5.682,0.7306,7.358,3.244,2.864,0.7011,9.187,3.011,5.779,0.6235
HS_61_Tuto_R1,Animal_61,Tutored_Subchronic_7d,168,0.6845,0.4893,0.1366,0.1588,0.1414,0.0739,9.452,6.869,5.533,0.7302,7.745,5.305,2.154,0.1406,10.421,8.29,2.496,0.7592,9.732,4.688,4.6,0.6837,7.176,6.045,4.224,0.4388,9.999,7.562,5.328,0.5495,8.283,7.644,5.236,0.7601,8.25,6.775,1.904,0.183,6.448,10.244,3.89,0.4417,6.392,3.483,6.549,0.5871,9.122,7.278,4.556,0.8616,6.542,4.846,3.887,0.7989,8.278,4.774,5.454,0.3286,10.944,7.933,3.14,0.4428,10.551,6.132,5.468,0.3335,9.995,4.722,2.035,0.4491,7.709,7.556,3.845,0.5031,8.069,9.284,2.719,0.2346,3.782,3.969,7.848,0.98,6.869,6.206,4.664,0.7498,7.176,6.317,4.537,0.2417,8.165,7.394,5.774,0.3971,8.194,4.206,5.131,0.863,8.122,3.311,4.526,0.8551,7.045,2.974,7.806,0.9533,8.632,6.773,6.412,0.5027,5.444,4.838,2.62,0.8034,7.209,4.412,6.708,0.4495,7.963,6.113,4.076,0.8346,5.464,3.398,6.844,0.561,6.879,3.351,4.539,0.7191,6.833,4.634,3.796,0.8744,8.078,7.489,6.311,0.7488,7.414,2.744,4.187,0.6404,8.399,6.972,3.284,0.6956,9.071,5.559,5.425,0.743,6.779,4.144,7.39,0.9373,9.186,4.818,2.813,0.7468,5.384,3.635,4.539,0.8755,4.882,6.211,4.688,0.8653,9.559,2.696,5.282,0.4356,8.252,3.566,6.953,0.5289,7.846,3.898,4.832,0.8733,7.329,4.933,5.362,0.5757,7.339,6.135,4.627,0.8141,8.067,5.768,3.781,0.4819,4.957,5.371,5.505,0.7786,10.659,6.758,5.563,0.2805,8.824,3.873,6.288,0.7543,8.98,8.159,5.15,0.4857,11.583,6.894,5.606,0.615,6.778,7.649,5.565,0.7926,7.497,3.889,3.393,0.7181,8.465,8.827,3.88,0.4275,8.637,4.121,6.013,0.9493,7.56,3.809,6.805,0.6729,8.58,5.766,6.028,0.4775,6.91,7.069,5.841,0.919,7.4,6.352,7.554,0.8484,7.64,4.213,4.149,0.7728,7.03,7.492,5.674,0.3623,4.88,2.618,5.469,0.7531,7.157,3.005,6.156,0.6982,6.588,6.607,5.102,0.9097,8.012,3.983,5.862,0.95,7.496,6.647,3.229,0.8528,6.519,5.006,3.623,0.8061,7.297,4.181,7.769,0.6589,10.186,5.921,6.217,0.5583,5.265,4.478,3.095,0.4309,7.5,3.208,6.372,0.8457,7.649,8.496,4.841,0.6474,6.891,3.985,5.854,0.5793,9.505,5.971,4.779,0.9124,7.764,5.547,4.72,0.4991,7.529,3.886,7.039,0.6364,6.57,4.67,4.071,0.4248,8.692,6.501,3.926,0.8764,9.289,7.759,2.741,0.2385,7.085,5.275,7.456,0.9114,8.112,4.881,3.857,0.398,9.368,5.283,6.009,0.6744,10.104,7.038,3.656,0.8503,8.099,7.752,3.721,0.5251,8.473,3.728,6.448,0.8192,10.156,6.909,5.432,0.5761,6.056,5.136,4.927,0.6705,8.957,5.199,4.017,0.4091,10.92,4.327,4.525,0.447,6.684,2.717,5.885,0.5922,7.412,5.957,5.055,0.3793,9.977,5.634,4.564,0.7658,5.639,4.378,5.045,0.546,8.7,2.855,4.185,0.8985,6.393,3.99,3.893,0.6801,6.35,3.013,4.486,0.5065,8.095,1.656,4.905,0.98,9.985,7.177,6.178,0.6981,12.016,7.515,3.136,0.5781,5.7,8.208,3.993,0.9091,6.068,5.067,4.731,0.6834,11.096,4.744,5.11,0.2645,8.812,3.847,5.524,0.8408,5.846,3.252,5.896,0.3828,9.082,6.94,3.171,0.5771,7.952,6.013,3.59,0.4055,10.505,6.134,3.629,0.7215,5.928,3.135,4.173,0.741,8.417,7.79,5.083,0.5902,7.508,3.489,5.213,0.6435,10.391,3.671,6.972,0.7377,6.304,5.33,5.617,0.8915,4.498,3.485,4.811,0.98,4.85,2.273,5.588,0.8737,3.769,3.775,8.114,0.8259,6.628,3.678,7.128,0.4812,5.938,4.462,6.016,0.4842,6.495,2.84,6.991,0.8601,7.843,4.528,5.774,0.4892,6.781,3.655,3.816,0.4787
HS_62_Tuto_R2,Animal_62,Tutored_Subchronic_7d,168,0.5279,0.4598,0.1427,0.1606,0.1666,0.0703,10.304,7.645,1.451,0.3882,8.506,6.637,5.285,0.4979,6.753,9.48,2.626,0.5377,11.711,8.044,2.302,0.4137,7.997,8.732,1.115,0.3462,9.083,9.059,2.684,0.2502,6.351,5.551,3.629,0.5821,8.083,8.317,3.0,0.0208,7.456,9.354,1.081,0.1526,7.553,4.265,7.006,0.906,10.196,4.29,5.998,0.5659,6.534,8.074,6.714,0.7768,10.412,4.398,4.975,0.3467,6.656,5.626,3.264,0.493,8.446,6.233,2.513,0.3562,6.573,7.052,5.783,0.2829,9.555,5.997,2.516,0.3043,10.614,7.624,0.706,0.3737,7.739,5.777,7.148,0.98,7.945,5.88,5.716,0.5583,6.085,4.723,5.494,0.6058,6.428,3.01,5.705,0.8179,6.442,2.753,6.604,0.5607,8.297,4.259,4.299,0.442,8.069,2.426,5.005,0.98,6.442,5.231,3.189,0.4262,9.105,8.909,3.31,0.2302,6.844,6.482,3.44,0.7392,7.295,6.658,2.059,0.6995,8.813,6.93,6.139,0.438,8.937,4.617,6.012,0.6111,7.331,4.214,3.533,0.4663,7.448,6.352,4.314,0.7119,9.287,3.787,3.744,0.73,8.573,10.006,4.527,0.5261,6.53,4.652,6.838,0.636,7.375,6.017,6.861,0.5021,7.774,10.019,2.876,0.3483,4.728,4.309,5.684,0.539,6.58,6.504,4.693,0.7497,8.546,5.508,5.419,0.95,4.6,2.596,2.358,0.8361,6.497,4.514,5.889,0.8004,8.109,6.669,6.875,0.4838,6.712,3.451,3.476,0.4715,8.712,9.63,3.489,0.3358,8.926,3.068,6.818,0.9201,8.549,5.261,4.702,0.4864,9.334,7.244,4.208,0.5405,6.44,9.077,3.992,0.223,7.185,4.616,6.459,0.2934,8.453,7.404,2.031,0.7432,8.832,5.243,5.341,0.6121,6.959,5.546,4.936,0.3134,7.52,4.889,6.315,0.6332,3.998,5.084,7.671,0.7954,9.219,5.751,4.166,0.4884,9.176,3.346,4.449,0.8943,5.841,6.629,6.577,0.7955,9.602,3.469,3.061,0.5614,7.785,4.895,3.049,0.4992,8.197,5.242,6.453,0.5445,6.474,6.447,5.121,0.6724,7.092,5.151,7.0,0.6641,4.366,2.687,4.104,0.9426,5.651,6.257,5.768,0.6088,7.294,4.518,1.967,0.603,4.592,4.953,6.093,0.9281,7.204,10.28,2.2,0.6197,8.529,4.202,3.694,0.511,7.36,2.672,4.442,0.8413,6.709,6.728,2.44,0.4417,8.895,6.348,4.222,0.6853,5.757,5.215,5.409,0.8039,7.963,5.124,6.174,0.6476,6.589,7.778,6.279,0.8072,9.264,7.059,4.683,0.7302,6.644,4.984,4.356,0.8186,9.495,4.517,4.832,0.4899,3.986,5.884,4.732,0.5745,10.156,7.943,1.966,0.4989,4.796,3.673,5.327,0.5473,5.569,5.597,4.813,0.5944,6.675,5.113,6.914,0.9155,5.811,5.759,5.904,0.499,11.286,7.779,3.38,0.5885,8.494,5.861,4.105,0.7973,7.985,4.794,7.069,0.6745,7.84,4.516,5.875,0.3423,9.666,5.93,6.489,0.8496,8.79,3.592,3.623,0.5513,10.669,5.65,5.044,0.5514,5.485,5.893,4.294,0.8336,8.102,2.2,3.615,0.8573,9.437,7.473,5.181,0.6184,8.878,6.61,5.982,0.9237,7.951,5.84,5.391,0.98,7.804,3.181,7.275,0.8736,7.943,6.839,4.633,0.3816,5.335,6.975,6.568,0.7709,10.43,7.498,6.233,0.6795,7.855,7.674,3.726,0.5777,6.429,4.866,7.032,0.6746,8.876,3.463,7.003,0.4439,10.185,3.667,7.282,0.7846,10.243,6.285,6.297,0.7974,8.039,6.005,5.423,0.6112,6.817,4.287,3.031,0.7832,8.495,6.615,6.943,0.4723,8.111,3.807,4.92,0.5009,8.068,3.578,6.607,0.916,8.414,4.371,6.311,0.6232,6.331,1.631,7.417,0.5117,6.696,2.052,4.677,0.6532,9.388,5.378,7.173,0.8341,7.29,2.925,4.622,0.4632,6.684,6.189,3.953,0.3983,8.654,4.557,4.585,0.8899,9.234,7.033,5.643,0.95,8.256,5.529,3.522,0.8241
HS_63_Tuto_R3,Animal_63,Tutored_Subchronic_7d,168,0.6749,0.4987,0.1171,0.1599,0.1624,0.0619,6.908,5.182,3.731,0.5916,9.73,6.048,4.723,0.2931,10.069,3.612,5.904,0.5811,7.985,5.622,5.45,0.7577,8.36,4.972,3.127,0.7016,6.101,4.932,4.165,0.6444,10.538,6.118,7.492,0.5775,8.322,8.962,2.163,0.3648,9.311,6.208,2.538,0.0697,5.54,6.66,5.803,0.5122,7.066,4.392,6.836,0.7403,6.793,5.601,4.53,0.6078,10.933,6.611,4.466,0.4937,9.829,7.001,4.129,0.5478,7.479,7.362,4.599,0.1927,8.759,5.006,3.119,0.5479,10.785,8.657,2.375,0.7066,7.91,8.584,3.236,0.2643,6.777,4.038,5.083,0.8961,6.325,3.379,6.26,0.95,8.296,4.483,2.758,0.5482,7.108,6.31,4.923,0.7911,7.054,3.218,8.617,0.98,7.312,6.438,4.546,0.3372,6.042,5.95,5.801,0.98,6.634,6.718,4.49,0.7964,6.472,5.43,3.318,0.6432,6.162,6.989,4.086,0.8105,8.106,7.159,3.284,0.4391,7.048,3.421,3.98,0.5869,7.689,4.298,4.73,0.9417,8.411,3.961,6.511,0.6696,6.031,3.36,5.492,0.549,8.101,2.87,6.429,0.4008,7.155,5.831,4.943,0.7299,6.716,6.127,5.222,0.5683,9.988,3.485,3.779,0.8081,8.139,4.199,2.657,0.6229,6.42,3.809,6.176,0.4491,5.842,4.223,4.65,0.6174,8.846,5.349,3.991,0.551,9.156,5.329,5.004,0.4458,5.563,4.11,7.389,0.7299,7.5,5.078,4.418,0.7927,5.951,5.939,5.782,0.3944,5.678,7.349,4.997,0.5346,8.378,6.693,5.844,0.8213,8.785,5.653,6.132,0.455,6.641,6.079,3.217,0.5823,9.2,6.605,5.42,0.4215,6.593,7.872,5.149,0.1594,9.316,6.894,4.306,0.3602,6.218,3.718,5.739,0.508,10.991,8.047,3.251,0.2861,5.838,5.854,5.828,0.7525,7.474,5.3,6.18,0.6325,7.035,4.699,7.207,0.7741,4.728,6.551,4.322,0.6002,7.042,5.753,8.142,0.7855,6.046,6.173,4.343,0.6662,8.985,5.01,3.543,0.792,7.074,4.036,5.098,0.7255,8.311,4.373,3.087,0.6195,5.852,4.223,5.097,0.7805,5.743,5.419,7.065,0.79,9.042,4.016,3.596,0.5064,5.049,3.327,4.963,0.8452,5.66,6.108,6.35,0.5347,8.304,6.363,6.173,0.7156,7.239,4.067,5.176,0.821,9.242,4.124,4.017,0.4732,5.881,6.967,5.082,0.4939,5.258,7.072,4.115,0.54,9.395,5.511,6.967,0.95,7.719,5.996,4.046,0.8395,4.703,3.093,6.84,0.4607,9.256,3.677,3.71,0.4498,10.165,3.685,5.787,0.781,9.207,5.123,3.488,0.3687,8.103,4.34,5.625,0.832,10.369,8.269,6.205,0.8082,8.894,6.897,4.035,0.4651,4.956,3.244,6.96,0.6084,7.071,4.564,4.227,0.6063,4.961,3.314,6.356,0.7161,10.464,5.463,4.993,0.4206,8.141,5.803,3.807,0.6158,7.747,6.843,6.32,0.7653,7.086,7.73,5.466,0.3565,5.456,3.379,5.035,0.4133,9.763,3.713,6.152,0.4505,9.484,7.108,6.715,0.4408,4.402,2.984,6.472,0.6652,6.972,3.458,3.704,0.4884,8.378,5.441,3.461,0.4919,9.848,4.433,5.226,0.7675,7.378,2.548,6.513,0.7237,8.492,4.285,7.517,0.6343,7.63,5.344,3.675,0.5431,6.837,4.69,5.665,0.7661,10.039,7.692,3.644,0.2228,9.557,8.674,3.506,0.5348,5.272,6.707,4.117,0.5077,8.214,6.558,5.076,0.7232,6.022,5.242,6.271,0.8767,6.914,6.523,6.036,0.4978,9.221,4.788,3.958,0.62,10.103,3.327,4.327,0.5735,7.612,4.04,5.498,0.8278,8.044,5.216,5.71,0.7829,6.21,7.153,3.415,0.7762,4.686,3.136,7.167,0.5669,4.584,3.194,5.527,0.98,4.933,2.324,5.126,0.7844,5.49,4.301,7.951,0.7169,8.053,5.207,7.032,0.9001,8.908,5.448,4.21,0.8857,6.323,6.816,5.146,0.933,6.195,2.952,5.853,0.81,5.101,4.476,3.452,0.4504
HS_64_Tuto_R4,Animal_64,Tutored_Subchronic_7d,168,0.5338,0.4585,0.1517,0.1605,0.171,0.0583,10.816,8.561,3.062,0.4311,8.673,7.384,5.803,0.3351,9.689,9.838,2.923,0.6717,6.627,9.187,2.857,0.3558,7.444,10.22,2.659,0.7932,10.446,6.145,0.456,0.4858,9.428,4.863,6.85,0.7517,10.326,9.31,3.313,0.2839,11.236,10.992,2.112,0.02,9.505,6.444,7.192,0.9769,5.525,7.159,3.019,0.5439,6.412,7.823,6.42,0.8629,8.448,7.598,2.463,0.6877,7.578,4.709,4.253,0.4516,8.007,5.653,2.682,0.2586,10.018,6.88,3.136,0.7527,9.115,6.831,3.955,0.4835,11.691,7.896,2.613,0.147,8.238,5.331,5.775,0.9765,9.736,4.182,3.661,0.6337,7.033,7.868,3.037,0.31,6.14,4.708,4.951,0.6098,5.474,1.97,6.811,0.6936,7.538,3.942,5.601,0.6094,6.706,1.729,5.254,0.7718,5.672,6.237,2.828,0.8979,10.66,6.165,5.119,0.5581,7.602,6.111,5.365,0.4669,6.804,6.47,1.406,0.3373,5.13,3.677,5.208,0.8821,7.754,4.948,5.028,0.464,5.512,5.452,5.473,0.8026,8.736,4.378,6.747,0.3939,7.771,2.758,4.779,0.3577,9.823,7.104,3.826,0.2579,6.044,3.698,7.48,0.6303,8.459,5.64,3.989,0.8335,8.039,9.828,1.969,0.3085,6.244,5.18,7.069,0.6526,7.421,2.793,6.949,0.5455,8.68,2.273,4.98,0.8528,9.111,7.198,5.668,0.8237,6.774,2.602,5.222,0.901,8.039,4.946,6.563,0.555,5.893,4.114,3.006,0.8016,11.996,8.969,4.461,0.6532,6.864,5.461,6.851,0.8323,7.459,4.606,4.704,0.3734,9.058,6.188,7.813,0.4308,6.596,6.252,2.582,0.5792,10.636,8.156,4.994,0.7117,7.501,6.721,1.215,0.3804,8.429,3.382,3.225,0.8664,6.55,5.254,3.067,0.2965,9.51,3.08,4.727,0.7073,8.322,5.871,6.438,0.8254,7.033,4.702,3.624,0.5544,5.935,5.006,5.339,0.5862,4.009,4.844,6.504,0.8962,8.459,6.716,3.401,0.6995,7.588,2.329,3.534,0.3841,6.182,5.195,4.12,0.8411,7.551,5.999,5.694,0.5188,8.622,6.505,5.048,0.6837,7.279,6.149,6.9,0.5578,8.488,4.719,5.529,0.72,7.928,5.704,3.956,0.5343,7.978,3.63,4.454,0.8752,10.401,7.421,3.014,0.6577,7.746,4.843,4.869,0.5971,5.751,6.222,7.218,0.7128,9.126,7.568,0.865,0.5837,10.342,5.309,4.196,0.4631,9.937,3.021,6.804,0.4387,6.707,3.728,6.866,0.8098,4.62,4.986,4.746,0.6395,9.44,6.735,6.408,0.501,9.182,6.293,4.909,0.8908,8.163,7.754,4.257,0.577,6.044,5.495,6.263,0.6946,10.241,7.072,4.742,0.7461,7.586,6.747,7.127,0.8244,6.18,5.249,5.529,0.9368,8.43,6.11,5.935,0.5903,8.472,4.539,4.999,0.6693,8.77,6.592,4.37,0.7211,7.638,6.357,6.184,0.8678,9.325,6.967,5.024,0.808,8.159,6.29,3.052,0.6927,7.547,3.66,6.831,0.5818,8.086,6.234,6.535,0.8877,5.021,4.903,6.587,0.5565,9.644,5.491,4.087,0.3959,8.321,4.784,5.224,0.627,8.41,4.537,7.522,0.95,6.639,6.883,3.692,0.4967,4.79,4.605,6.758,0.8585,5.051,6.554,5.667,0.6097,11.111,6.498,2.572,0.475,9.274,3.643,4.275,0.5752,8.642,4.224,4.67,0.4248,10.505,5.86,2.454,0.5238,5.934,6.683,4.485,0.5623,7.432,3.3,3.903,0.4676,5.373,6.571,5.484,0.4729,7.722,3.989,3.957,0.4171,9.963,5.211,5.265,0.4436,5.843,3.556,6.028,0.742,6.24,5.476,3.764,0.74,5.742,4.743,5.467,0.7187,9.466,6.022,6.749,0.5698,7.356,6.185,4.901,0.9659,7.5,5.468,7.111,0.7802,8.423,5.046,7.385,0.98,8.681,3.707,8.387,0.98,6.089,5.816,4.242,0.5534,7.475,4.548,3.498,0.6202,4.599,4.144,4.045,0.6538,6.589,7.32,4.845,0.4671,10.265,4.102,4.734,0.3747
HS_65_Tuto_R5,Animal_65,Tutored_Subchronic_7d,168,0.921,0.4875,0.1619,0.1451,0.1438,0.0617,6.263,6.589,3.787,0.6106,9.139,4.874,1.872,0.3003,6.218,7.279,7.226,0.9003,9.318,4.754,7.327,0.5244,9.114,5.566,4.109,0.8104,9.115,2.845,7.125,0.4714,7.713,3.345,5.845,0.6955,8.083,7.904,3.548,0.7647,6.248,8.205,5.824,0.6542,8.363,3.011,6.187,0.6251,5.433,3.646,3.072,0.7725,9.737,3.088,5.572,0.8844,9.318,8.641,1.564,0.4599,11.133,7.723,4.967,0.582,10.793,5.966,2.623,0.4237,7.678,7.164,2.456,0.4747,9.46,7.044,1.973,0.5333,10.749,6.215,4.115,0.7018,7.331,3.937,8.422,0.934,6.212,6.648,3.799,0.9129,11.213,5.612,2.872,0.3441,6.169,6.731,5.943,0.485,3.622,5.635,5.751,0.75,9.14,5.187,6.473,0.5354,8.038,4.326,6.188,0.98,5.548,3.408,5.691,0.4948,5.328,4.195,6.764,0.7136,7.765,4.351,5.574,0.668,8.605,7.091,5.888,0.7169,9.57,2.774,4.125,0.5434,9.041,3.409,5.445,0.4474,7.208,3.27,7.038,0.3917,9.996,7.59,5.043,0.5987,6.537,5.093,3.616,0.5748,4.984,4.73,4.638,0.649,9.347,4.519,5.318,0.618,8.855,5.203,3.893,0.4002,7.719,4.814,6.121,0.6555,4.716,4.104,5.91,0.5837,5.294,4.591,4.68,0.7264,6.085,4.516,6.931,0.7284,5.99,6.598,6.933,0.3688,5.46,4.144,5.802,0.8078,8.127,4.691,6.06,0.5491,4.526,5.539,3.443,0.4045,7.559,6.463,7.624,0.6561,8.156,6.536,7.574,0.558,8.739,6.023,3.424,0.4474,8.502,5.765,4.351,0.8236,5.236,6.546,6.236,0.5271,11.44,5.328,2.72,0.3679,5.547,4.97,6.184,0.6455,7.449,4.109,5.53,0.4694,11.747,9.042,4.457,0.6048,5.762,5.179,4.505,0.95,9.475,3.635,6.895,0.8205,8.55,5.775,4.378,0.6694,7.407,2.933,5.396,0.7847,4.014,6.018,7.089,0.8776,7.73,5.173,4.135,0.8392,5.506,3.856,5.145,0.7851,8.445,5.981,2.649,0.7372,9.725,4.53,2.087,0.9052,10.231,2.571,3.429,0.4329,10.339,3.733,6.252,0.3985,10.594,6.146,3.578,0.7674,7.627,4.497,2.601,0.5071,8.728,5.893,5.178,0.6919,6.835,4.342,5.963,0.441,6.321,4.601,4.91,0.6631,8.153,3.77,6.648,0.6303,7.975,4.841,5.259,0.683,6.033,7.03,6.335,0.4712,6.984,2.573,6.501,0.7302,8.539,4.5,3.278,0.5279,6.991,6.83,5.857,0.5121,6.651,4.287,4.023,0.4918,8.693,4.686,4.977,0.628,9.564,6.408,2.501,0.2678,3.55,2.352,8.448,0.9191,6.568,4.393,5.595,0.7433,7.391,7.618,2.141,0.6618,7.403,6.646,7.055,0.773,8.901,4.595,4.193,0.4554,5.669,5.865,6.075,0.5917,5.876,3.687,5.022,0.4469,7.603,6.257,7.199,0.8783,7.071,3.721,5.985,0.9003,10.36,7.105,5.132,0.1155,5.395,5.386,7.04,0.7286,7.204,5.764,4.486,0.8934,7.617,7.441,6.747,0.6302,5.782,3.894,5.375,0.6165,9.1,7.489,3.403,0.8916,5.99,2.512,6.343,0.7802,9.145,6.727,5.901,0.7769,7.578,4.246,6.686,0.98,8.524,6.157,6.299,0.7146,9.211,7.859,2.685,0.2231,5.757,6.709,6.229,0.5163,10.457,6.0,2.025,0.1568,8.965,9.321,3.726,0.5216,7.583,3.232,5.471,0.8378,8.367,3.256,6.561,0.7669,4.399,4.451,7.635,0.6439,6.229,6.595,3.733,0.6986,6.893,3.427,4.94,0.7128,6.32,7.197,6.383,0.6047,6.167,3.636,4.432,0.7542,8.495,2.921,3.84,0.5797,5.678,3.29,3.134,0.8611,3.683,5.56,9.419,0.98,2.871,1.652,8.071,0.98,5.133,5.111,7.935,0.903,6.628,4.821,5.792,0.8007,5.265,3.776,5.765,0.6239,7.653,4.423,3.651,0.5268,8.381,4.514,5.733,0.6292,7.299,5.41,4.191,0.8326,7.494,3.594,7.095,0.6458
HS_66_Tuto_R6,Animal_66,Tutored_Subchronic_7d,168,0.5815,0.4697,0.1301,0.1538,0.1687,0.0776,10.423,9.518,3.483,0.6542,8.183,5.105,3.794,0.532,6.901,8.701,4.917,0.8494,6.608,5.51,3.893,0.3521,10.905,7.283,4.188,0.6133,7.639,8.217,4.604,0.676,9.451,5.46,6.47,0.6914,8.111,6.767,3.391,0.1332,12.218,6.794,1.717,0.2902,5.595,7.377,5.789,0.9164,8.456,2.809,4.562,0.6978,7.815,5.341,4.715,0.9574,11.163,8.835,1.896,0.447,10.878,4.615,3.174,0.387,11.746,7.491,3.885,0.4843,11.041,3.663,3.887,0.4883,7.839,7.772,4.128,0.5822,8.52,8.516,0.389,0.2928,5.036,4.782,8.481,0.9538,9.732,4.17,3.671,0.6621,11.601,4.756,5.443,0.4492,9.404,5.566,4.59,0.8621,6.894,5.011,6.591,0.844,4.319,7.46,6.839,0.7163,8.427,4.346,8.444,0.8193,8.823,4.617,4.023,0.5775,7.311,7.387,2.944,0.4625,8.796,7.409,3.262,0.4205,8.495,9.194,3.084,0.7628,6.23,6.852,7.015,0.5414,7.354,6.45,4.376,0.8375,5.432,5.753,3.415,0.459,8.026,5.676,4.931,0.9087,8.571,5.996,3.977,0.5062,9.58,8.558,1.828,0.7408,6.129,2.775,7.061,0.5017,8.104,4.819,6.739,0.8514,8.762,7.358,4.374,0.7328,5.988,6.618,6.845,0.6158,7.753,3.414,7.449,0.7446,6.341,6.881,4.27,0.3302,6.021,3.243,5.908,0.7846,5.233,3.791,4.825,0.6702,5.651,4.046,4.456,0.6427,8.843,3.033,5.739,0.7353,11.0,9.543,4.116,0.4885,7.991,6.541,4.262,0.6558,8.761,4.407,4.181,0.3178,4.49,3.443,4.916,0.4353,10.429,9.087,1.841,0.6698,6.746,6.079,5.003,0.3073,10.517,8.117,3.003,0.352,9.146,5.457,4.742,0.4487,7.004,4.656,5.867,0.2523,8.765,2.799,6.728,0.8332,6.324,3.741,6.03,0.546,6.735,6.461,3.466,0.555,9.022,4.145,3.969,0.6896,6.494,6.091,7.694,0.98,6.99,4.355,3.454,0.4555,5.627,3.594,5.696,0.8107,8.811,3.098,4.386,0.8059,8.163,4.1,6.064,0.7017,7.805,3.07,6.546,0.7822,8.765,6.711,6.12,0.5806,9.357,3.888,3.899,0.3693,6.215,5.977,6.633,0.7352,9.363,3.812,3.606,0.8757,6.359,9.347,4.295,0.6301,5.354,6.645,4.544,0.9495,6.866,4.009,4.118,0.3461,7.933,8.373,5.77,0.5368,7.178,3.996,6.192,0.852,10.152,5.274,5.195,0.4877,5.584,3.458,6.621,0.7347,8.552,2.893,6.3,0.6094,9.154,5.626,4.61,0.5309,4.415,3.445,5.962,0.6105,8.236,5.355,4.491,0.4134,4.711,5.025,6.732,0.7169,7.987,8.462,5.427,0.4456,9.203,6.591,6.019,0.4751,7.045,4.543,5.846,0.5308,8.092,6.318,3.267,0.5753,7.559,5.684,4.738,0.6637,7.306,7.241,4.524,0.5382,8.268,3.896,3.241,0.8855,9.771,7.083,5.355,0.791,8.991,4.539,5.921,0.4648,9.472,4.841,5.371,0.397,9.562,5.268,4.099,0.9085,6.258,2.351,4.329,0.614,7.061,4.825,6.435,0.409,7.226,6.503,3.302,0.8572,5.395,6.597,3.697,0.6896,5.625,4.879,6.291,0.8392,6.987,4.357,6.01,0.5933,7.115,3.789,6.003,0.8227,10.063,6.858,5.997,0.625,7.841,6.102,2.288,0.6147,9.405,4.978,5.12,0.4823,9.829,7.937,3.88,0.3665,7.115,3.328,5.069,0.5102,5.504,4.173,4.559,0.5753,9.047,6.556,6.012,0.4771,9.509,5.935,4.19,0.6109,8.205,3.544,7.19,0.6377,5.677,6.481,5.971,0.6773,6.642,4.772,4.231,0.8469,5.364,4.74,4.965,0.8568,5.585,5.901,5.182,0.95,4.912,6.073,5.702,0.98,6.043,3.922,5.255,0.8237,6.069,3.903,5.735,0.9174,7.012,3.32,7.559,0.7878,9.11,7.039,6.526,0.8019,6.808,4.24,7.27,0.8129,6.209,4.487,6.29,0.8607,6.533,4.008,3.308,0.4572,6.281,3.745,3.255,0.7068
HS_67_Tuto_R7,Animal_67,Tutored_Subchronic_7d,168,0.7946,0.4688,0.1581,0.1532,0.1519,0.068,9.7,6.202,2.897,0.6987,7.538,7.808,2.672,0.5257,8.924,6.7,5.705,0.597,9.319,4.002,6.085,0.5036,9.489,6.83,3.301,0.7255,7.059,4.332,5.725,0.5145,8.305,5.845,8.005,0.9399,10.388,6.81,4.633,0.431,10.52,5.319,5.156,0.4405,9.662,6.127,4.913,0.98,7.293,6.237,5.595,0.4599,5.536,7.423,7.23,0.9192,11.243,8.631,4.887,0.7007,10.04,5.194,5.413,0.6696,7.891,6.545,3.419,0.1329,10.093,6.391,5.381,0.1222,10.184,8.18,3.091,0.3611,7.037,6.429,1.962,0.446,3.71,3.409,8.703,0.98,7.249,6.62,3.763,0.5799,8.912,6.422,5.466,0.5971,9.232,5.416,3.566,0.6376,3.774,5.452,6.613,0.98,10.379,4.999,3.444,0.8366,3.576,2.368,8.332,0.7003,6.134,2.727,6.565,0.5819,7.663,5.174,5.134,0.499,6.215,5.132,6.345,0.6598,8.811,6.247,6.407,0.9241,6.157,3.225,3.723,0.4695,6.427,4.279,4.413,0.6497,4.674,4.522,4.22,0.5041,7.81,3.392,4.478,0.6129,9.159,3.776,5.475,0.95,5.449,4.355,6.509,0.7746,7.23,6.299,7.166,0.8323,5.384,3.444,4.253,0.796,8.471,6.98,5.987,0.5036,8.558,7.27,4.369,0.4975,5.997,4.557,6.891,0.7347,5.807,3.625,4.773,0.5172,8.252,3.449,5.153,0.3984,7.482,1.656,6.803,0.6836,6.885,6.022,6.954,0.8489,8.181,4.688,4.099,0.5515,7.017,4.331,6.88,0.6343,5.728,5.622,5.068,0.6491,9.273,8.677,2.372,0.6495,8.213,4.77,6.23,0.7542,5.973,5.45,3.528,0.846,8.467,8.811,3.537,0.4402,5.659,2.703,5.791,0.9254,9.206,4.675,5.406,0.6899,7.82,7.41,2.382,0.6664,8.032,4.147,5.094,0.5755,9.033,3.012,6.019,0.5528,6.617,6.516,5.806,0.8081,5.971,6.901,5.883,0.4609,6.184,2.379,7.429,0.8409,6.221,3.4,6.239,0.8873,8.846,3.219,3.508,0.7716,5.955,6.538,5.94,0.4674,7.632,6.857,6.71,0.7652,7.567,7.348,3.487,0.398,5.125,5.712,6.479,0.4754,5.216,5.219,4.256,0.8418,6.925,7.386,4.924,0.6353,4.838,4.068,5.165,0.7649,8.349,8.506,5.35,0.4487,6.726,7.202,3.946,0.4397,5.338,4.964,6.239,0.8068,5.869,7.421,4.699,0.8728,5.701,3.888,6.735,0.598,5.551,4.15,6.555,0.619,5.328,5.026,4.753,0.5346,4.751,6.347,5.065,0.4595,7.071,4.102,7.769,0.5492,8.368,5.058,4.182,0.6349,8.053,7.346,3.958,0.4137,7.424,3.212,6.186,0.8389,6.293,7.301,5.441,0.6478,6.648,6.56,4.197,0.7451,8.941,3.698,4.955,0.691,6.748,7.297,6.376,0.5722,7.524,4.72,7.158,0.6383,5.184,6.996,6.276,0.7171,9.422,2.874,7.991,0.4653,8.54,4.204,4.339,0.7713,11.735,7.093,5.275,0.4035,8.47,6.35,3.628,0.7098,7.962,6.766,6.894,0.6315,10.024,5.693,7.037,0.8159,7.121,5.758,5.749,0.4034,9.595,4.179,6.823,0.6969,7.404,5.136,4.636,0.8337,9.202,7.126,3.806,0.5806,4.774,3.788,5.358,0.6647,8.868,5.282,4.188,0.6577,8.824,7.557,3.855,0.6085,5.95,7.131,7.482,0.7734,9.465,6.74,5.674,0.4847,10.061,5.856,2.163,0.1941,9.162,5.345,4.384,0.6687,8.923,3.961,4.872,0.8371,8.553,5.92,6.427,0.7888,8.128,6.717,4.203,0.95,9.513,5.737,3.117,0.492,8.481,3.639,4.448,0.8207,7.276,7.306,5.266,0.7605,5.42,3.676,6.776,0.544,7.375,2.893,5.306,0.8305,2.959,6.306,8.516,0.98,3.144,4.576,8.595,0.8165,7.632,4.486,6.851,0.98,5.47,4.974,6.166,0.7652,10.01,3.532,6.075,0.9468,6.417,4.422,5.197,0.7781,9.756,6.42,6.449,0.6878,5.757,7.002,6.537,0.3643,10.622,7.156,5.6,0.5399
HS_68_Tuto_R8,Animal_68,Tutored_Subchronic_7d,168,0.684,0.4921,0.1391,0.1564,0.1518,0.0605,6.15,6.941,2.896,0.3398,6.84,5.559,1.991,0.5773,9.178,6.421,3.745,0.8372,9.208,6.967,5.897,0.7495,5.971,8.612,6.275,0.8022,6.476,5.832,3.991,0.485,6.655,6.753,4.555,0.9761,8.088,7.306,3.355,0.3346,6.743,6.061,2.486,0.2667,7.828,6.842,5.23,0.6675,4.742,6.328,4.94,0.5992,4.738,5.58,6.445,0.8684,6.397,8.101,4.623,0.3965,10.314,5.22,2.389,0.2391,10.787,4.183,2.878,0.4331,9.346,7.406,3.627,0.4202,7.837,4.279,3.671,0.2346,8.36,6.156,4.193,0.3222,5.301,2.356,6.0,0.98,6.757,6.622,3.633,0.7359,10.899,3.837,5.54,0.3863,5.478,4.324,6.361,0.7964,7.317,1.929,6.842,0.98,5.399,5.088,6.873,0.4645,6.65,5.783,5.823,0.7935,6.029,4.115,4.49,0.6011,7.864,5.469,4.121,0.5486,7.672,5.177,5.725,0.7092,5.627,6.673,3.833,0.5172,7.399,5.503,5.045,0.5493,5.02,4.003,4.117,0.5616,8.793,5.941,3.72,0.6089,10.151,6.406,4.743,0.7228,6.265,2.907,6.493,0.9357,5.803,7.395,5.836,0.3482,5.868,3.87,5.228,0.5591,9.626,5.013,2.617,0.5291,6.01,6.191,3.779,0.7601,7.358,5.721,6.42,0.4455,9.506,3.942,7.263,0.6834,5.579,5.124,5.684,0.5026,6.698,4.755,4.637,0.8916,7.087,5.928,8.215,0.8602,5.823,5.995,3.055,0.6454,7.406,4.987,3.875,0.8271,5.715,6.565,5.621,0.718,9.569,2.794,7.296,0.6926,8.022,5.75,6.247,0.2455,5.734,3.048,6.606,0.4104,9.849,4.536,2.534,0.8303,9.988,6.008,5.208,0.2644,8.225,7.254,5.017,0.7111,5.121,6.609,4.452,0.7545,9.482,6.464,3.447,0.6753,6.239,7.177,5.281,0.7436,5.363,4.817,6.216,0.5872,9.531,5.852,5.011,0.7645,8.85,4.204,5.082,0.3497,8.216,5.883,5.549,0.9787,7.297,4.857,6.312,0.5573,7.969,5.113,5.823,0.5214,5.17,2.057,3.819,0.8228,8.399,2.869,6.973,0.7968,9.773,4.156,6.535,0.7627,7.473,6.63,5.073,0.5469,6.042,5.378,5.083,0.5853,7.782,7.024,4.291,0.4471,6.317,4.256,4.105,0.5921,6.66,4.492,3.609,0.6822,4.77,3.299,7.374,0.5648,8.846,3.738,4.568,0.9122,6.57,7.076,4.768,0.3733,8.688,6.659,5.146,0.6866,4.265,3.892,3.996,0.7614,9.119,3.505,3.778,0.3639,6.013,3.107,7.669,0.8041,4.71,3.924,3.751,0.5815,6.911,6.028,6.163,0.6878,10.594,6.186,3.208,0.4849,4.616,3.709,6.719,0.7379,5.769,8.585,2.292,0.7011,5.459,6.724,7.519,0.7033,7.28,3.573,5.827,0.7234,8.386,4.066,7.13,0.4836,6.18,3.851,3.658,0.683,8.764,6.694,3.933,0.6126,7.406,6.78,7.243,0.7056,9.188,4.631,4.879,0.9229,10.328,7.213,2.849,0.4657,5.89,5.314,7.111,0.7018,4.982,6.467,5.628,0.95,8.883,6.753,3.947,0.6444,5.419,7.328,4.599,0.6911,4.653,5.074,4.199,0.5604,6.695,3.451,5.865,0.7337,7.987,3.69,5.425,0.5451,7.666,4.542,6.358,0.7535,7.787,7.411,4.962,0.5696,7.829,4.226,5.023,0.2808,8.516,4.903,5.787,0.95,9.581,8.523,5.428,0.5447,8.724,7.033,5.455,0.6528,7.844,6.565,2.675,0.6786,7.837,5.077,3.285,0.95,10.656,4.19,4.645,0.7601,5.71,5.917,3.608,0.9385,7.375,4.24,6.14,0.5321,5.248,7.106,4.374,0.5188,8.207,2.497,5.535,0.8827,6.152,4.947,6.437,0.4268,6.299,3.502,6.549,0.7704,5.364,5.194,5.245,0.98,7.697,1.998,7.959,0.6875,6.705,6.158,5.182,0.98,7.327,3.494,6.236,0.9666,8.83,5.388,6.64,0.6234,9.327,6.154,4.658,0.8448,7.307,4.034,3.526,0.6065,9.67,5.552,5.964,0.5874,8.038,4.017,5.969,0.6399
HS_69_Tuto_R9,Animal_69,Tutored_Subchronic_7d,168,0.6404,0.4858,0.1304,0.1613,0.1508,0.0716,9.534,9.417,3.089,0.4544,8.418,7.57,3.926,0.7216,6.267,6.67,3.758,0.6181,7.113,6.788,4.576,0.7364,7.592,5.227,4.624,0.6439,6.3,7.648,4.709,0.4923,7.77,6.46,6.023,0.68,11.182,6.618,2.125,0.2066,8.396,10.064,3.906,0.0304,7.403,6.46,8.437,0.98,9.138,6.988,3.565,0.8407,9.556,4.397,7.211,0.8836,9.99,8.022,4.926,0.3429,10.253,5.22,3.092,0.6209,11.057,7.833,4.466,0.4379,7.764,4.579,5.674,0.6167,7.49,5.344,2.685,0.4675,8.566,9.952,3.765,0.2199,8.997,5.858,6.924,0.9395,8.734,4.477,5.748,0.5168,6.62,7.471,6.159,0.2347,6.862,5.556,5.811,0.8585,3.734,2.576,4.881,0.5502,4.603,5.597,6.62,0.8726,6.276,5.951,4.562,0.8398,11.425,4.989,6.559,0.5372,7.691,5.502,2.249,0.4744,7.031,5.248,4.717,0.5336,8.318,6.616,2.875,0.8331,4.788,5.889,4.642,0.7602,6.835,4.135,4.92,0.8232,8.474,5.121,7.629,0.7834,4.904,2.339,3.08,0.5306,9.232,6.395,5.724,0.7288,6.846,8.641,2.934,0.5155,8.14,6.428,4.438,0.7691,6.434,4.286,6.998,0.5263,6.311,8.579,5.398,0.5599,7.059,3.559,5.707,0.7384,7.697,3.981,6.052,0.8092,9.768,7.103,4.051,0.919,5.607,5.942,3.422,0.4923,6.044,2.554,5.459,0.98,6.797,4.86,5.716,0.621,9.104,2.725,3.892,0.6126,8.688,8.902,5.501,0.4828,4.724,5.876,2.867,0.6965,9.396,4.075,4.233,0.4368,4.211,6.344,5.613,0.6605,7.475,5.13,3.087,0.4418,5.895,5.011,5.604,0.5521,10.32,7.609,6.228,0.3372,8.264,7.857,4.496,0.83,6.402,4.469,3.195,0.5886,7.658,2.878,6.014,0.7384,8.424,4.176,5.58,0.4537,6.228,6.09,6.22,0.7527,8.876,4.99,5.351,0.7458,7.971,1.299,4.562,0.6588,6.047,3.311,5.828,0.4734,8.507,4.706,5.114,0.7233,9.234,5.213,5.139,0.7351,6.473,7.059,4.503,0.6617,9.503,8.161,6.627,0.7682,6.027,3.313,4.071,0.663,5.57,2.285,3.717,0.7338,8.623,3.797,6.019,0.5957,4.821,3.592,5.684,0.7004,9.589,8.062,2.412,0.7363,9.181,5.84,3.306,0.7334,8.459,7.913,3.728,0.95,8.251,8.283,5.442,0.3567,6.149,4.037,7.095,0.6293,4.892,3.959,6.525,0.6494,8.007,5.764,4.175,0.616,5.532,3.256,5.622,0.5706,9.247,6.025,3.61,0.6193,9.103,3.469,4.95,0.5991,9.29,6.814,3.151,0.491,5.304,4.718,8.133,0.822,10.505,6.063,2.592,0.6401,6.096,2.955,6.727,0.9114,6.56,7.425,4.945,0.8305,5.117,5.532,6.343,0.9158,8.466,5.705,5.356,0.4794,9.27,7.258,5.036,0.3675,8.256,4.519,5.528,0.9052,7.9,4.144,5.541,0.6613,11.312,7.105,3.998,0.4627,6.349,6.613,3.942,0.5661,9.063,7.245,3.327,0.5481,9.696,5.694,5.906,0.875,5.263,2.596,3.566,0.605,5.316,5.175,5.437,0.4694,9.872,6.984,4.718,0.5082,8.506,6.801,4.907,0.8477,7.669,3.91,6.041,0.6028,8.393,4.795,5.737,0.7536,9.028,5.143,4.372,0.2889,4.077,3.044,5.57,0.95,10.367,4.479,5.767,0.2955,8.748,6.63,4.305,0.3462,6.79,4.698,5.989,0.5733,10.368,3.338,4.484,0.508,4.998,6.134,5.934,0.778,5.666,3.696,5.636,0.95,8.823,4.344,3.054,0.8564,7.427,4.332,4.758,0.7298,7.373,6.356,5.541,0.7672,4.173,5.461,3.936,0.4185,7.986,3.854,3.261,0.5367,4.918,2.863,6.542,0.7761,5.767,5.917,7.538,0.8564,6.037,2.113,4.753,0.7585,8.572,3.159,6.044,0.6844,5.573,3.845,5.939,0.7153,9.166,5.985,5.503,0.822,4.824,5.328,6.229,0.6839,8.236,4.398,5.418,0.488,6.491,3.615,7.761,0.6333
HS_70_Tuto_R10,Animal_70,Tutored_Subchronic_7d,168,0.6178,0.4554,0.1712,0.1592,0.1539,0.0602,10.504,8.219,3.536,0.5212,6.024,2.979,4.064,0.4324,8.082,7.887,5.263,0.4627,7.653,4.917,4.817,0.4357,7.731,7.624,5.081,0.418,9.009,7.481,2.805,0.3296,7.213,5.156,4.884,0.6072,7.895,6.797,1.288,0.3155,8.382,8.49,2.751,0.3193,8.071,4.524,6.668,0.885,8.092,7.167,5.14,0.6133,5.461,7.907,7.907,0.7975,6.857,3.491,6.339,0.5021,7.979,5.913,4.333,0.5238,8.352,5.35,2.526,0.2995,7.866,5.099,4.956,0.4611,9.873,4.941,3.234,0.7183,10.73,8.058,2.778,0.2875,5.277,3.096,6.103,0.6956,7.595,6.96,5.992,0.707,10.155,6.602,5.21,0.7184,9.3,6.364,6.859,0.7881,5.194,3.547,4.092,0.7919,6.094,6.972,4.825,0.5398,6.562,2.12,4.757,0.98,6.962,4.863,4.359,0.6127,7.468,5.831,2.416,0.7964,7.909,4.516,4.04,0.7842,9.655,4.997,2.266,0.7499,8.322,6.208,3.671,0.4827,9.316,3.178,4.457,0.6483,6.162,2.748,5.33,0.7504,6.55,3.631,4.396,0.4068,7.454,5.7,6.492,0.5322,9.294,6.163,3.925,0.7842,6.795,2.641,3.545,0.3509,7.199,4.91,5.915,0.5293,7.469,6.555,2.733,0.575,9.154,4.988,4.22,0.6161,8.248,7.003,3.321,0.826,7.857,4.381,4.824,0.3645,6.311,3.996,5.972,0.6455,8.681,4.815,7.271,0.597,7.295,4.037,3.877,0.5107,5.688,3.822,4.121,0.8162,10.296,4.921,4.726,0.7878,7.439,6.383,6.598,0.7627,7.21,6.546,5.13,0.5112,10.328,5.595,6.556,0.7255,10.412,7.432,2.819,0.3838,6.973,5.148,5.025,0.5849,5.652,8.591,4.738,0.6469,5.17,5.256,6.235,0.5743,9.675,5.005,5.737,0.6896,4.996,4.866,6.248,0.8197,4.446,2.462,6.611,0.9273,5.851,4.486,3.401,0.7292,7.864,3.935,5.985,0.5331,7.557,3.794,8.074,0.98,8.335,7.616,3.233,0.8265,7.105,5.924,4.012,0.7521,8.921,3.665,4.1,0.4127,9.692,4.553,4.309,0.7287,6.402,3.459,5.381,0.6882,8.893,7.648,6.301,0.7866,5.896,3.758,4.626,0.7396,8.549,6.088,4.519,0.809,7.517,3.383,6.233,0.7652,9.208,8.15,3.835,0.4223,4.88,5.511,5.232,0.6226,5.798,6.771,6.352,0.6337,10.311,7.637,2.355,0.5208,7.003,4.671,7.043,0.6717,8.002,6.181,5.137,0.95,8.596,2.999,3.212,0.7812,9.119,5.13,5.93,0.8111,9.145,4.477,5.534,0.7729,8.237,5.076,6.526,0.7857,8.984,6.614,6.035,0.4018,6.735,5.845,4.74,0.5547,9.531,8.776,5.772,0.7669,6.51,7.559,2.988,0.7172,6.692,6.093,5.894,0.6098,10.496,7.729,5.274,0.553,4.965,7.399,3.316,0.6932,8.772,7.742,2.636,0.5947,5.526,6.735,3.036,0.6119,5.461,5.523,3.795,0.6445,8.228,6.055,2.202,0.3717,8.994,7.24,4.614,0.4131,8.875,3.739,3.051,0.7856,6.806,7.21,6.902,0.771,4.327,5.904,4.678,0.5549,5.369,9.052,7.467,0.444,6.31,3.762,3.5,0.6966,8.242,4.005,3.882,0.6114,5.828,4.907,7.413,0.6024,8.749,7.085,3.508,0.9039,6.698,7.472,5.436,0.3222,5.747,7.1,5.906,0.8882,10.289,5.212,5.282,0.5485,10.22,7.455,3.249,0.2633,5.32,3.1,5.388,0.8994,4.441,3.735,6.44,0.5791,5.499,5.744,4.361,0.8053,6.057,5.909,2.604,0.859,10.375,4.599,6.653,0.3662,5.005,5.198,4.315,0.95,8.255,3.05,5.006,0.6259,7.212,5.454,6.234,0.5856,9.166,3.662,5.546,0.8759,5.404,5.093,5.362,0.8985,4.782,4.698,4.894,0.98,3.891,3.724,8.233,0.7127,4.707,4.542,6.727,0.98,7.039,5.984,6.248,0.599,6.486,3.267,6.327,0.9175,7.515,5.929,4.722,0.5271,5.17,4.131,3.758,0.4774,8.983,4.497,4.155,0.5621
HS_71_Tuto_R1,Animal_71,Tutored_Mastery_30d,720,0.94,0.4695,0.1688,0.1581,0.1416,0.0621,4.25,6.611,5.646,0.7082,11.48,5.369,5.051,0.4943,8.959,6.071,5.511,0.8674,8.173,6.424,3.749,0.438,7.301,7.12,5.843,0.5469,8.843,2.588,4.508,0.4683,8.496,5.021,7.632,0.8138,9.684,7.736,6.734,0.4377,7.717,6.15,5.618,0.607,9.339,6.459,5.71,0.5922,7.87,6.983,6.924,0.7947,8.566,6.156,7.548,0.696,11.158,6.763,4.983,0.5453,8.298,7.854,3.874,0.5653,8.619,8.512,4.908,0.378,9.951,4.686,5.907,0.562,11.24,5.53,3.393,0.3813,5.659,7.77,4.265,0.7309,4.512,3.608,5.313,0.9709,8.511,5.882,3.659,0.6513,8.191,7.179,2.241,0.2791,6.23,6.217,4.054,0.9033,5.653,1.702,5.446,0.9419,6.497,3.066,4.888,0.8908,7.367,3.794,6.673,0.98,5.691,8.023,4.423,0.4741,7.79,4.258,6.793,0.8569,6.134,5.036,6.525,0.8238,10.905,6.416,4.566,0.7222,9.131,3.937,6.181,0.6288,8.156,5.024,3.857,0.7803,5.402,4.596,5.069,0.5884,7.874,3.799,4.833,0.4776,8.728,2.796,4.661,0.8385,9.386,3.4,6.407,0.5312,5.539,3.889,2.943,0.9379,9.21,4.233,4.384,0.8547,5.785,4.79,5.11,0.4938,9.501,6.039,3.799,0.7341,8.445,7.45,6.26,0.7925,8.191,4.425,6.821,0.6148,6.368,6.648,6.121,0.3623,3.536,0.84,7.51,0.7476,5.965,3.815,5.63,0.4976,6.081,4.771,5.062,0.8913,8.706,7.576,3.481,0.8556,5.798,4.255,3.471,0.7217,11.088,6.703,2.881,0.4932,8.799,6.578,7.213,0.5337,5.379,3.59,3.572,0.8325,9.881,4.873,4.592,0.2915,7.89,5.989,3.135,0.5436,4.765,6.738,5.369,0.7648,12.337,6.497,4.193,0.5076,6.914,6.404,4.534,0.95,7.763,4.73,3.501,0.931,7.691,4.663,3.856,0.4714,8.316,5.605,5.007,0.7909,6.964,4.312,6.362,0.8783,8.25,5.758,5.762,0.7641,5.563,5.397,3.156,0.6759,9.813,6.227,4.959,0.7961,5.401,4.221,1.871,0.7782,5.687,3.059,4.314,0.9332,11.043,5.325,6.25,0.6374,4.545,4.089,7.119,0.6496,4.374,4.105,6.959,0.6556,8.352,5.842,5.07,0.3911,6.276,4.424,4.898,0.3664,8.765,6.314,3.662,0.8577,7.439,5.251,4.757,0.6514,7.024,3.009,6.674,0.6263,7.018,4.827,4.454,0.8491,8.95,7.376,6.907,0.8234,6.668,3.038,6.393,0.5056,7.67,5.171,7.062,0.6392,7.87,3.884,3.261,0.683,5.627,3.623,7.802,0.4987,8.233,9.03,2.055,0.2835,7.653,3.254,8.023,0.8677,5.157,7.329,5.754,0.8049,7.492,4.346,4.608,0.7545,7.341,3.055,7.343,0.6803,7.08,4.993,7.162,0.6813,5.504,5.327,6.49,0.6324,7.353,4.107,5.744,0.5139,10.237,6.111,3.929,0.8005,8.297,6.484,4.088,0.6459,9.518,8.988,3.971,0.6324,7.229,7.794,6.07,0.8333,6.371,3.834,3.809,0.4453,6.987,6.9,5.666,0.6018,5.537,4.987,2.179,0.7834,6.022,3.763,7.879,0.5198,6.425,2.467,6.982,0.5663,9.005,6.724,5.622,0.8267,5.871,2.342,7.327,0.7527,6.732,4.822,5.104,0.6174,10.984,8.512,2.89,0.1526,7.825,5.213,4.988,0.6275,9.681,8.632,1.391,0.6052,9.151,8.491,1.831,0.2501,6.428,3.43,5.682,0.6892,6.737,6.993,6.152,0.6394,5.815,4.849,3.374,0.7212,9.558,6.858,5.708,0.5338,5.498,4.133,7.153,0.8201,6.953,4.621,5.481,0.7236,9.133,7.096,6.272,0.6424,5.489,4.064,5.931,0.5097,7.548,5.636,6.538,0.4117,4.615,4.76,5.745,0.8045,6.464,3.84,8.645,0.768,4.822,2.876,6.936,0.7895,3.488,4.609,5.274,0.8571,8.109,5.025,3.043,0.95,6.146,7.643,4.135,0.696,5.421,3.815,7.119,0.4983,6.761,6.929,3.799,0.6675,7.098,3.333,6.231,0.6137
HS_72_Tuto_R2,Animal_72,Tutored_Mastery_30d,720,0.8364,0.4941,0.1492,0.1646,0.1384,0.0538,6.121,5.019,5.291,0.4966,10.666,5.611,1.874,0.6274,8.865,4.831,5.922,0.4686,9.688,5.534,6.798,0.5538,7.814,5.724,6.243,0.8865,5.406,6.44,6.289,0.4671,9.945,4.997,4.61,0.7118,10.355,7.726,5.629,0.6939,7.863,7.385,3.662,0.6276,6.531,3.145,7.37,0.7101,5.15,3.392,4.666,0.7914,8.906,6.34,4.43,0.8883,7.812,7.633,5.893,0.2638,10.41,4.688,2.236,0.2575,10.793,6.437,5.363,0.1468,11.494,8.074,2.54,0.2585,8.118,5.957,4.144,0.3264,6.644,7.39,2.751,0.4494,6.076,2.916,7.548,0.98,8.094,4.837,5.386,0.8296,10.66,8.514,3.273,0.3865,7.624,6.978,6.891,0.583,4.706,2.087,6.785,0.98,6.653,7.247,7.391,0.5913,4.152,3.131,5.209,0.8067,7.95,3.091,7.34,0.5903,9.357,3.81,2.753,0.439,6.559,3.872,6.321,0.4803,6.735,5.193,4.106,0.7971,5.49,4.027,3.092,0.6548,9.427,4.712,7.371,0.6866,7.73,3.973,5.349,0.7468,6.377,2.062,4.62,0.6076,8.876,3.345,4.66,0.7102,8.632,5.323,4.074,0.4351,3.72,6.454,5.818,0.6327,6.561,2.948,2.855,0.5389,9.583,6.109,5.354,0.6406,6.162,4.03,7.094,0.7908,6.716,5.244,4.375,0.6657,7.843,6.497,5.266,0.6272,4.737,6.615,5.844,0.6134,7.48,3.242,5.296,0.7595,6.241,3.142,5.509,0.4271,9.133,4.201,7.299,0.9403,8.475,4.296,4.672,0.4983,5.937,4.937,6.001,0.6228,7.698,5.144,4.305,0.3976,8.025,3.121,7.017,0.6841,6.833,4.973,6.222,0.4481,8.24,6.028,2.544,0.4203,5.9,6.568,6.844,0.5458,4.883,5.685,3.581,0.6187,9.282,5.011,4.519,0.6056,8.815,4.112,5.64,0.5832,8.17,6.553,4.736,0.5393,9.619,5.181,5.492,0.5356,6.706,4.052,6.563,0.4261,4.459,5.382,6.703,0.9,6.136,5.956,4.638,0.3843,6.396,4.462,4.414,0.5715,5.475,4.355,5.953,0.6487,6.244,5.85,3.97,0.5494,8.057,3.484,5.524,0.7901,9.845,2.864,5.127,0.7844,9.736,7.454,6.647,0.8217,8.048,4.183,7.227,0.7066,7.828,5.079,5.648,0.7343,7.857,2.85,6.013,0.5429,8.052,6.625,5.692,0.4925,5.447,7.274,2.381,0.5835,10.149,5.676,6.564,0.4811,5.378,7.342,5.768,0.7681,7.352,4.82,3.509,0.6969,9.215,5.953,3.607,0.5939,9.106,4.738,6.51,0.8096,5.608,6.53,4.024,0.6189,5.553,6.483,5.872,0.475,8.681,6.312,3.717,0.5247,3.331,2.036,9.155,0.98,7.32,2.894,3.317,0.853,8.757,4.086,6.483,0.8559,7.773,6.27,5.967,0.8088,7.021,4.745,3.429,0.7965,7.713,2.851,7.026,0.6875,5.523,3.972,4.567,0.765,8.272,3.661,6.093,0.8879,6.074,7.22,2.333,0.7027,9.792,4.665,2.399,0.449,5.244,6.401,3.045,0.3471,9.801,6.782,6.607,0.8181,5.886,5.307,7.406,0.7515,8.882,5.539,5.153,0.6405,8.144,3.042,6.233,0.8362,8.797,7.197,3.928,0.6769,9.722,4.184,4.422,0.8479,7.164,6.237,8.35,0.9034,6.341,5.613,5.157,0.7063,8.888,5.963,2.922,0.6411,6.367,6.617,5.615,0.6557,11.737,6.055,3.615,0.3877,10.203,5.101,5.794,0.117,9.183,6.744,6.99,0.8565,10.283,7.145,3.429,0.4584,5.734,7.078,5.039,0.5639,6.698,3.696,4.526,0.8711,9.014,5.196,4.054,0.5837,5.547,4.853,6.508,0.6614,8.293,3.553,7.025,0.4621,6.0,4.443,6.517,0.7299,5.063,4.915,6.873,0.8016,7.257,4.594,7.866,0.98,5.537,3.935,7.77,0.7101,5.99,1.438,7.056,0.98,7.32,6.063,6.74,0.8964,6.909,6.3,6.436,0.6168,9.191,5.769,4.778,0.5746,7.335,6.153,6.096,0.7758,5.791,4.702,5.258,0.95,5.797,2.968,4.787,0.6767
HS_73_Tuto_R3,Animal_73,Tutored_Mastery_30d,720,0.8985,0.4693,0.1331,0.1645,0.165,0.0681,5.711,6.17,5.87,0.667,6.805,5.17,3.89,0.3351,7.621,6.459,5.078,0.4676,7.589,6.416,3.233,0.6451,4.938,7.349,6.948,0.4977,8.297,4.888,3.926,0.635,5.638,4.366,5.524,0.8352,7.606,4.243,3.745,0.4837,7.393,4.517,2.333,0.623,5.766,6.994,4.793,0.7047,4.297,4.067,5.13,0.5014,5.24,6.01,4.962,0.7312,9.807,8.597,1.845,0.0777,8.694,5.722,4.062,0.0987,7.715,4.107,3.746,0.2841,7.576,5.135,5.302,0.2541,11.726,6.783,2.332,0.3454,10.39,7.479,4.382,0.3963,6.997,3.055,5.959,0.8544,5.512,4.737,4.933,0.6787,8.227,7.419,1.264,0.4369,7.47,3.58,4.446,0.669,5.466,5.144,7.236,0.8717,5.646,4.241,6.071,0.8569,7.076,2.457,5.408,0.98,10.518,5.401,6.041,0.4848,6.266,3.412,4.507,0.8094,7.952,4.173,2.557,0.76,8.362,5.465,5.942,0.7019,9.177,5.045,7.316,0.8555,6.995,4.385,4.95,0.5242,5.365,3.862,5.624,0.5201,9.394,5.933,6.463,0.4812,6.287,3.764,4.601,0.6759,6.942,3.58,4.167,0.4714,9.029,4.158,3.135,0.5747,6.737,5.998,7.095,0.7002,6.81,4.851,7.471,0.4598,8.508,3.367,3.312,0.6376,7.778,6.974,7.696,0.7121,10.264,6.231,3.887,0.6284,9.138,7.146,5.943,0.8753,6.006,4.348,6.63,0.706,9.809,5.53,4.776,0.4705,9.621,7.441,3.601,0.6166,5.692,4.064,6.338,0.4408,9.046,2.939,6.659,0.4324,10.419,8.643,5.046,0.4019,6.001,5.123,4.172,0.95,5.581,5.809,4.46,0.409,9.633,7.095,2.061,0.3663,8.879,6.702,3.451,0.8798,6.535,7.67,3.931,0.7545,11.059,5.36,4.915,0.1436,7.825,5.127,3.258,0.5237,5.037,3.275,4.739,0.5836,8.648,5.696,4.551,0.8552,6.463,6.144,5.038,0.916,7.532,2.906,6.468,0.899,7.54,5.78,5.809,0.813,6.246,1.684,6.237,0.4416,6.825,3.398,3.894,0.4729,5.62,4.379,7.191,0.6953,9.094,7.015,6.638,0.5616,9.185,6.633,3.8,0.7064,7.235,6.423,6.076,0.6039,5.452,5.661,6.43,0.5829,8.274,4.864,2.924,0.6634,4.742,6.813,4.093,0.695,6.155,5.939,5.693,0.6871,7.988,2.995,6.924,0.6165,5.083,4.743,5.44,0.6017,8.54,2.948,6.762,0.4965,5.912,5.627,6.336,0.95,5.901,4.917,3.457,0.6343,7.924,5.427,3.459,0.3538,9.395,6.149,2.749,0.7732,8.089,5.123,6.674,0.6047,9.859,6.369,4.87,0.2682,3.4,3.583,5.503,0.98,6.567,5.082,4.288,0.7963,4.593,2.489,4.915,0.4588,8.677,5.147,4.267,0.5432,7.293,3.631,5.204,0.5175,9.074,4.55,7.21,0.4805,5.405,5.93,6.735,0.5745,6.715,5.432,5.644,0.95,8.381,5.171,4.824,0.5736,7.352,4.263,4.992,0.126,8.977,4.783,2.891,0.5948,7.738,6.892,5.264,0.7893,5.824,5.333,4.153,0.6618,5.188,3.281,6.733,0.6754,6.313,4.74,4.376,0.891,8.693,4.84,4.595,0.5141,5.789,2.687,6.132,0.771,2.828,4.885,5.526,0.98,8.756,4.769,2.848,0.5116,8.402,7.152,5.414,0.561,7.021,6.789,4.017,0.7547,10.123,9.219,5.016,0.5119,7.536,8.188,2.748,0.6142,5.354,3.526,6.338,0.6923,6.758,3.661,6.862,0.7307,6.308,5.936,4.444,0.5161,5.84,2.142,4.222,0.5854,9.043,6.088,4.697,0.448,9.095,5.7,4.035,0.459,8.942,4.768,2.853,0.8256,9.598,7.085,2.325,0.9058,9.455,2.41,5.284,0.3358,8.744,1.858,5.42,0.7561,5.681,0.983,7.145,0.98,5.139,4.659,5.299,0.8328,4.223,2.247,5.365,0.98,7.804,6.244,3.784,0.687,8.789,6.073,6.037,0.7925,7.98,3.814,6.514,0.7183,7.355,6.565,5.003,0.7881,8.79,3.11,4.183,0.3599
HS_74_Tuto_R4,Animal_74,Tutored_Mastery_30d,720,1.0,0.4768,0.1343,0.1625,0.151,0.0755,9.098,7.151,4.303,0.4305,6.728,4.831,4.73,0.1871,7.34,4.019,3.591,0.6413,9.093,3.685,5.558,0.5896,10.118,3.489,3.705,0.5306,4.526,6.057,3.47,0.597,5.126,4.184,5.206,0.7682,7.53,7.455,5.129,0.8294,6.671,4.847,6.71,0.9187,7.709,5.906,8.557,0.7959,9.819,5.524,5.92,0.7236,9.615,3.592,7.66,0.7716,7.7,8.436,1.724,0.4262,12.25,7.245,1.843,0.2782,9.751,9.344,4.052,0.5318,11.282,6.385,2.682,0.0896,11.878,8.996,1.503,0.1308,4.667,4.283,6.341,0.6231,3.24,1.691,5.866,0.8386,5.037,2.746,4.404,0.8305,7.178,8.169,3.75,0.2484,8.414,6.887,3.314,0.5301,4.734,2.134,7.476,0.7743,8.918,5.551,5.683,0.6854,3.912,4.127,6.574,0.9644,6.67,3.28,5.55,0.3822,7.146,7.442,6.655,0.5505,5.988,5.474,7.16,0.7755,4.909,7.067,3.343,0.6411,6.796,5.047,3.782,0.7689,7.933,3.431,6.453,0.8084,6.536,3.671,6.331,0.8759,8.828,5.042,3.937,0.6649,5.535,3.443,4.543,0.5212,6.36,3.719,3.59,0.6074,10.024,4.867,7.124,0.6193,5.62,4.155,4.867,0.7533,5.613,6.875,3.484,0.5873,8.337,3.776,4.727,0.7495,7.24,7.197,3.348,0.4352,5.159,4.295,5.517,0.8202,9.068,4.209,2.911,0.6464,6.243,3.794,5.726,0.8513,4.238,5.916,7.161,0.8383,8.244,6.187,3.64,0.686,8.922,6.516,5.733,0.8351,7.179,4.298,5.205,0.6091,9.013,5.522,3.429,0.6347,7.353,7.119,4.309,0.8899,5.939,7.077,4.098,0.6126,7.643,6.658,2.395,0.38,5.74,7.243,3.789,0.8833,8.153,6.66,6.876,0.4831,10.032,6.635,2.729,0.4344,6.034,5.438,5.622,0.5555,7.348,6.365,3.368,0.9275,9.189,2.83,4.749,0.6103,6.768,4.851,3.834,0.95,4.811,5.419,6.698,0.6725,8.528,7.138,5.848,0.7959,3.767,5.179,5.052,0.95,6.129,6.961,5.407,0.78,5.968,6.447,6.057,0.4711,8.887,4.991,5.052,0.804,6.167,6.757,6.719,0.7588,4.877,4.968,4.258,0.6582,7.09,5.663,3.743,0.7074,6.927,5.205,4.027,0.7176,9.275,5.264,4.305,0.8527,4.7,4.704,3.664,0.8856,10.142,4.283,6.007,0.8627,5.955,6.49,5.781,0.8926,6.336,4.267,4.801,0.4582,4.017,3.544,3.858,0.4643,7.985,5.446,6.07,0.6899,8.372,6.434,2.976,0.6491,8.151,7.826,4.883,0.6091,6.208,5.846,5.443,0.5187,10.552,8.114,4.608,0.2967,2.903,2.399,6.145,0.7027,6.292,2.587,6.184,0.7463,8.175,3.033,3.871,0.6779,7.533,3.535,6.066,0.5504,6.457,7.236,5.341,0.5546,6.942,7.545,6.075,0.9295,7.475,4.262,3.58,0.7663,8.547,6.818,6.721,0.7852,8.587,6.466,6.211,0.7046,8.605,4.958,3.175,0.3896,6.954,4.299,5.876,0.8421,9.341,3.963,5.293,0.7924,8.763,5.765,6.418,0.9215,7.87,5.461,7.361,0.4988,6.019,4.689,4.588,0.7218,9.466,7.201,6.332,0.9163,8.542,6.989,5.159,0.6756,7.313,4.976,7.162,0.7212,7.169,5.897,4.715,0.4163,11.949,7.034,3.529,0.4087,9.545,4.543,4.953,0.8002,8.218,7.532,3.886,0.5068,12.093,4.992,5.154,0.3712,5.861,6.049,6.038,0.7372,8.386,5.442,3.577,0.5545,4.994,4.098,5.472,0.715,8.985,5.605,5.949,0.4261,6.645,2.506,6.912,0.7793,5.718,3.988,7.807,0.8409,6.582,7.004,5.882,0.3695,9.299,5.929,3.607,0.8501,6.111,5.536,4.84,0.8274,8.04,4.758,8.785,0.8833,6.62,1.122,6.144,0.8847,3.821,4.392,7.354,0.7615,6.304,3.598,5.587,0.98,7.051,3.909,3.718,0.4946,10.132,3.346,5.53,0.7729,8.634,4.775,6.481,0.4496,6.35,3.117,3.706,0.9025,8.702,4.744,6.349,0.7771
HS_75_Tuto_R5,Animal_75,Tutored_Mastery_30d,720,0.867,0.4712,0.1467,0.1621,0.1534,0.0666,10.248,6.454,6.785,0.3589,6.872,6.578,5.374,0.156,7.949,6.438,5.465,0.4077,6.652,3.272,6.508,0.5109,7.144,5.438,4.093,0.6294,7.862,4.977,4.623,0.6991,7.62,6.963,4.75,0.792,5.61,8.399,5.637,0.3479,5.725,6.602,5.116,0.4858,9.814,5.628,5.512,0.872,5.121,3.787,5.844,0.813,4.695,6.598,8.009,0.6833,9.504,7.788,2.648,0.2657,7.133,6.559,1.616,0.4057,8.849,8.195,3.995,0.3995,11.526,5.801,2.846,0.4265,10.486,6.683,4.268,0.4767,8.015,6.219,4.015,0.3005,4.445,1.605,8.02,0.9219,8.743,6.223,6.783,0.8082,9.015,7.463,3.079,0.2747,8.457,5.333,4.137,0.5613,7.831,4.634,5.552,0.98,8.902,6.006,2.933,0.4837,6.693,2.709,5.69,0.98,6.099,4.213,4.216,0.8678,5.625,5.462,3.487,0.7666,5.243,3.353,6.059,0.5052,6.434,4.074,4.843,0.612,5.476,5.169,5.092,0.4855,9.213,6.603,4.477,0.7285,9.6,6.068,4.782,0.95,4.778,6.538,7.025,0.5317,8.087,4.94,4.022,0.5072,4.729,4.295,5.114,0.3831,7.409,6.514,2.397,0.4726,7.969,3.362,3.026,0.8466,5.217,3.701,7.228,0.6437,6.471,4.121,4.231,0.7025,6.307,2.592,7.196,0.7996,5.518,6.282,6.367,0.4639,5.517,3.827,6.876,0.4277,7.495,5.113,8.94,0.9681,9.034,3.058,7.12,0.8264,6.81,5.438,4.296,0.8924,9.831,2.523,6.283,0.4235,5.91,6.149,6.491,0.8422,9.688,6.559,3.936,0.3816,5.801,4.519,6.941,0.8662,7.88,2.83,6.659,0.5087,10.827,4.608,1.896,0.6531,6.841,3.976,6.608,0.7718,9.073,5.025,5.595,0.6405,9.764,9.072,4.736,0.3549,5.906,5.701,5.312,0.7404,8.038,4.29,5.748,0.8365,4.105,4.098,6.109,0.3073,8.902,6.514,7.029,0.5732,7.901,6.126,7.365,0.9711,9.708,2.55,6.524,0.4479,8.651,6.066,5.028,0.6941,7.012,3.448,5.718,0.7357,4.874,4.886,5.464,0.7715,8.277,4.043,6.65,0.926,6.118,2.71,3.835,0.4975,7.415,4.362,5.267,0.5829,4.862,4.857,4.648,0.6308,6.407,4.054,2.638,0.6481,4.697,7.28,5.496,0.7343,8.363,6.76,6.119,0.6759,5.66,3.758,3.222,0.5364,8.914,6.783,6.108,0.7725,7.029,6.01,6.356,0.7932,6.999,5.918,6.953,0.9134,7.014,6.531,3.979,0.5551,5.718,6.931,6.152,0.8426,9.369,3.083,4.289,0.7823,9.206,5.03,3.454,0.6852,8.81,8.799,3.586,0.6214,5.298,4.0,8.354,0.98,6.904,5.941,3.301,0.4166,6.016,4.277,6.865,0.6826,8.328,6.825,3.322,0.5795,8.751,3.125,3.417,0.535,5.918,5.16,6.889,0.6442,8.825,5.627,6.408,0.6202,8.36,4.384,5.916,0.4409,9.216,3.31,4.42,0.4118,9.405,5.659,3.575,0.1721,5.15,5.992,4.344,0.5485,6.55,4.1,6.045,0.6916,9.863,4.758,4.215,0.8614,6.171,3.586,2.829,0.7184,7.188,5.154,3.708,0.901,5.471,6.644,4.007,0.5659,5.359,2.045,4.945,0.5395,3.927,1.822,7.598,0.8657,8.752,7.389,2.746,0.6366,10.697,6.52,4.846,0.1033,5.576,5.486,4.594,0.7398,11.037,5.304,4.895,0.2042,11.868,8.557,3.214,0.3917,5.634,5.557,5.368,0.4521,6.45,4.905,5.971,0.7917,6.664,3.013,6.872,0.4329,8.951,5.76,6.168,0.4448,7.579,6.427,4.788,0.7577,8.614,6.503,4.062,0.6609,5.654,6.727,5.294,0.6686,8.268,3.088,5.603,0.6807,9.74,4.133,4.533,0.8883,4.841,4.667,7.608,0.9462,7.82,5.8,7.178,0.8231,4.463,2.213,7.052,0.98,3.888,5.104,5.613,0.98,6.454,3.466,5.805,0.5271,9.875,6.332,4.602,0.7141,9.189,4.584,5.076,0.8218,3.7,2.841,4.299,0.4422,6.394,4.925,5.032,0.8848
HS_76_Tuto_R6,Animal_76,Tutored_Mastery_30d,720,1.0,0.4956,0.1322,0.1416,0.1662,0.0643,5.221,3.476,4.125,0.8523,7.251,8.052,2.017,0.5441,5.298,5.091,5.032,0.8755,5.169,4.025,6.919,0.6492,9.808,5.759,6.996,0.6903,4.283,7.005,3.327,0.4296,6.92,3.065,5.178,0.98,8.136,5.703,5.301,0.7339,5.856,6.717,5.174,0.7273,7.959,3.642,5.093,0.98,4.568,6.232,3.566,0.95,6.906,7.631,5.341,0.7276,9.746,6.748,3.072,0.1425,10.453,6.607,4.023,0.1502,7.483,5.641,2.923,0.3216,8.077,6.002,4.508,0.3262,11.714,6.303,4.983,0.5663,6.802,4.223,3.225,0.4455,6.591,2.519,7.465,0.8312,8.012,2.95,6.917,0.667,10.896,5.097,3.294,0.5564,4.403,5.04,3.998,0.7634,5.33,4.427,6.369,0.9547,7.391,5.745,5.973,0.95,2.721,2.926,7.874,0.8746,6.899,5.333,3.49,0.7643,9.005,5.727,5.908,0.6272,8.634,3.512,4.153,0.4898,8.551,3.369,6.281,0.8817,5.064,5.41,3.553,0.6612,7.717,3.56,3.053,0.5349,5.993,6.929,6.873,0.3921,5.279,6.489,6.094,0.6382,8.598,6.211,6.433,0.4419,3.39,3.38,4.339,0.733,5.115,3.316,5.832,0.5352,5.894,4.32,4.56,0.6245,7.898,6.574,5.825,0.8276,7.453,5.171,4.759,0.9167,6.418,6.984,5.687,0.76,7.176,6.788,4.626,0.5723,7.087,4.935,5.874,0.3716,2.82,2.255,6.01,0.98,6.25,3.825,2.947,0.95,7.062,5.208,5.54,0.6052,9.449,6.438,4.466,0.5959,6.491,3.88,4.178,0.5768,7.803,8.748,3.039,0.4904,8.403,3.947,6.068,0.4534,8.349,5.327,3.431,0.5177,9.571,6.743,4.621,0.2878,7.185,4.778,4.425,0.5518,7.833,3.949,7.537,0.8227,8.629,5.727,5.011,0.3821,8.853,5.992,4.905,0.7839,5.152,5.773,5.286,0.6558,8.897,3.543,4.709,0.72,9.295,3.665,2.71,0.95,5.461,5.51,5.822,0.7751,9.263,6.648,6.499,0.8843,7.943,4.027,5.368,0.6078,8.337,2.652,4.713,0.6685,9.376,3.477,3.413,0.95,7.343,8.105,4.133,0.4395,5.738,6.347,2.784,0.7445,8.077,5.075,5.597,0.5675,8.931,4.028,6.294,0.3799,8.093,4.886,3.508,0.9122,4.612,5.527,5.655,0.5679,8.124,6.012,6.237,0.4574,5.545,5.321,3.091,0.8945,9.023,3.924,4.897,0.7293,9.286,6.657,4.767,0.8171,7.628,3.551,4.29,0.7576,9.6,3.767,5.711,0.4389,9.209,6.522,7.143,0.619,9.026,6.959,6.354,0.9243,8.261,3.766,4.8,0.4341,12.655,9.369,2.844,0.2207,4.925,1.685,5.486,0.9091,7.136,3.773,3.377,0.7104,8.47,3.277,6.054,0.525,5.706,3.495,5.716,0.8724,7.899,5.64,5.335,0.7815,6.862,6.042,8.101,0.4981,8.07,4.052,4.681,0.453,6.783,6.995,7.225,0.4559,6.858,4.781,6.993,0.4463,11.501,5.785,1.48,0.1166,9.157,3.076,5.565,0.7325,5.667,4.047,6.149,0.7501,6.328,3.917,5.506,0.4872,5.109,4.974,4.938,0.744,6.696,6.299,4.432,0.7208,10.473,5.375,3.611,0.95,5.686,3.461,3.513,0.6369,4.029,4.019,7.873,0.7029,8.505,3.899,4.246,0.5678,13.213,7.55,6.291,0.5344,4.965,4.42,4.386,0.9087,8.262,7.586,3.53,0.2948,9.391,9.987,3.29,0.4735,5.564,7.503,7.437,0.652,8.619,6.011,7.911,0.6151,6.511,3.581,7.916,0.5742,7.774,7.16,5.512,0.8081,9.908,5.472,4.334,0.8196,6.754,5.789,7.185,0.5962,5.08,5.47,7.195,0.847,7.797,3.134,4.937,0.8059,6.349,4.451,4.367,0.3869,3.02,3.002,8.327,0.8956,4.533,1.928,6.047,0.98,7.512,4.342,8.4,0.8662,6.618,3.513,7.349,0.9699,7.044,5.146,3.271,0.5956,10.089,7.423,4.123,0.8326,6.965,4.52,3.442,0.5052,5.354,5.431,5.241,0.8139,8.429,6.751,6.052,0.5137
HS_77_Tuto_R7,Animal_77,Tutored_Mastery_30d,720,0.9718,0.4804,0.1461,0.1595,0.1551,0.0589,7.533,5.919,3.507,0.7511,8.816,4.821,4.46,0.1043,6.987,6.635,6.616,0.8958,7.427,6.037,5.508,0.8516,7.649,3.106,4.313,0.7156,7.394,7.544,6.807,0.5079,9.814,4.267,5.235,0.7298,7.493,3.348,6.633,0.6049,7.95,3.78,5.361,0.3831,8.18,5.072,5.904,0.6284,9.017,7.575,5.717,0.4751,4.861,5.976,8.904,0.7554,11.946,5.841,2.259,0.4318,11.006,5.422,5.586,0.338,11.54,9.201,4.55,0.4987,7.185,9.511,5.169,0.3935,11.585,9.666,5.372,0.236,9.954,4.935,2.402,0.9096,3.319,2.291,6.97,0.98,5.965,2.782,6.325,0.5977,8.002,5.446,4.967,0.3822,5.568,5.597,5.861,0.7959,5.867,2.795,8.963,0.8758,6.249,4.688,6.768,0.6747,6.124,2.73,8.307,0.98,5.591,6.192,4.104,0.503,6.194,7.151,4.988,0.5668,6.999,4.378,4.788,0.8958,5.514,7.06,6.495,0.8973,6.76,6.142,3.128,0.7983,8.912,4.523,5.811,0.5989,6.847,6.386,4.311,0.8269,10.015,5.372,3.741,0.5593,8.826,6.5,5.757,0.5677,4.475,3.287,3.017,0.6325,8.056,5.131,4.504,0.767,6.734,3.496,7.072,0.5895,4.805,3.964,5.007,0.4502,7.646,4.193,5.816,0.5068,7.561,4.938,4.462,0.6274,5.981,4.53,5.977,0.4563,8.44,3.154,6.039,0.8671,2.895,4.445,7.281,0.8529,8.717,4.995,5.246,0.6617,8.493,5.762,3.77,0.8928,7.195,4.31,7.042,0.6161,8.803,4.985,4.074,0.8818,7.692,7.405,3.397,0.558,9.475,6.987,5.823,0.6736,5.939,3.362,3.339,0.7898,11.893,6.2,3.459,0.5066,4.806,6.79,4.864,0.6476,8.406,6.479,5.113,0.7136,10.918,5.362,2.451,0.0955,4.436,3.481,3.827,0.7758,4.576,4.698,3.621,0.7694,8.338,5.778,7.452,0.8709,8.028,5.012,6.91,0.6661,5.723,0.796,5.615,0.6641,5.096,4.018,4.505,0.5508,8.808,5.151,5.712,0.6564,7.204,6.308,7.151,0.6003,5.95,4.03,5.891,0.5622,8.553,6.104,5.041,0.6687,6.403,6.623,3.94,0.7806,9.696,4.554,2.978,0.5788,7.895,5.669,6.29,0.9297,5.671,4.431,6.671,0.7894,7.836,3.282,3.738,0.718,7.139,7.28,5.253,0.4358,6.876,6.826,7.027,0.849,5.805,4.181,3.36,0.6385,6.536,4.139,5.49,0.7926,6.922,3.634,6.857,0.8387,9.277,5.722,5.467,0.8935,7.434,5.129,4.543,0.499,7.077,6.914,7.277,0.9369,6.181,6.135,3.638,0.3074,7.531,5.86,4.977,0.2445,8.467,1.356,7.804,0.98,7.006,4.948,3.544,0.7249,7.321,5.71,3.521,0.36,8.223,6.554,4.81,0.5622,6.568,6.154,5.426,0.5618,7.4,6.819,3.364,0.6757,5.221,5.561,6.64,0.7998,6.86,3.612,6.045,0.9058,7.419,3.667,3.593,0.8875,10.599,7.1,5.673,0.2593,9.607,6.193,6.168,0.4154,9.007,6.24,5.163,0.5056,7.87,6.301,5.038,0.7339,8.043,5.539,3.88,0.4801,7.343,3.602,3.898,0.5822,9.365,6.553,3.862,0.8822,6.871,4.247,7.371,0.6977,6.834,1.993,7.599,0.98,5.069,3.177,5.591,0.5539,11.667,6.111,4.277,0.3014,7.756,3.581,7.416,0.4981,12.005,5.47,1.327,0.1025,11.696,8.671,5.123,0.0881,8.691,3.186,3.185,0.6828,5.384,3.48,3.132,0.813,7.394,4.688,6.576,0.632,10.201,4.715,6.706,0.5127,8.288,4.49,4.962,0.4728,8.019,5.639,6.371,0.6479,9.169,3.982,5.779,0.4814,10.445,5.091,7.778,0.7218,6.914,6.331,4.231,0.6882,5.583,3.51,8.687,0.98,4.438,3.011,8.322,0.8977,3.206,4.85,6.859,0.9585,2.673,4.632,5.805,0.98,5.797,6.001,5.187,0.4372,8.29,6.435,3.459,0.4497,7.908,6.917,5.314,0.6279,6.769,3.676,5.619,0.5722,5.11,4.766,5.439,0.519
HS_78_Tuto_R8,Animal_78,Tutored_Mastery_30d,720,0.9118,0.477,0.1404,0.1566,0.1574,0.0686,6.746,4.033,4.504,0.7176,10.474,8.268,4.828,0.3143,7.24,5.944,5.724,0.5787,7.841,4.679,3.905,0.4349,6.158,7.22,6.86,0.7518,10.413,3.455,4.99,0.5972,8.631,3.105,8.288,0.8753,6.194,3.975,2.864,0.4244,5.606,6.106,5.797,0.8486,6.871,6.226,5.666,0.7066,6.723,6.99,7.084,0.8705,8.876,5.511,7.948,0.6545,9.308,7.237,1.531,0.4068,8.847,6.377,2.53,0.3838,11.094,4.472,5.344,0.4109,12.213,9.196,5.195,0.1719,10.753,7.908,4.654,0.2937,8.005,5.012,4.514,0.3617,6.33,2.328,5.895,0.9494,7.95,7.801,7.346,0.772,11.55,4.925,4.494,0.279,7.429,4.897,5.809,0.4754,2.655,4.136,7.793,0.98,7.726,6.626,3.438,0.5332,5.447,4.702,7.113,0.7869,5.525,4.446,3.949,0.6082,9.701,4.757,3.679,0.7896,7.759,3.308,3.747,0.7301,8.528,5.586,6.69,0.5269,6.335,7.377,3.984,0.6211,7.633,3.862,7.159,0.6596,9.686,6.983,3.631,0.5236,8.483,2.562,3.139,0.6525,5.618,6.711,5.806,0.8669,7.122,7.167,5.516,0.4189,10.128,5.303,5.348,0.7258,7.723,6.734,6.736,0.7428,7.913,4.522,6.44,0.639,7.556,3.954,3.863,0.4864,8.794,5.677,5.441,0.8785,6.547,4.104,5.716,0.5702,7.407,4.739,5.663,0.5553,3.861,2.561,8.254,0.98,7.199,4.723,4.735,0.8476,8.642,4.106,3.302,0.5753,5.523,6.159,4.555,0.913,8.938,3.963,3.354,0.6065,8.671,4.811,4.4,0.6865,8.884,7.291,5.888,0.707,6.966,7.193,6.76,0.8131,7.986,5.869,2.539,0.3287,6.487,5.31,7.388,0.5994,7.417,3.803,6.163,0.465,9.999,5.905,5.316,0.3012,7.706,6.925,7.944,0.6049,7.748,6.73,5.651,0.7961,7.541,3.42,4.39,0.4202,7.874,2.669,5.447,0.5361,7.23,2.737,6.701,0.9449,6.369,5.247,5.374,0.7301,5.839,4.747,5.455,0.5847,5.061,4.672,6.291,0.6874,4.353,4.922,4.208,0.7905,4.903,3.662,3.787,0.8135,7.088,5.914,5.858,0.5923,9.373,4.055,6.009,0.6553,5.737,6.611,4.147,0.522,5.75,6.568,6.546,0.779,8.453,3.652,6.303,0.7367,6.365,4.635,3.689,0.8396,8.5,3.811,6.316,0.6939,6.834,3.344,3.805,0.6427,5.88,4.11,5.224,0.7768,5.444,5.634,7.595,0.5608,5.817,3.489,3.595,0.5002,9.942,5.344,3.479,0.5479,7.498,4.421,4.356,0.5924,6.167,4.103,2.641,0.7491,7.732,5.921,3.384,0.3309,4.869,6.919,7.243,0.7691,8.3,5.881,3.796,0.8989,8.385,5.097,5.994,0.8723,4.487,3.868,4.013,0.8379,5.628,6.677,6.83,0.649,8.322,4.501,4.94,0.8785,6.821,3.091,2.895,0.7939,7.133,4.001,5.087,0.6497,8.83,5.447,6.782,0.5474,11.607,5.73,4.787,0.5848,8.714,6.969,3.36,0.5469,6.849,4.797,4.565,0.6751,9.504,7.811,6.853,0.6467,5.579,5.347,5.295,0.6457,7.954,3.124,5.879,0.646,6.275,6.119,6.482,0.5225,8.294,7.263,3.128,0.95,3.071,3.635,5.925,0.98,5.968,3.473,2.55,0.7082,8.064,8.33,6.036,0.5873,9.657,3.148,6.345,0.5386,8.251,5.643,4.141,0.3387,9.056,8.507,3.766,0.3455,5.905,6.082,5.981,0.7595,8.628,7.587,6.157,0.8448,8.618,4.505,6.193,0.6144,5.994,5.431,6.607,0.728,10.179,6.42,4.011,0.5733,6.418,6.272,5.434,0.5718,8.601,5.632,3.163,0.7893,9.164,7.043,4.273,0.6014,7.699,5.772,4.861,0.6285,3.674,2.182,5.549,0.98,3.556,3.073,6.631,0.98,3.998,2.311,9.23,0.98,6.301,1.955,6.073,0.8579,8.1,4.343,6.319,0.8184,9.023,6.212,4.926,0.6275,7.159,5.728,4.347,0.8843,8.772,6.946,5.745,0.5654,7.498,5.521,5.678,0.7329
HS_79_Tuto_R9,Animal_79,Tutored_Mastery_30d,720,1.0,0.4674,0.1417,0.1669,0.1605,0.0635,6.188,4.187,6.456,0.5739,10.642,7.112,2.492,0.464,9.559,5.752,4.805,0.4325,7.869,5.569,6.45,0.6759,5.392,2.779,6.538,0.7312,6.022,3.884,5.163,0.9264,10.183,4.606,6.313,0.975,6.914,5.517,3.8,0.8267,9.323,3.088,4.751,0.8176,6.957,4.624,8.202,0.6229,6.69,7.066,5.349,0.6775,6.272,7.423,7.073,0.98,9.359,7.607,2.842,0.4001,7.355,7.201,3.486,0.5018,9.306,7.03,4.079,0.2589,7.632,5.519,2.272,0.4425,7.454,5.62,1.536,0.2225,4.861,4.815,3.696,0.7651,3.319,2.573,6.532,0.98,6.534,5.046,5.602,0.7525,6.797,5.188,4.986,0.3878,8.88,4.511,4.445,0.7327,5.844,3.819,8.466,0.98,6.301,2.579,3.275,0.5463,7.343,4.877,9.371,0.98,7.489,4.196,6.848,0.4239,5.661,2.194,5.538,0.9231,7.248,5.864,3.922,0.5512,8.492,5.204,3.566,0.9139,8.141,5.232,7.072,0.8765,7.666,2.916,7.568,0.7723,5.917,3.098,5.781,0.6994,4.905,5.499,4.471,0.8161,8.482,4.964,5.113,0.7282,6.096,6.588,4.117,0.5983,9.426,6.074,5.28,0.6427,4.716,4.784,6.871,0.6288,9.336,5.51,6.222,0.5022,8.532,6.968,6.473,0.8423,5.74,3.877,5.7,0.8358,6.508,3.797,5.343,0.7099,4.534,4.416,4.132,0.7199,6.37,1.558,7.719,0.8134,9.504,4.557,6.359,0.4965,7.013,4.564,4.453,0.5796,5.456,6.302,4.591,0.7466,7.627,5.293,4.674,0.7394,9.167,6.735,3.815,0.4718,5.218,4.091,3.297,0.8834,8.734,5.009,3.647,0.5161,8.591,5.741,5.181,0.1499,6.403,5.61,5.268,0.6552,8.126,3.993,4.567,0.7355,8.485,7.974,3.782,0.4112,8.022,4.476,6.555,0.7104,9.615,5.834,5.902,0.7935,7.687,4.132,6.659,0.4081,5.821,5.901,5.037,0.4043,6.05,2.435,7.779,0.7189,6.753,6.004,3.694,0.8254,5.953,7.363,4.938,0.95,6.81,5.614,5.825,0.95,6.974,2.781,6.203,0.8908,5.989,3.961,7.422,0.724,7.403,3.98,4.592,0.4545,7.238,4.077,5.517,0.6969,10.363,4.376,7.548,0.579,5.142,6.363,5.548,0.5747,9.248,7.047,5.48,0.9644,6.344,6.174,7.252,0.7711,8.539,5.299,6.435,0.4961,9.759,4.116,5.966,0.5233,5.528,6.526,3.715,0.4132,6.497,5.053,5.971,0.4651,9.07,5.117,6.353,0.5638,7.56,5.435,5.252,0.7605,8.037,3.281,6.206,0.9165,8.909,4.454,5.248,0.4829,8.335,9.029,1.567,0.4527,4.887,2.984,5.406,0.7667,5.466,3.6,6.371,0.8601,8.128,6.635,3.496,0.6848,6.402,4.762,5.036,0.4925,6.675,3.915,3.768,0.95,7.087,6.983,5.783,0.7689,5.813,3.766,4.511,0.5257,5.063,6.466,6.781,0.6011,6.464,4.634,5.452,0.5893,8.805,7.289,3.87,0.3126,9.388,4.381,3.222,0.5394,5.751,3.662,7.013,0.7364,9.209,7.592,5.82,0.5903,9.156,4.867,6.582,0.9467,5.406,5.386,3.515,0.6417,5.876,3.793,5.955,0.7905,5.067,3.784,5.775,0.7874,6.105,6.374,7.202,0.8053,6.977,4.749,7.368,0.7558,9.667,8.752,4.958,0.3522,9.353,3.912,6.544,0.6765,7.558,7.841,1.715,0.3939,8.424,9.276,4.68,0.415,6.823,5.721,6.962,0.408,9.597,4.326,3.61,0.7753,8.423,5.417,7.165,0.3823,5.515,5.581,4.35,0.6985,6.25,6.133,4.686,0.7375,7.323,6.185,6.087,0.6293,8.73,4.343,4.443,0.7251,7.859,6.034,3.203,0.4245,9.447,4.053,5.784,0.3373,5.647,4.104,6.514,0.93,7.664,2.118,7.752,0.7769,4.263,4.116,8.007,0.98,5.397,1.523,5.796,0.9048,6.797,6.536,4.821,0.8779,6.762,7.087,6.202,0.3633,5.446,3.683,3.244,0.41,8.334,7.213,6.95,0.5716,6.38,4.436,4.608,0.825
HS_80_Tuto_R10,Animal_80,Tutored_Mastery_30d,720,0.9164,0.5123,0.1188,0.1575,0.1463,0.0651,8.19,3.195,4.047,0.8152,9.25,5.931,3.351,0.4176,6.506,5.225,4.966,0.6424,4.677,3.542,4.64,0.6309,6.304,7.523,6.735,0.6383,9.257,6.831,3.713,0.6103,6.763,6.362,7.905,0.6597,5.158,4.751,6.722,0.4237,5.774,6.904,6.451,0.4831,5.712,5.115,4.85,0.7515,6.015,4.521,4.326,0.7087,5.884,3.673,6.844,0.6994,9.505,8.435,3.298,0.3891,8.106,7.135,3.265,0.6272,7.889,5.719,3.57,0.4429,9.664,6.83,4.124,0.1798,9.669,6.332,1.962,0.1843,8.072,3.452,4.812,0.3964,6.323,4.88,6.591,0.98,7.456,2.186,3.972,0.6288,9.014,5.915,4.66,0.2036,7.505,4.184,6.09,0.6727,3.996,5.845,5.084,0.8371,6.527,5.688,7.176,0.5616,6.722,3.411,5.638,0.98,7.74,5.331,6.452,0.6089,7.38,4.243,4.657,0.7349,5.496,3.436,4.319,0.8896,6.632,5.825,3.239,0.6001,8.311,6.214,3.27,0.6149,7.748,3.459,3.571,0.7029,4.918,7.492,5.477,0.4037,5.359,7.14,5.641,0.8354,6.913,7.182,6.636,0.6718,7.308,6.61,4.494,0.6661,9.425,3.796,4.38,0.6803,5.64,2.57,4.286,0.7313,6.831,2.638,4.589,0.8896,4.484,1.747,3.925,0.8854,8.859,4.056,3.06,0.6474,8.512,6.802,4.61,0.5683,6.841,5.786,5.396,0.3888,6.256,2.257,6.542,0.897,6.492,3.467,5.648,0.6205,5.313,6.786,4.771,0.5326,7.28,3.716,4.21,0.7793,6.768,3.394,4.648,0.95,10.488,4.029,1.572,0.6356,8.98,7.248,4.086,0.851,4.808,7.705,6.72,0.5895,11.2,5.017,4.634,0.3235,9.343,6.989,4.495,0.3638,6.372,4.302,3.921,0.6797,8.734,6.335,4.701,0.1148,8.875,6.034,3.633,0.8173,4.374,5.493,3.682,0.5709,8.999,5.362,5.498,0.6363,5.202,6.251,7.355,0.5145,5.103,3.652,7.208,0.6691,8.54,3.66,6.099,0.4928,4.919,6.602,7.536,0.801,6.614,3.485,6.303,0.8609,6.706,2.235,4.788,0.5381,8.277,2.416,6.298,0.6098,4.972,3.525,6.065,0.8844,9.024,6.581,3.485,0.6031,6.759,2.848,5.923,0.6574,8.054,5.793,3.567,0.4545,9.842,7.601,6.307,0.6606,6.57,5.978,3.849,0.6189,9.443,4.937,5.553,0.5858,6.843,7.421,5.895,0.8492,6.496,3.702,6.864,0.6438,7.599,6.3,5.63,0.6199,7.717,5.034,4.111,0.7457,6.593,3.579,4.257,0.668,6.275,4.12,3.648,0.405,9.033,7.308,4.098,0.7898,11.06,6.679,2.199,0.5171,6.075,1.691,6.772,0.98,7.475,6.427,4.48,0.6067,5.88,3.856,5.274,0.8163,5.502,5.111,6.645,0.5867,9.644,4.895,4.154,0.6917,8.431,5.54,7.315,0.6645,7.231,5.571,4.808,0.7915,9.321,4.759,5.874,0.378,5.283,2.919,4.338,0.4873,8.691,5.124,4.561,0.0618,7.527,4.497,4.254,0.3903,8.504,7.015,4.245,0.5339,10.066,6.833,4.515,0.6725,7.28,3.727,4.035,0.7649,7.825,4.688,5.504,0.6119,8.312,4.544,4.886,0.7205,6.591,5.398,3.889,0.677,6.071,2.133,7.846,0.8997,7.018,4.226,4.468,0.7084,7.211,5.877,5.84,0.2864,9.757,6.94,6.274,0.8415,9.161,6.008,5.476,0.1461,11.297,7.807,1.499,0.1768,9.846,6.529,7.198,0.494,6.51,6.922,4.734,0.8048,5.75,4.951,3.909,0.7481,9.416,2.604,6.276,0.8101,8.464,6.69,3.347,0.7414,5.362,4.186,6.241,0.8615,5.25,6.263,6.512,0.95,7.169,3.44,6.273,0.4378,6.701,5.552,4.606,0.5917,8.605,5.326,6.899,0.98,7.141,4.587,7.532,0.8987,2.896,3.347,5.158,0.9313,3.228,5.115,7.791,0.9104,7.3,4.999,5.314,0.7678,7.425,4.531,5.214,0.6626,6.802,6.884,2.575,0.9094,7.338,2.902,6.958,0.4107,5.072,4.667,3.288,0.7229
