sample_id,animal_id,condition,tutoring_hours,true_plasticity_score,scProp_Glutamatergic_Neuron,scProp_GABAergic_Interneuron,scProp_Oligodendrocyte,scProp_Astrocytes,scProp_Microglia,RNA_BDNF,ChIP_H3K4me3_BDNF,ChIP_H3K27me3_BDNF,WGBS_CpG_BDNF,RNA_FOXP2,ChIP_H3K4me3_FOXP2,ChIP_H3K27me3_FOXP2,WGBS_CpG_FOXP2,RNA_EGR1,ChIP_H3K4me3_EGR1,ChIP_H3K27me3_EGR1,WGBS_CpG_EGR1,RNA_FOS,ChIP_H3K4me3_FOS,ChIP_H3K27me3_FOS,WGBS_CpG_FOS,RNA_ARC,ChIP_H3K4me3_ARC,ChIP_H3K27me3_ARC,WGBS_CpG_ARC,RNA_NPAS4,ChIP_H3K4me3_NPAS4,ChIP_H3K27me3_NPAS4,WGBS_CpG_NPAS4,RNA_DNMT3A,ChIP_H3K4me3_DNMT3A,ChIP_H3K27me3_DNMT3A,WGBS_CpG_DNMT3A,RNA_TET2,ChIP_H3K4me3_TET2,ChIP_H3K27me3_TET2,WGBS_CpG_TET2,RNA_KDM6A,ChIP_H3K4me3_KDM6A,ChIP_H3K27me3_KDM6A,WGBS_CpG_KDM6A,RNA_EZH2,ChIP_H3K4me3_EZH2,ChIP_H3K27me3_EZH2,WGBS_CpG_EZH2,RNA_CREB1,ChIP_H3K4me3_CREB1,ChIP_H3K27me3_CREB1,WGBS_CpG_CREB1,RNA_HDAC2,ChIP_H3K4me3_HDAC2,ChIP_H3K27me3_HDAC2,WGBS_CpG_HDAC2,RNA_CAMK2A,ChIP_H3K4me3_CAMK2A,ChIP_H3K27me3_CAMK2A,WGBS_CpG_CAMK2A,RNA_GRIN2B,ChIP_H3K4me3_GRIN2B,ChIP_H3K27me3_GRIN2B,WGBS_CpG_GRIN2B,RNA_SYP,ChIP_H3K4me3_SYP,ChIP_H3K27me3_SYP,WGBS_CpG_SYP,RNA_SYN1,ChIP_H3K4me3_SYN1,ChIP_H3K27me3_SYN1,WGBS_CpG_SYN1,RNA_MEF2C,ChIP_H3K4me3_MEF2C,ChIP_H3K27me3_MEF2C,WGBS_CpG_MEF2C,RNA_KMT2A,ChIP_H3K4me3_KMT2A,ChIP_H3K27me3_KMT2A,WGBS_CpG_KMT2A,RNA_GENE_001,ChIP_H3K4me3_GENE_001,ChIP_H3K27me3_GENE_001,WGBS_CpG_GENE_001,RNA_GENE_002,ChIP_H3K4me3_GENE_002,ChIP_H3K27me3_GENE_002,WGBS_CpG_GENE_002,RNA_GENE_003,ChIP_H3K4me3_GENE_003,ChIP_H3K27me3_GENE_003,WGBS_CpG_GENE_003,RNA_GENE_004,ChIP_H3K4me3_GENE_004,ChIP_H3K27me3_GENE_004,WGBS_CpG_GENE_004,RNA_GENE_005,ChIP_H3K4me3_GENE_005,ChIP_H3K27me3_GENE_005,WGBS_CpG_GENE_005,RNA_GENE_006,ChIP_H3K4me3_GENE_006,ChIP_H3K27me3_GENE_006,WGBS_CpG_GENE_006,RNA_GENE_007,ChIP_H3K4me3_GENE_007,ChIP_H3K27me3_GENE_007,WGBS_CpG_GENE_007,RNA_GENE_008,ChIP_H3K4me3_GENE_008,ChIP_H3K27me3_GENE_008,WGBS_CpG_GENE_008,RNA_GENE_009,ChIP_H3K4me3_GENE_009,ChIP_H3K27me3_GENE_009,WGBS_CpG_GENE_009,RNA_GENE_010,ChIP_H3K4me3_GENE_010,ChIP_H3K27me3_GENE_010,WGBS_CpG_GENE_010,RNA_GENE_011,ChIP_H3K4me3_GENE_011,ChIP_H3K27me3_GENE_011,WGBS_CpG_GENE_011,RNA_GENE_012,ChIP_H3K4me3_GENE_012,ChIP_H3K27me3_GENE_012,WGBS_CpG_GENE_012,RNA_GENE_013,ChIP_H3K4me3_GENE_013,ChIP_H3K27me3_GENE_013,WGBS_CpG_GENE_013,RNA_GENE_014,ChIP_H3K4me3_GENE_014,ChIP_H3K27me3_GENE_014,WGBS_CpG_GENE_014,RNA_GENE_015,ChIP_H3K4me3_GENE_015,ChIP_H3K27me3_GENE_015,WGBS_CpG_GENE_015,RNA_GENE_016,ChIP_H3K4me3_GENE_016,ChIP_H3K27me3_GENE_016,WGBS_CpG_GENE_016,RNA_GENE_017,ChIP_H3K4me3_GENE_017,ChIP_H3K27me3_GENE_017,WGBS_CpG_GENE_017,RNA_GENE_018,ChIP_H3K4me3_GENE_018,ChIP_H3K27me3_GENE_018,WGBS_CpG_GENE_018,RNA_GENE_019,ChIP_H3K4me3_GENE_019,ChIP_H3K27me3_GENE_019,WGBS_CpG_GENE_019,RNA_GENE_020,ChIP_H3K4me3_GENE_020,ChIP_H3K27me3_GENE_020,WGBS_CpG_GENE_020,RNA_GENE_021,ChIP_H3K4me3_GENE_021,ChIP_H3K27me3_GENE_021,WGBS_CpG_GENE_021,RNA_GENE_022,ChIP_H3K4me3_GENE_022,ChIP_H3K27me3_GENE_022,WGBS_CpG_GENE_022,RNA_GENE_023,ChIP_H3K4me3_GENE_023,ChIP_H3K27me3_GENE_023,WGBS_CpG_GENE_023,RNA_GENE_024,ChIP_H3K4me3_GENE_024,ChIP_H3K27me3_GENE_024,WGBS_CpG_GENE_024,RNA_GENE_025,ChIP_H3K4me3_GENE_025,ChIP_H3K27me3_GENE_025,WGBS_CpG_GENE_025,RNA_GENE_026,ChIP_H3K4me3_GENE_026,ChIP_H3K27me3_GENE_026,WGBS_CpG_GENE_026,RNA_GENE_027,ChIP_H3K4me3_GENE_027,ChIP_H3K27me3_GENE_027,WGBS_CpG_GENE_027,RNA_GENE_028,ChIP_H3K4me3_GENE_028,ChIP_H3K27me3_GENE_028,WGBS_CpG_GENE_028,RNA_GENE_029,ChIP_H3K4me3_GENE_029,ChIP_H3K27me3_GENE_029,WGBS_CpG_GENE_029,RNA_GENE_030,ChIP_H3K4me3_GENE_030,ChIP_H3K27me3_GENE_030,WGBS_CpG_GENE_030,RNA_GENE_031,ChIP_H3K4me3_GENE_031,ChIP_H3K27me3_GENE_031,WGBS_CpG_GENE_031,RNA_GENE_032,ChIP_H3K4me3_GENE_032,ChIP_H3K27me3_GENE_032,WGBS_CpG_GENE_032,RNA_GENE_033,ChIP_H3K4me3_GENE_033,ChIP_H3K27me3_GENE_033,WGBS_CpG_GENE_033,RNA_GENE_034,ChIP_H3K4me3_GENE_034,ChIP_H3K27me3_GENE_034,WGBS_CpG_GENE_034,RNA_GENE_035,ChIP_H3K4me3_GENE_035,ChIP_H3K27me3_GENE_035,WGBS_CpG_GENE_035,RNA_GENE_036,ChIP_H3K4me3_GENE_036,ChIP_H3K27me3_GENE_036,WGBS_CpG_GENE_036,RNA_GENE_037,ChIP_H3K4me3_GENE_037,ChIP_H3K27me3_GENE_037,WGBS_CpG_GENE_037,RNA_GENE_038,ChIP_H3K4me3_GENE_038,ChIP_H3K27me3_GENE_038,WGBS_CpG_GENE_038,RNA_GENE_039,ChIP_H3K4me3_GENE_039,ChIP_H3K27me3_GENE_039,WGBS_CpG_GENE_039,RNA_GENE_040,ChIP_H3K4me3_GENE_040,ChIP_H3K27me3_GENE_040,WGBS_CpG_GENE_040,RNA_GENE_041,ChIP_H3K4me3_GENE_041,ChIP_H3K27me3_GENE_041,WGBS_CpG_GENE_041,RNA_GENE_042,ChIP_H3K4me3_GENE_042,ChIP_H3K27me3_GENE_042,WGBS_CpG_GENE_042,RNA_GENE_043,ChIP_H3K4me3_GENE_043,ChIP_H3K27me3_GENE_043,WGBS_CpG_GENE_043,RNA_GENE_044,ChIP_H3K4me3_GENE_044,ChIP_H3K27me3_GENE_044,WGBS_CpG_GENE_044,RNA_GENE_045,ChIP_H3K4me3_GENE_045,ChIP_H3K27me3_GENE_045,WGBS_CpG_GENE_045,RNA_GENE_046,ChIP_H3K4me3_GENE_046,ChIP_H3K27me3_GENE_046,WGBS_CpG_GENE_046,RNA_GENE_047,ChIP_H3K4me3_GENE_047,ChIP_H3K27me3_GENE_047,WGBS_CpG_GENE_047,RNA_GENE_048,ChIP_H3K4me3_GENE_048,ChIP_H3K27me3_GENE_048,WGBS_CpG_GENE_048,RNA_GENE_049,ChIP_H3K4me3_GENE_049,ChIP_H3K27me3_GENE_049,WGBS_CpG_GENE_049,RNA_GENE_050,ChIP_H3K4me3_GENE_050,ChIP_H3K27me3_GENE_050,WGBS_CpG_GENE_050,RNA_GENE_051,ChIP_H3K4me3_GENE_051,ChIP_H3K27me3_GENE_051,WGBS_CpG_GENE_051,RNA_GENE_052,ChIP_H3K4me3_GENE_052,ChIP_H3K27me3_GENE_052,WGBS_CpG_GENE_052,RNA_GENE_053,ChIP_H3K4me3_GENE_053,ChIP_H3K27me3_GENE_053,WGBS_CpG_GENE_053,RNA_GENE_054,ChIP_H3K4me3_GENE_054,ChIP_H3K27me3_GENE_054,WGBS_CpG_GENE_054,RNA_GENE_055,ChIP_H3K4me3_GENE_055,ChIP_H3K27me3_GENE_055,WGBS_CpG_GENE_055,RNA_GENE_056,ChIP_H3K4me3_GENE_056,ChIP_H3K27me3_GENE_056,WGBS_CpG_GENE_056,RNA_GENE_057,ChIP_H3K4me3_GENE_057,ChIP_H3K27me3_GENE_057,WGBS_CpG_GENE_057,RNA_GENE_058,ChIP_H3K4me3_GENE_058,ChIP_H3K27me3_GENE_058,WGBS_CpG_GENE_058,RNA_GENE_059,ChIP_H3K4me3_GENE_059,ChIP_H3K27me3_GENE_059,WGBS_CpG_GENE_059,RNA_GENE_060,ChIP_H3K4me3_GENE_060,ChIP_H3K27me3_GENE_060,WGBS_CpG_GENE_060,RNA_GENE_061,ChIP_H3K4me3_GENE_061,ChIP_H3K27me3_GENE_061,WGBS_CpG_GENE_061,RNA_GENE_062,ChIP_H3K4me3_GENE_062,ChIP_H3K27me3_GENE_062,WGBS_CpG_GENE_062,RNA_GENE_063,ChIP_H3K4me3_GENE_063,ChIP_H3K27me3_GENE_063,WGBS_CpG_GENE_063,RNA_GENE_064,ChIP_H3K4me3_GENE_064,ChIP_H3K27me3_GENE_064,WGBS_CpG_GENE_064,RNA_GENE_065,ChIP_H3K4me3_GENE_065,ChIP_H3K27me3_GENE_065,WGBS_CpG_GENE_065,RNA_GENE_066,ChIP_H3K4me3_GENE_066,ChIP_H3K27me3_GENE_066,WGBS_CpG_GENE_066,RNA_GENE_067,ChIP_H3K4me3_GENE_067,ChIP_H3K27me3_GENE_067,WGBS_CpG_GENE_067,RNA_GENE_068,ChIP_H3K4me3_GENE_068,ChIP_H3K27me3_GENE_068,WGBS_CpG_GENE_068,RNA_GENE_069,ChIP_H3K4me3_GENE_069,ChIP_H3K27me3_GENE_069,WGBS_CpG_GENE_069,RNA_GENE_070,ChIP_H3K4me3_GENE_070,ChIP_H3K27me3_GENE_070,WGBS_CpG_GENE_070,RNA_GENE_071,ChIP_H3K4me3_GENE_071,ChIP_H3K27me3_GENE_071,WGBS_CpG_GENE_071,RNA_GENE_072,ChIP_H3K4me3_GENE_072,ChIP_H3K27me3_GENE_072,WGBS_CpG_GENE_072,RNA_GENE_073,ChIP_H3K4me3_GENE_073,ChIP_H3K27me3_GENE_073,WGBS_CpG_GENE_073,RNA_GENE_074,ChIP_H3K4me3_GENE_074,ChIP_H3K27me3_GENE_074,WGBS_CpG_GENE_074,RNA_GENE_075,ChIP_H3K4me3_GENE_075,ChIP_H3K27me3_GENE_075,WGBS_CpG_GENE_075,RNA_GENE_076,ChIP_H3K4me3_GENE_076,ChIP_H3K27me3_GENE_076,WGBS_CpG_GENE_076,RNA_GENE_077,ChIP_H3K4me3_GENE_077,ChIP_H3K27me3_GENE_077,WGBS_CpG_GENE_077,RNA_GENE_078,ChIP_H3K4me3_GENE_078,ChIP_H3K27me3_GENE_078,WGBS_CpG_GENE_078,RNA_GENE_079,ChIP_H3K4me3_GENE_079,ChIP_H3K27me3_GENE_079,WGBS_CpG_GENE_079,RNA_GENE_080,ChIP_H3K4me3_GENE_080,ChIP_H3K27me3_GENE_080,WGBS_CpG_GENE_080,RNA_GENE_081,ChIP_H3K4me3_GENE_081,ChIP_H3K27me3_GENE_081,WGBS_CpG_GENE_081,RNA_GENE_082,ChIP_H3K4me3_GENE_082,ChIP_H3K27me3_GENE_082,WGBS_CpG_GENE_082,RNA_GENE_083,ChIP_H3K4me3_GENE_083,ChIP_H3K27me3_GENE_083,WGBS_CpG_GENE_083,RNA_GENE_084,ChIP_H3K4me3_GENE_084,ChIP_H3K27me3_GENE_084,WGBS_CpG_GENE_084,RNA_GENE_085,ChIP_H3K4me3_GENE_085,ChIP_H3K27me3_GENE_085,WGBS_CpG_GENE_085,RNA_GENE_086,ChIP_H3K4me3_GENE_086,ChIP_H3K27me3_GENE_086,WGBS_CpG_GENE_086,RNA_GENE_087,ChIP_H3K4me3_GENE_087,ChIP_H3K27me3_GENE_087,WGBS_CpG_GENE_087,RNA_GENE_088,ChIP_H3K4me3_GENE_088,ChIP_H3K27me3_GENE_088,WGBS_CpG_GENE_088,RNA_GENE_089,ChIP_H3K4me3_GENE_089,ChIP_H3K27me3_GENE_089,WGBS_CpG_GENE_089,RNA_GENE_090,ChIP_H3K4me3_GENE_090,ChIP_H3K27me3_GENE_090,WGBS_CpG_GENE_090,RNA_GENE_091,ChIP_H3K4me3_GENE_091,ChIP_H3K27me3_GENE_091,WGBS_CpG_GENE_091,RNA_GENE_092,ChIP_H3K4me3_GENE_092,ChIP_H3K27me3_GENE_092,WGBS_CpG_GENE_092,RNA_GENE_093,ChIP_H3K4me3_GENE_093,ChIP_H3K27me3_GENE_093,WGBS_CpG_GENE_093,RNA_GENE_094,ChIP_H3K4me3_GENE_094,ChIP_H3K27me3_GENE_094,WGBS_CpG_GENE_094,RNA_GENE_095,ChIP_H3K4me3_GENE_095,ChIP_H3K27me3_GENE_095,WGBS_CpG_GENE_095,RNA_GENE_096,ChIP_H3K4me3_GENE_096,ChIP_H3K27me3_GENE_096,WGBS_CpG_GENE_096,RNA_GENE_097,ChIP_H3K4me3_GENE_097,ChIP_H3K27me3_GENE_097,WGBS_CpG_GENE_097,RNA_GENE_098,ChIP_H3K4me3_GENE_098,ChIP_H3K27me3_GENE_098,WGBS_CpG_GENE_098,RNA_GENE_099,ChIP_H3K4me3_GENE_099,ChIP_H3K27me3_GENE_099,WGBS_CpG_GENE_099,RNA_GENE_100,ChIP_H3K4me3_GENE_100,ChIP_H3K27me3_GENE_100,WGBS_CpG_GENE_100,RNA_GENE_101,ChIP_H3K4me3_GENE_101,ChIP_H3K27me3_GENE_101,WGBS_CpG_GENE_101,RNA_GENE_102,ChIP_H3K4me3_GENE_102,ChIP_H3K27me3_GENE_102,WGBS_CpG_GENE_102
HS_01_Untu_R1,Animal_01,Untutored_Isolate,0,0.0,0.4214,0.1663,0.1843,0.1606,0.0675,7.517,4.424,5.183,0.5428,8.692,4.032,5.834,0.4557,6.46,7.296,5.76,0.6639,10.016,6.894,5.108,0.5338,7.221,7.565,5.563,0.6427,8.239,5.48,3.595,0.5049,8.283,7.527,5.843,0.4912,9.471,4.923,3.827,0.747,7.234,4.757,6.983,0.6587,10.868,9.515,4.239,0.6805,7.639,3.309,4.436,0.6044,8.622,5.957,7.149,0.6361,5.373,4.031,5.274,0.5143,8.099,5.856,5.126,0.8201,4.146,3.344,4.381,0.4309,7.272,4.877,4.514,0.5504,9.602,2.506,5.497,0.4544,8.16,4.538,6.084,0.7673,6.556,4.858,4.261,0.3932,5.448,4.015,4.714,0.5859,9.027,4.425,7.303,0.7964,8.884,3.55,6.198,0.6479,5.209,5.695,3.817,0.6696,4.623,5.126,4.454,0.7458,7.045,4.733,5.818,0.7188,8.589,6.851,3.987,0.9065,8.719,3.831,3.647,0.8451,5.668,4.285,5.925,0.3669,8.088,3.301,3.733,0.842,6.42,6.949,4.234,0.3413,4.49,3.743,6.769,0.4473,7.161,4.812,3.266,0.8278,9.121,7.283,3.254,0.9516,5.315,5.108,3.946,0.9439,9.659,6.972,5.058,0.6495,7.971,3.868,4.771,0.5569,6.754,7.128,4.826,0.4545,5.508,3.241,5.623,0.6635,5.287,5.906,4.341,0.95,6.232,7.946,4.129,0.3756,8.506,3.058,6.461,0.4935,8.698,2.562,7.83,0.7189,9.808,6.918,4.311,0.7661,6.005,4.376,4.611,0.7559,8.369,7.467,4.15,0.3879,6.402,3.82,6.479,0.627,6.319,5.627,3.896,0.6196,7.442,2.731,4.354,0.847,8.397,5.265,3.268,0.7548,9.437,3.359,5.423,0.4651,6.382,4.678,5.391,0.5937,5.764,5.325,5.886,0.4903,5.841,4.026,6.402,0.4451,7.955,5.089,6.448,0.862,7.314,8.107,4.341,0.7116,8.417,4.462,4.807,0.884,8.601,3.429,3.78,0.7189,8.221,6.609,5.547,0.5173,5.959,4.963,7.542,0.7434,6.157,4.981,6.03,0.5712,7.856,6.594,6.03,0.8908,7.194,5.95,4.56,0.6359,8.282,6.171,6.578,0.4695,4.915,7.9,4.789,0.95,9.406,5.744,6.155,0.7878,9.374,4.602,3.239,0.95,9.016,3.389,4.434,0.6894,6.54,5.212,3.421,0.7268,7.26,2.884,5.754,0.6565,9.629,2.661,5.717,0.6241,7.823,6.727,5.364,0.873,8.536,7.485,3.369,0.5253,8.699,5.641,6.927,0.5505,8.488,6.203,6.161,0.9323,6.94,6.485,5.456,0.51,8.465,4.986,5.299,0.9721,8.422,3.658,4.145,0.3845,7.038,7.414,3.961,0.7258,8.014,5.807,7.005,0.592,9.19,4.603,5.084,0.9199,5.652,4.272,4.061,0.5088,6.26,5.677,4.844,0.8502,8.299,6.012,4.835,0.9494,7.065,3.849,4.818,0.6572,8.99,4.939,4.283,0.7976,7.319,7.725,5.308,0.7103,10.34,3.443,5.551,0.6356,8.18,8.406,3.943,0.4253,7.978,3.505,4.844,0.8056,5.263,5.196,5.996,0.4398,7.116,7.554,6.938,0.5211,7.522,7.516,6.161,0.6213,6.635,3.107,5.014,0.8633,6.744,6.721,3.977,0.8044,9.218,6.324,3.15,0.9018,8.626,2.441,5.866,0.5841,7.389,7.032,5.594,0.4433,9.094,4.399,5.409,0.5789,9.521,4.661,2.881,0.6353,7.649,2.667,4.98,0.7264,4.476,6.784,4.671,0.698,6.892,2.968,6.337,0.5364,8.099,3.439,3.256,0.7443,7.473,6.659,2.522,0.7207,7.255,7.696,4.736,0.7267,9.781,3.402,5.906,0.9526,7.075,7.673,5.353,0.7219,5.211,7.18,5.274,0.7624,8.742,5.806,5.059,0.8222,8.374,3.389,6.241,0.7009,10.027,4.479,4.914,0.8662,7.406,5.196,4.212,0.8629,8.168,5.468,6.817,0.6841,8.658,3.288,7.077,0.8686,5.522,6.892,7.837,0.7921,10.506,3.802,3.003,0.7701,7.449,3.589,5.313,0.8535,9.05,5.673,4.333,0.8948,8.838,5.323,6.557,0.6806,7.59,4.35,5.984,0.6917
HS_02_Untu_R2,Animal_02,Untutored_Isolate,0,0.1407,0.4612,0.1176,0.1804,0.1691,0.0717,9.334,7.447,3.9,0.6442,7.534,7.256,4.504,0.7974,7.847,5.939,2.345,0.3699,6.943,5.741,2.027,0.5725,7.902,7.783,1.636,0.4377,10.789,8.507,2.57,0.6177,8.305,6.754,3.74,0.8454,7.132,6.306,5.643,0.6841,7.712,5.591,5.788,0.3506,7.419,5.415,6.744,0.7049,8.734,3.635,2.719,0.6338,8.226,6.551,6.488,0.8799,9.136,6.138,5.741,0.619,8.883,6.583,6.469,0.6896,6.993,7.246,4.0,0.4488,9.773,6.079,4.253,0.5982,6.588,7.73,3.576,0.4448,10.177,5.496,2.612,0.2745,7.668,5.874,5.818,0.8844,9.084,6.988,2.33,0.2292,5.257,6.225,5.771,0.4366,9.102,9.334,2.304,0.4961,9.666,4.8,7.369,0.5075,9.796,5.191,6.147,0.849,5.409,3.292,4.934,0.7595,5.64,5.271,4.415,0.6621,9.072,7.654,6.216,0.4314,8.723,4.603,2.893,0.8782,8.948,6.376,4.231,0.7093,8.284,3.186,3.289,0.8491,8.489,4.416,2.676,0.6947,7.926,5.704,5.503,0.6972,9.386,5.323,4.325,0.7919,7.614,5.454,3.168,0.4337,7.771,6.644,3.952,0.6624,6.164,6.401,4.293,0.5273,7.565,5.485,5.056,0.5917,7.136,2.652,5.604,0.3639,8.459,5.382,4.509,0.8003,7.371,7.977,3.124,0.4098,7.641,6.942,3.678,0.7691,9.374,3.245,5.384,0.9172,6.192,7.327,5.609,0.5759,8.005,3.132,6.433,0.7323,10.955,9.975,4.64,0.3065,6.453,6.855,4.38,0.4727,7.659,4.739,4.374,0.5455,8.354,4.705,4.049,0.5493,6.864,5.859,7.034,0.8538,7.588,4.127,4.451,0.4564,9.742,8.016,2.414,0.3197,7.268,3.178,4.233,0.4658,8.724,5.924,5.956,0.7081,8.11,5.338,6.05,0.8183,8.912,6.667,4.003,0.6837,4.316,5.881,6.428,0.4052,5.725,6.517,6.247,0.7916,9.393,9.84,2.367,0.5844,8.739,7.831,5.895,0.569,8.605,7.893,3.532,0.5813,8.233,3.782,7.399,0.8663,7.352,7.239,6.838,0.8253,9.045,5.87,3.871,0.7921,7.043,3.01,6.392,0.5778,8.45,5.162,6.067,0.6001,7.412,6.416,5.715,0.6605,8.582,5.675,6.001,0.7126,8.527,5.71,3.888,0.4253,4.06,5.681,6.096,0.5954,7.465,4.704,7.293,0.95,6.661,6.589,5.113,0.5009,9.762,8.612,0.923,0.7122,4.986,4.38,6.297,0.5057,7.964,4.755,6.611,0.9129,7.536,4.846,3.428,0.5458,9.547,6.503,5.931,0.7747,8.334,7.099,4.812,0.6164,7.907,4.736,4.843,0.5294,8.292,6.649,6.059,0.3974,9.908,7.063,3.832,0.4725,7.121,7.419,3.935,0.6597,6.407,4.024,7.029,0.7322,5.052,6.771,3.729,0.95,10.101,5.352,4.935,0.7111,7.582,6.631,5.604,0.6803,7.045,4.645,6.685,0.8242,6.209,7.333,2.189,0.4965,9.285,5.489,3.406,0.6726,6.564,6.49,6.38,0.6894,8.473,6.754,4.972,0.7416,5.186,5.955,6.027,0.7479,9.672,6.421,6.522,0.4777,9.319,4.694,3.391,0.491,8.954,5.602,4.158,0.449,7.163,5.094,5.905,0.5202,6.393,3.459,3.336,0.517,9.395,5.586,6.1,0.6183,8.749,4.423,6.255,0.8837,6.618,3.28,7.011,0.8488,6.596,3.481,5.09,0.5376,6.92,2.606,5.875,0.5901,4.374,2.14,3.812,0.6601,9.666,2.413,6.788,0.6858,9.099,3.766,6.891,0.98,6.369,6.959,4.071,0.7507,7.575,3.928,6.479,0.8264,8.902,6.277,6.278,0.7859,5.245,6.066,7.438,0.4737,8.404,7.8,7.851,0.2855,8.24,3.637,4.591,0.8981,7.125,4.196,6.718,0.6032,5.856,3.761,3.366,0.4784,8.678,4.931,4.719,0.4825,10.157,3.511,5.452,0.8703,9.296,6.414,6.584,0.8682,10.026,6.166,1.585,0.3012,5.294,7.379,5.336,0.3552,7.541,3.349,3.578,0.6498,9.579,6.678,7.541,0.5375,7.249,3.878,3.669,0.8065
HS_03_Untu_R3,Animal_03,Untutored_Isolate,0,0.0,0.4264,0.1531,0.1767,0.1791,0.0647,9.552,6.713,5.041,0.4537,5.358,7.43,4.351,0.7783,8.028,4.406,3.986,0.7366,5.684,4.505,3.014,0.8043,9.352,7.851,4.99,0.8245,10.204,5.522,4.024,0.6428,9.33,8.854,6.712,0.4956,8.999,6.1,5.015,0.5396,4.743,6.843,5.748,0.6764,7.649,8.919,7.093,0.7462,10.122,4.597,5.155,0.5628,10.825,7.725,5.413,0.7518,6.252,4.132,5.645,0.8307,4.915,3.81,6.168,0.4673,4.215,3.474,5.123,0.9158,9.307,4.691,4.563,0.725,6.457,7.04,4.476,0.6427,5.385,5.431,4.239,0.6421,4.296,6.014,4.035,0.8801,6.483,5.585,6.532,0.5635,6.65,6.191,6.523,0.81,7.591,7.276,2.863,0.645,4.98,6.047,4.473,0.721,7.899,6.282,3.8,0.5052,6.355,5.873,5.354,0.832,7.971,3.064,5.635,0.4499,6.283,3.58,6.373,0.6053,8.695,5.242,5.005,0.7176,7.461,5.642,4.707,0.8616,7.124,3.273,6.224,0.5662,6.876,6.525,7.133,0.6773,6.517,4.923,4.694,0.5581,5.882,6.317,5.503,0.4734,6.972,3.804,4.858,0.95,6.364,3.578,4.947,0.2567,4.758,6.987,4.402,0.3462,7.435,5.745,6.729,0.6798,6.72,4.27,5.176,0.95,7.476,2.765,7.326,0.6694,6.78,8.34,4.074,0.4391,8.917,4.896,4.321,0.8569,8.01,3.208,4.773,0.7132,9.583,3.232,2.989,0.6105,5.426,5.389,3.717,0.781,8.766,7.834,2.939,0.6847,7.173,4.158,6.215,0.3954,4.584,6.583,6.137,0.7119,8.622,5.565,4.042,0.5098,5.479,2.137,6.038,0.8668,5.454,4.579,4.57,0.95,7.374,6.718,2.286,0.497,4.53,3.576,6.252,0.5406,5.221,5.995,4.989,0.4123,7.256,7.252,6.415,0.8694,5.096,6.922,4.856,0.6045,10.287,5.979,6.177,0.6853,8.664,6.766,4.83,0.8105,10.386,5.346,3.582,0.6052,5.256,3.916,6.049,0.5126,7.712,3.614,6.208,0.324,8.907,3.683,6.623,0.8698,7.328,2.053,3.621,0.7796,5.717,6.374,6.596,0.5075,7.368,4.124,4.702,0.59,5.852,5.913,5.136,0.8368,4.789,2.963,4.402,0.5169,6.382,6.429,6.833,0.7528,9.725,6.444,5.719,0.5214,6.175,4.945,6.525,0.7264,8.642,5.231,7.245,0.5781,5.447,6.984,4.749,0.4739,6.127,6.204,3.381,0.4199,9.44,4.913,3.47,0.4599,7.38,5.906,4.632,0.4409,5.638,5.096,6.346,0.8754,8.739,3.797,7.886,0.3875,8.21,4.374,6.331,0.5533,7.118,5.909,4.024,0.7198,7.989,4.686,6.721,0.6834,6.265,6.97,4.637,0.4527,9.055,4.756,2.95,0.5715,10.379,5.64,6.009,0.5652,7.657,6.054,3.292,0.7965,9.558,3.43,3.458,0.7894,10.057,4.366,3.393,0.8952,5.37,3.115,3.98,0.8584,6.36,7.719,6.038,0.8387,9.135,7.162,6.693,0.7902,9.26,5.733,4.81,0.9213,7.527,2.825,3.296,0.5359,6.272,5.208,3.58,0.6865,7.798,2.46,5.498,0.6928,6.944,5.659,2.46,0.511,8.293,4.063,7.522,0.7705,7.598,3.361,3.886,0.6142,8.129,4.078,6.01,0.6397,4.817,6.761,4.859,0.465,8.206,3.585,4.372,0.6716,9.189,3.246,6.506,0.493,6.666,7.606,6.703,0.9118,9.236,7.403,5.86,0.5931,5.479,6.206,3.418,0.8132,8.843,5.984,5.122,0.3509,8.211,5.426,5.899,0.5767,6.119,6.093,5.333,0.864,6.347,6.577,7.04,0.5179,5.627,7.546,4.355,0.5808,7.824,3.805,5.212,0.5104,5.451,6.508,4.837,0.7245,9.466,5.965,6.84,0.8464,7.828,5.795,5.161,0.505,9.295,3.099,6.532,0.9726,7.655,4.902,6.878,0.7597,8.855,3.615,5.121,0.7451,6.891,5.269,6.559,0.3976,7.109,6.148,6.484,0.7024,8.443,5.476,5.455,0.5966,5.048,3.109,4.014,0.6847,7.331,2.823,6.638,0.9274,7.166,5.929,3.858,0.6611
HS_04_Untu_R4,Animal_04,Untutored_Isolate,0,0.0169,0.4514,0.1554,0.1731,0.1549,0.0652,8.101,8.218,5.628,0.6881,6.344,8.197,5.993,0.4567,7.998,5.265,3.647,0.4484,5.741,6.469,2.663,0.8932,8.263,6.111,4.387,0.8353,8.28,4.158,6.438,0.7943,8.142,5.124,5.948,0.8202,7.795,5.93,4.247,0.5681,6.839,7.495,3.35,0.8242,10.928,9.723,6.825,0.4636,7.542,3.515,6.858,0.5915,11.199,8.199,5.062,0.6647,8.071,5.295,4.53,0.5183,8.591,5.428,3.537,0.4332,7.188,4.541,4.364,0.5228,9.443,5.623,3.529,0.5673,6.144,7.141,6.435,0.751,9.328,3.484,5.25,0.6888,9.06,6.252,4.503,0.5458,8.209,8.087,5.567,0.5379,5.233,2.771,6.975,0.5116,9.188,7.532,5.02,0.3957,5.557,3.373,6.074,0.8511,5.166,2.715,5.695,0.7522,4.339,5.436,4.817,0.6948,7.955,2.674,6.95,0.471,7.925,6.393,5.147,0.8212,7.487,7.398,6.754,0.4496,8.903,5.274,4.192,0.3303,8.851,6.556,4.803,0.4459,8.148,3.222,5.65,0.8746,5.045,6.551,7.033,0.4302,9.051,4.246,6.355,0.8882,7.869,4.565,3.652,0.8033,5.97,6.225,5.646,0.7529,7.531,3.61,5.534,0.5669,6.016,6.463,4.695,0.8823,7.505,2.81,3.906,0.6548,6.565,6.681,5.353,0.8719,6.933,8.19,5.739,0.5748,6.808,4.672,2.437,0.8373,9.557,6.13,5.275,0.7301,5.696,4.781,7.469,0.8879,5.423,7.176,6.583,0.6573,9.987,8.145,4.783,0.7925,9.433,6.792,7.028,0.5167,5.168,4.307,5.299,0.95,6.363,5.52,6.911,0.8654,8.71,3.755,4.499,0.3742,5.296,5.126,5.008,0.7493,7.777,3.856,4.154,0.7338,6.156,3.603,5.423,0.661,5.009,3.145,6.59,0.7446,9.861,6.537,7.052,0.8071,9.081,6.718,5.39,0.722,5.611,4.832,6.637,0.6404,6.631,4.734,5.69,0.4133,5.575,7.784,5.953,0.4453,7.245,5.38,3.352,0.7503,8.041,5.755,4.945,0.5342,6.63,3.915,6.126,0.6987,8.894,6.002,4.619,0.7193,9.863,4.973,4.577,0.8828,9.77,3.067,4.063,0.5974,5.79,4.547,6.566,0.3385,9.679,7.042,4.798,0.5089,8.668,2.831,3.946,0.7357,9.244,6.364,5.921,0.8632,8.767,6.296,6.826,0.6044,7.794,5.225,5.613,0.56,5.513,6.027,3.732,0.3754,9.933,5.251,5.222,0.6015,6.944,6.965,5.695,0.6336,4.769,3.876,3.278,0.6357,7.708,4.682,5.922,0.7769,8.791,5.109,7.378,0.4291,8.265,3.855,4.794,0.541,6.081,3.687,8.27,0.444,6.619,5.254,6.671,0.4815,8.676,4.802,5.296,0.9392,8.328,3.338,6.076,0.7565,7.481,3.732,4.045,0.6323,6.188,6.862,6.437,0.7285,9.037,3.489,5.017,0.7418,8.446,7.002,5.187,0.6956,4.756,5.677,3.424,0.905,5.611,5.549,2.691,0.5592,7.72,5.926,4.866,0.4862,8.865,4.863,6.133,0.4575,9.383,5.527,5.475,0.6049,8.084,7.564,2.839,0.7255,9.356,5.195,7.429,0.7291,5.543,6.804,5.291,0.8271,8.666,3.173,3.917,0.5722,6.255,3.294,4.677,0.6707,6.002,3.157,6.559,0.6013,6.33,5.536,5.496,0.5698,8.229,6.978,5.264,0.5081,9.744,6.936,4.706,0.619,8.946,4.745,7.285,0.8691,8.152,3.264,5.009,0.7563,7.792,6.172,3.045,0.8125,6.121,2.934,5.982,0.6627,9.6,5.606,6.324,0.6954,6.688,4.758,6.932,0.7422,7.595,3.991,6.112,0.4177,5.914,3.566,6.567,0.4082,6.322,3.95,7.589,0.6606,6.794,7.003,2.584,0.6131,8.318,4.422,6.122,0.4747,6.683,5.813,5.271,0.8032,9.384,6.363,5.924,0.6814,9.093,5.538,3.123,0.7638,6.069,3.693,6.982,0.7548,6.87,5.511,3.959,0.6187,9.002,5.497,3.72,0.8412,3.844,4.725,3.889,0.5667,5.557,6.937,4.171,0.7723,7.215,4.834,3.504,0.9107,5.384,6.848,3.909,0.6346
HS_05_Untu_R5,Animal_05,Untutored_Isolate,0,0.1592,0.4437,0.1672,0.1793,0.1352,0.0746,9.414,9.945,1.668,0.3942,10.443,5.635,5.438,0.6969,9.807,9.425,1.785,0.5537,11.202,7.634,2.52,0.5225,10.735,6.33,5.209,0.6547,10.866,9.054,3.909,0.7201,9.553,7.507,3.692,0.7205,8.533,8.038,2.673,0.6305,6.449,5.689,5.706,0.2394,5.876,8.84,5.548,0.6372,7.755,5.659,6.326,0.6192,8.864,8.637,7.551,0.89,9.853,4.491,3.218,0.733,7.135,5.079,6.13,0.6847,6.561,4.639,3.205,0.6599,8.906,6.628,3.016,0.7015,9.385,7.22,6.039,0.5029,10.537,5.306,2.435,0.3948,5.144,4.571,4.895,0.62,7.272,8.728,2.336,0.6509,6.173,2.311,5.932,0.8281,8.47,6.433,1.52,0.5273,7.855,3.851,4.179,0.5654,6.141,6.833,4.244,0.3033,6.185,3.818,4.497,0.4906,6.289,4.648,2.381,0.7229,10.158,6.954,4.788,0.8194,10.351,5.832,4.25,0.6202,4.951,6.789,5.085,0.9042,9.272,6.969,5.15,0.9136,9.714,3.542,5.461,0.336,7.503,3.337,6.899,0.6507,10.004,4.31,6.587,0.8133,4.864,7.491,6.574,0.5269,7.229,3.822,4.913,0.8018,8.935,6.695,4.918,0.8384,7.865,4.993,5.614,0.8995,8.345,5.084,3.634,0.499,9.012,6.032,3.649,0.6867,8.579,6.499,3.749,0.3376,6.89,4.682,3.715,0.7927,7.312,7.262,3.654,0.5943,8.94,4.273,7.263,0.8748,8.418,4.243,3.285,0.5967,6.395,8.548,0.958,0.3555,6.421,5.708,3.84,0.7775,7.658,2.136,5.4,0.453,7.172,5.93,6.272,0.428,8.87,6.179,3.818,0.883,6.565,2.717,5.644,0.6663,8.519,8.282,3.175,0.2912,8.016,6.644,3.156,0.8822,9.122,5.15,4.529,0.9015,6.896,5.14,4.157,0.802,9.508,8.595,3.828,0.4408,7.198,4.612,4.178,0.4237,7.71,6.257,4.559,0.6284,9.578,6.486,1.727,0.336,8.464,5.434,4.452,0.6396,9.212,5.051,4.749,0.7686,5.078,5.189,5.952,0.95,8.03,3.267,3.443,0.3853,7.69,4.453,3.91,0.7909,8.531,5.945,5.976,0.5424,7.689,5.831,7.616,0.6271,10.14,2.753,3.004,0.5752,5.961,6.216,6.585,0.8308,9.477,6.378,2.702,0.5701,6.623,5.45,5.366,0.7295,9.913,4.092,3.088,0.5589,10.122,3.75,3.912,0.8044,7.036,7.384,2.32,0.3534,6.035,4.358,5.566,0.4525,9.33,5.898,5.539,0.6316,10.356,3.266,3.615,0.5842,4.963,5.081,7.126,0.811,5.293,2.939,5.489,0.3913,7.207,5.744,4.208,0.8487,9.459,6.229,3.249,0.8494,7.869,5.916,4.071,0.7032,5.822,4.326,4.326,0.8471,7.107,4.407,4.04,0.6305,10.293,5.617,4.942,0.5654,7.527,3.343,4.686,0.7648,5.418,5.248,4.879,0.8581,9.066,2.167,5.85,0.7915,11.018,6.253,1.73,0.2861,10.966,9.616,4.99,0.7354,5.371,5.6,3.162,0.7688,7.195,3.147,4.272,0.6525,9.32,7.149,3.981,0.8094,8.271,5.58,4.11,0.6733,6.594,5.063,3.748,0.5115,4.396,4.883,6.858,0.7357,4.963,4.005,3.4,0.8843,3.423,5.929,6.181,0.501,6.814,6.888,2.804,0.6438,7.51,6.05,3.934,0.7103,7.656,4.404,7.343,0.5912,10.597,4.776,3.15,0.666,6.479,5.519,5.396,0.5634,4.842,4.242,6.586,0.4773,7.226,4.99,5.651,0.6684,5.713,5.772,4.843,0.816,7.278,4.191,5.006,0.8691,8.11,4.208,3.318,0.6439,10.142,4.737,6.703,0.5725,9.672,4.918,5.959,0.4513,8.869,4.506,3.476,0.7578,8.785,5.536,4.785,0.7858,8.363,6.569,5.325,0.7914,9.243,4.36,6.595,0.3517,8.856,7.711,5.436,0.95,7.569,5.306,5.61,0.7331,7.407,3.063,5.301,0.5161,10.843,7.397,5.396,0.2502,9.257,5.008,3.99,0.7703,7.826,6.65,5.289,0.8545,6.445,4.835,5.167,0.9378,6.76,3.109,6.087,0.92
HS_06_Untu_R6,Animal_06,Untutored_Isolate,0,0.0616,0.4448,0.1513,0.1826,0.1505,0.0708,7.663,6.395,4.162,0.4947,9.225,3.977,5.593,0.6399,7.767,8.777,4.917,0.8793,8.285,7.094,4.192,0.6663,11.122,6.156,3.865,0.411,10.228,4.164,4.858,0.4518,10.529,5.378,6.398,0.8157,5.293,5.952,6.148,0.8316,8.097,6.658,6.396,0.4602,8.925,5.809,6.413,0.5445,6.197,4.684,6.619,0.8032,9.825,5.77,3.698,0.5656,5.524,6.353,4.46,0.7655,9.281,4.288,4.139,0.4866,8.297,3.081,3.834,0.4391,6.275,4.086,4.814,0.7771,9.116,4.265,5.51,0.5332,7.878,4.918,5.985,0.8687,8.494,7.167,7.144,0.8097,7.123,4.428,4.447,0.6828,6.348,6.373,5.156,0.7674,7.435,5.311,4.712,0.3732,10.166,5.354,4.519,0.805,5.727,4.373,3.671,0.7497,8.19,5.036,4.283,0.873,8.465,5.192,4.732,0.8103,8.719,5.858,6.261,0.551,6.741,6.262,4.041,0.7652,5.779,2.962,5.958,0.5416,5.849,6.996,4.607,0.6193,6.043,4.201,5.871,0.577,5.828,3.94,4.123,0.712,5.744,3.099,4.13,0.5395,6.83,5.28,4.395,0.5444,8.174,6.365,5.405,0.5096,7.016,3.248,3.165,0.6267,7.094,4.158,4.368,0.5072,9.895,4.757,3.549,0.5142,5.979,2.616,5.201,0.3899,7.91,8.25,3.192,0.5178,7.828,6.816,5.13,0.5374,7.944,5.64,7.173,0.7153,7.616,4.443,6.642,0.4763,5.391,3.845,6.676,0.5985,8.247,7.218,6.151,0.4051,7.394,4.916,4.713,0.9167,10.17,3.769,2.629,0.741,5.778,5.018,4.304,0.7646,6.185,5.135,3.594,0.738,9.985,4.008,4.155,0.7337,9.49,8.973,2.601,0.8059,5.182,4.666,4.116,0.6644,4.732,4.698,4.513,0.6275,8.394,3.185,6.071,0.6783,7.725,5.475,1.95,0.5077,7.503,3.28,7.12,0.7285,5.581,3.421,6.848,0.3186,7.055,6.615,4.694,0.4186,7.078,3.031,4.799,0.95,5.857,7.285,4.366,0.7172,9.73,7.242,2.752,0.7904,9.588,7.026,5.497,0.9376,4.908,4.218,5.021,0.7084,8.471,4.835,3.339,0.8919,5.008,4.576,4.438,0.7427,6.554,5.036,6.357,0.727,6.233,4.637,7.14,0.7717,9.747,6.11,5.251,0.575,8.092,4.628,7.274,0.7492,8.599,5.774,6.84,0.5528,9.182,4.538,3.422,0.4144,8.2,6.339,2.686,0.5391,6.643,3.875,4.169,0.6472,6.779,4.074,6.374,0.6708,5.764,3.36,6.314,0.3776,9.088,2.345,4.508,0.5582,8.762,4.182,4.424,0.6082,5.263,3.576,5.784,0.848,5.813,3.768,6.305,0.6718,9.247,5.603,5.58,0.5769,5.991,2.947,2.702,0.6647,6.157,4.593,6.166,0.5149,4.805,5.64,4.678,0.8147,8.279,5.05,7.321,0.5925,8.11,5.585,6.616,0.7213,9.85,5.152,6.595,0.7627,6.488,5.554,1.921,0.5787,5.0,8.829,1.348,0.4075,7.371,5.114,6.443,0.7184,8.233,4.197,5.544,0.6225,7.968,6.548,4.325,0.7705,9.503,6.794,5.635,0.6876,9.746,4.049,3.856,0.3574,6.602,6.999,5.921,0.6835,8.774,6.98,5.133,0.7238,10.022,4.343,3.223,0.8927,6.286,6.864,5.196,0.8345,6.656,3.5,5.504,0.758,5.901,7.209,3.235,0.8333,6.283,6.251,2.598,0.9227,7.757,6.552,4.454,0.6626,5.461,3.059,4.272,0.4284,7.471,3.438,3.035,0.7496,8.784,5.917,3.513,0.8548,9.287,5.644,4.562,0.5619,6.567,5.864,4.786,0.4799,7.926,3.706,5.881,0.4564,4.153,6.828,5.356,0.6424,6.804,3.479,4.562,0.6065,8.382,6.25,4.579,0.8373,7.669,5.019,5.655,0.7483,8.491,3.253,3.023,0.6027,5.097,5.762,6.049,0.4921,5.713,5.589,6.443,0.6177,8.507,6.991,6.368,0.7779,8.175,8.259,2.14,0.4604,5.009,5.513,7.433,0.4559,4.178,4.445,7.242,0.4851,6.227,5.13,7.018,0.4746,7.931,5.92,4.641,0.5919
HS_07_Untu_R7,Animal_07,Untutored_Isolate,0,0.0126,0.4519,0.13,0.1828,0.1644,0.0709,7.786,6.292,5.012,0.6265,6.084,4.897,3.162,0.8984,7.698,6.641,2.705,0.5317,9.107,6.393,5.91,0.6099,8.037,6.734,2.498,0.4939,6.817,8.217,2.722,0.7357,6.797,7.214,6.897,0.9099,5.976,4.945,6.746,0.6946,5.25,4.669,6.131,0.6065,7.309,5.9,4.091,0.5539,6.719,3.283,4.142,0.9353,7.265,9.176,7.216,0.9337,6.301,7.433,6.857,0.4828,7.042,4.508,6.513,0.809,6.425,2.906,4.13,0.6931,8.012,5.24,2.951,0.5072,8.256,7.543,4.547,0.7183,7.877,5.515,5.476,0.5702,6.387,3.18,5.837,0.4476,7.368,5.796,2.652,0.814,6.431,3.559,6.225,0.6583,5.789,8.108,5.476,0.5098,7.033,6.467,3.145,0.737,8.486,6.4,4.629,0.5284,8.311,4.347,6.114,0.6251,5.648,3.41,6.123,0.95,7.048,7.548,7.177,0.8042,6.128,2.967,4.186,0.5977,7.692,4.266,5.336,0.8038,8.551,6.073,3.992,0.98,8.421,4.983,6.757,0.5722,8.319,3.742,3.487,0.5502,7.003,3.377,6.215,0.5524,6.05,5.905,6.136,0.6459,8.811,6.769,5.709,0.7058,6.212,6.918,3.042,0.6966,6.061,2.667,5.431,0.5129,9.818,5.839,4.979,0.5354,6.188,4.316,5.364,0.6733,7.016,3.931,3.863,0.7515,7.664,3.333,4.789,0.3125,8.534,6.458,7.449,0.5522,8.136,6.537,6.152,0.916,4.891,5.946,4.94,0.6344,9.717,7.381,3.277,0.524,5.591,5.455,5.525,0.4511,5.404,4.639,5.341,0.9495,6.688,3.781,5.427,0.6718,8.295,6.798,5.183,0.7815,8.332,6.368,3.984,0.7535,10.737,5.697,3.163,0.4808,9.174,3.782,5.51,0.8733,7.274,4.188,4.049,0.6125,4.722,3.691,4.433,0.4959,8.431,5.908,5.782,0.8338,6.235,7.289,8.074,0.832,7.483,4.442,3.777,0.6182,9.482,5.363,2.803,0.3607,9.279,6.771,4.093,0.516,6.691,6.881,5.7,0.5359,5.022,5.196,4.034,0.6855,6.101,5.812,4.768,0.4575,9.219,3.705,3.559,0.7037,4.517,3.623,4.257,0.7591,4.819,4.214,6.224,0.5946,6.239,3.924,4.633,0.5016,9.435,4.328,4.952,0.5173,5.866,2.475,4.862,0.7944,8.548,6.794,5.884,0.5066,10.236,4.856,5.399,0.795,9.379,6.362,4.458,0.5732,5.992,6.752,5.499,0.6313,9.157,2.584,5.01,0.6787,8.049,6.379,6.277,0.5812,6.469,6.036,5.437,0.4756,4.841,4.216,5.004,0.5965,4.081,4.102,6.857,0.3426,8.423,4.719,6.681,0.7592,8.16,5.864,6.518,0.731,8.46,5.82,5.174,0.625,7.054,4.559,6.243,0.7338,9.719,6.483,3.606,0.8002,9.175,6.031,4.105,0.927,7.49,5.209,6.28,0.6942,8.723,3.564,5.616,0.72,6.684,4.733,3.318,0.6711,9.918,4.873,2.796,0.6937,7.032,5.962,3.458,0.7409,6.475,5.147,3.354,0.4685,6.399,7.196,5.828,0.5336,8.003,4.942,4.699,0.7302,3.693,3.788,2.744,0.6457,9.317,5.946,6.41,0.9067,5.632,2.326,5.849,0.8643,9.431,5.435,5.802,0.5387,8.03,5.913,4.622,0.5682,9.954,4.687,3.639,0.8996,6.564,6.37,6.442,0.5577,6.832,2.7,5.92,0.829,9.431,2.426,4.762,0.95,8.397,3.495,6.763,0.7256,7.704,4.518,4.028,0.822,8.779,6.075,3.325,0.5151,7.205,6.873,3.64,0.5771,4.447,6.818,5.558,0.4781,8.137,3.806,3.746,0.7212,4.661,5.862,4.009,0.8799,4.452,6.136,7.142,0.703,6.182,6.404,3.739,0.4516,5.4,6.984,5.291,0.3581,7.294,6.082,4.132,0.6002,7.173,5.045,4.041,0.7278,9.961,5.21,3.818,0.8402,6.042,3.233,4.29,0.5174,7.199,5.585,6.621,0.6422,6.816,7.193,4.333,0.7578,8.767,2.789,4.039,0.9331,4.772,3.936,7.021,0.9199,4.947,4.817,4.78,0.694,9.67,5.228,5.058,0.5477
HS_08_Untu_R8,Animal_08,Untutored_Isolate,0,0.0,0.4153,0.1538,0.1868,0.1647,0.0795,8.349,6.481,3.34,0.6106,9.28,3.766,6.343,0.4662,7.779,4.972,2.451,0.8823,6.283,7.385,5.455,0.6389,8.004,6.828,6.347,0.6348,9.01,5.032,4.634,0.7507,10.443,8.808,4.601,0.8649,7.441,5.008,3.019,0.6803,6.355,4.261,5.279,0.6815,7.24,7.221,4.663,0.5427,5.275,4.59,4.469,0.5633,9.394,5.663,2.779,0.8546,7.422,4.941,4.255,0.5145,7.759,5.157,4.141,0.5508,8.341,6.152,5.087,0.9039,9.181,6.624,5.72,0.4712,8.239,3.224,3.182,0.758,4.872,6.891,6.295,0.4137,6.84,2.207,4.323,0.8319,5.954,7.919,6.031,0.3437,10.383,6.534,7.112,0.7245,9.367,6.138,5.653,0.7532,9.57,6.817,6.442,0.5256,8.102,3.616,4.44,0.8027,8.131,4.456,6.062,0.7825,6.601,2.727,7.258,0.452,6.559,4.115,6.689,0.4846,7.503,2.641,4.516,0.4581,6.115,6.226,6.357,0.9381,5.647,7.066,4.91,0.6983,8.452,4.535,6.879,0.4808,9.18,6.376,6.024,0.6126,5.289,4.914,5.137,0.5744,7.919,4.53,6.474,0.95,6.993,5.208,4.361,0.5003,4.746,5.451,6.343,0.598,8.816,4.182,4.784,0.5464,7.271,4.784,6.839,0.7088,4.486,4.516,5.915,0.5247,7.717,7.261,5.046,0.5867,10.153,4.555,6.26,0.865,5.967,5.198,7.149,0.6892,7.583,6.221,6.475,0.4931,4.532,5.814,6.308,0.6917,9.845,8.2,4.069,0.8928,8.703,6.469,4.408,0.7645,6.784,3.512,5.919,0.3892,8.882,2.723,7.463,0.8749,7.933,6.232,4.719,0.7487,6.876,4.362,4.278,0.8294,7.963,6.176,2.545,0.5355,6.196,3.024,5.011,0.666,8.767,3.429,5.299,0.8287,7.74,6.183,3.914,0.623,5.429,5.005,6.49,0.748,10.452,7.208,7.023,0.8024,5.037,4.402,3.847,0.4546,6.24,5.102,5.305,0.5523,8.919,3.801,4.839,0.5589,6.793,6.168,5.452,0.632,6.852,5.851,3.945,0.4735,8.493,5.335,4.628,0.7122,7.275,3.92,4.413,0.5182,6.436,5.466,8.033,0.9364,8.95,2.882,4.94,0.4015,7.992,3.038,6.3,0.6317,7.05,6.422,3.814,0.445,8.773,4.442,5.595,0.7254,10.017,3.224,3.795,0.9654,5.913,5.098,4.963,0.7159,7.184,6.853,3.68,0.3982,9.19,6.311,2.809,0.5723,6.542,5.381,6.475,0.6526,7.786,6.781,6.466,0.5615,6.381,4.042,4.443,0.7552,6.94,6.517,5.092,0.527,8.849,7.283,6.556,0.7032,8.867,4.764,6.036,0.7502,7.925,3.17,3.566,0.568,5.909,4.951,5.677,0.8713,6.356,2.926,3.354,0.5519,9.068,4.337,5.205,0.95,6.761,6.245,4.322,0.7536,5.8,2.054,3.489,0.7961,5.238,7.005,3.814,0.5084,8.728,5.344,6.204,0.5376,8.71,4.424,3.707,0.4406,6.908,4.958,4.597,0.7409,5.865,4.768,6.156,0.5517,7.155,5.224,6.027,0.3977,8.487,5.626,5.006,0.643,9.612,4.351,4.998,0.9308,10.668,4.907,4.182,0.5561,8.031,2.768,3.809,0.7508,10.913,6.493,5.126,0.3934,10.3,3.588,3.93,0.6656,4.896,3.347,3.633,0.584,8.775,4.482,5.408,0.8824,9.257,7.342,3.639,0.4718,9.141,5.249,4.769,0.7875,7.006,6.815,5.271,0.448,6.557,3.602,4.166,0.8415,5.856,5.109,6.688,0.4915,5.883,7.132,5.646,0.8387,9.117,6.53,6.626,0.529,8.679,4.954,4.201,0.4893,8.607,6.763,6.16,0.7958,7.371,4.923,7.334,0.8824,8.102,4.1,6.308,0.6302,6.702,3.643,7.036,0.4615,8.367,6.139,6.21,0.6232,9.973,3.973,5.292,0.6012,5.806,4.741,4.744,0.8024,4.451,3.094,3.575,0.4538,5.833,5.439,7.036,0.9317,5.955,6.828,4.21,0.3961,8.487,6.423,3.605,0.8228,5.746,5.52,4.782,0.535,7.951,4.604,5.579,0.8643,6.683,5.043,3.175,0.8233
HS_09_Tuto_R1,Animal_09,Tutored_Early_24h,24,0.2634,0.4493,0.1433,0.1735,0.1577,0.0761,12.427,9.895,0.1,0.514,9.815,6.508,5.142,0.6686,8.452,10.257,2.331,0.4572,12.75,8.43,4.146,0.3355,12.075,10.557,0.1,0.3305,8.271,10.338,1.486,0.4362,9.647,8.647,4.404,0.4808,8.202,7.804,4.607,0.5119,6.231,9.565,3.856,0.5831,8.806,6.896,6.143,0.6685,8.466,7.108,6.821,0.7093,8.804,7.806,4.634,0.7145,8.305,6.14,5.339,0.5212,6.871,4.67,3.999,0.8742,8.003,6.44,5.364,0.4089,6.852,6.381,5.106,0.6747,9.013,2.77,5.192,0.5994,7.925,7.822,2.14,0.2359,6.181,4.18,3.643,0.3929,7.305,7.961,2.689,0.3413,8.136,5.971,4.65,0.4475,11.096,11.127,3.364,0.6863,8.303,7.093,6.278,0.3596,6.841,4.217,4.67,0.4142,7.465,7.181,3.611,0.6303,6.588,6.502,4.9,0.8854,8.784,6.256,4.924,0.5625,5.125,7.014,4.454,0.6456,4.882,3.94,6.494,0.7586,8.601,4.49,5.805,0.6319,5.761,6.694,6.887,0.6853,5.234,3.723,6.704,0.7966,10.037,4.34,5.178,0.8602,6.728,3.993,6.834,0.7239,5.366,7.588,5.106,0.5689,4.408,5.195,5.539,0.6745,7.498,4.222,4.247,0.5644,9.436,2.706,6.245,0.8331,7.695,2.816,6.402,0.5138,12.65,10.038,1.963,0.5931,6.063,4.611,3.906,0.8577,8.69,7.776,6.681,0.8063,9.145,4.157,7.51,0.7404,8.6,4.822,3.935,0.5075,9.615,9.45,1.022,0.4373,8.141,5.146,5.394,0.7159,9.093,2.928,3.454,0.6567,6.707,8.646,6.407,0.4301,7.897,6.977,6.275,0.4593,9.785,5.127,5.032,0.6084,8.672,11.932,0.241,0.4491,7.746,5.377,7.068,0.8627,8.019,4.369,3.125,0.7599,9.145,2.555,3.997,0.6638,9.754,9.341,2.478,0.5186,9.246,4.592,6.661,0.95,7.02,4.472,3.069,0.5264,7.877,9.44,4.01,0.6151,8.89,5.612,5.663,0.774,7.728,6.647,5.525,0.8886,6.086,5.565,4.079,0.4965,4.812,6.657,2.863,0.569,5.639,4.547,4.509,0.8213,8.213,4.641,4.455,0.757,5.369,6.503,3.428,0.6105,6.714,4.306,5.412,0.5842,4.508,5.557,4.117,0.5579,6.881,2.512,6.359,0.4095,9.478,2.518,6.66,0.98,4.472,4.401,7.663,0.8296,8.683,7.572,3.985,0.6609,11.751,8.551,1.998,0.5672,8.006,6.975,6.577,0.5952,5.82,5.359,3.235,0.7219,5.244,4.27,3.958,0.5483,7.514,5.085,5.112,0.6682,5.584,3.457,6.495,0.3898,5.608,4.711,3.608,0.5933,6.871,3.951,5.762,0.7411,5.873,7.321,4.114,0.7547,6.296,6.307,5.077,0.8171,7.19,5.037,4.816,0.7522,6.144,4.543,5.554,0.4887,5.208,5.393,6.244,0.9313,7.615,5.926,6.548,0.6734,9.358,6.022,4.068,0.6386,10.986,11.266,0.772,0.3892,9.697,9.346,1.149,0.3432,5.475,2.996,5.379,0.4309,6.161,4.769,4.243,0.7021,9.756,5.157,6.399,0.6389,8.154,4.421,4.09,0.5969,5.674,2.599,4.877,0.6203,4.744,6.627,5.335,0.6166,6.996,1.949,4.98,0.7031,9.79,2.969,3.649,0.604,5.65,5.813,7.279,0.7403,8.66,6.131,6.727,0.7565,7.66,2.726,6.055,0.5115,8.102,5.096,5.581,0.5069,7.899,7.441,5.457,0.632,4.588,4.373,7.053,0.9242,9.081,6.481,5.248,0.8961,5.292,5.659,4.613,0.595,7.767,5.174,3.746,0.5282,9.252,3.485,6.336,0.8044,5.757,7.014,3.589,0.4316,7.235,5.929,7.675,0.7129,5.498,6.395,5.031,0.95,6.613,4.026,5.825,0.576,5.871,6.977,3.265,0.7542,10.02,6.169,4.198,0.8224,11.111,4.336,4.091,0.705,6.184,6.443,5.521,0.414,10.57,5.105,6.414,0.5798,9.521,8.168,3.327,0.6376,9.058,6.969,4.646,0.6593,6.348,4.01,3.887,0.7144,7.188,3.781,5.945,0.658,4.293,3.779,4.984,0.6607
HS_10_Tuto_R2,Animal_10,Tutored_Early_24h,24,0.3086,0.4515,0.13,0.1656,0.1768,0.0762,13.247,10.72,0.361,0.0733,9.391,3.377,6.122,0.7197,8.976,11.216,3.51,0.6324,11.869,10.309,2.613,0.5319,10.363,8.542,3.366,0.6937,8.226,8.926,2.621,0.2755,7.128,7.969,5.474,0.753,7.757,8.263,3.124,0.1923,9.107,7.298,3.435,0.3686,10.562,5.872,6.599,0.4911,8.596,5.87,4.224,0.8473,9.381,6.496,6.443,0.9054,8.067,5.581,6.268,0.5574,9.396,5.452,3.965,0.3383,5.144,6.993,6.047,0.5805,5.253,7.173,3.878,0.426,6.795,3.206,4.932,0.8223,8.436,5.926,4.28,0.2283,7.124,7.366,7.06,0.6689,8.345,11.131,3.752,0.3374,8.334,3.086,5.159,0.596,10.381,11.888,2.929,0.1485,7.927,6.622,7.343,0.7967,10.266,6.736,6.239,0.6066,7.978,5.451,7.776,0.6812,7.364,4.718,5.201,0.8585,10.23,6.408,4.223,0.5896,5.339,5.534,5.053,0.6008,5.568,3.73,4.958,0.5698,8.043,5.811,3.486,0.4771,9.032,7.221,4.351,0.6001,4.33,3.218,4.903,0.5861,10.321,7.605,3.627,0.576,6.637,6.081,6.107,0.6295,5.569,5.736,7.089,0.6867,7.562,4.167,4.847,0.6996,6.284,6.666,6.03,0.7076,9.352,7.473,5.346,0.8823,4.905,5.039,5.582,0.95,8.951,7.407,1.944,0.3609,8.217,4.264,4.806,0.7727,5.736,3.773,4.062,0.7303,7.473,6.506,7.199,0.8925,9.864,3.073,2.859,0.8089,11.692,8.844,1.665,0.3479,10.083,5.892,6.586,0.3949,9.316,3.775,7.472,0.8776,7.398,6.456,3.336,0.4332,9.122,4.957,5.635,0.4417,8.57,6.479,4.903,0.6463,8.644,9.11,2.145,0.3507,9.488,7.276,3.948,0.6771,7.261,4.61,5.856,0.3889,9.398,3.471,4.781,0.5047,11.481,9.122,3.009,0.3706,7.561,7.364,7.435,0.6885,10.02,6.886,2.597,0.7267,10.888,11.467,1.455,0.2032,5.274,4.061,7.183,0.4703,5.111,6.333,3.286,0.8032,6.609,5.44,4.84,0.5028,6.008,2.689,5.282,0.95,8.62,4.954,6.834,0.7479,7.694,5.806,6.254,0.8892,8.92,7.081,6.546,0.5192,6.458,4.575,4.064,0.6438,7.857,2.835,6.178,0.5586,10.178,6.481,3.573,0.6086,8.248,5.895,7.7,0.9536,6.919,6.916,4.947,0.7525,10.319,5.658,3.964,0.3343,9.446,11.756,0.692,0.6004,5.711,4.887,3.487,0.414,5.744,3.342,4.225,0.5013,6.01,7.649,7.06,0.7783,7.113,6.692,5.62,0.8947,5.358,4.386,6.415,0.7204,5.317,7.016,6.84,0.5246,5.174,7.243,3.173,0.7619,10.981,4.044,3.988,0.4475,8.997,4.478,4.405,0.7093,9.235,5.744,3.861,0.6073,8.575,7.751,3.26,0.4399,9.141,6.89,6.839,0.6853,4.693,4.669,4.909,0.7074,9.552,5.681,3.816,0.6035,11.844,10.244,0.1,0.5108,12.665,8.934,3.614,0.3324,7.185,4.293,2.544,0.6245,5.162,4.041,2.996,0.4069,5.95,5.324,3.971,0.5218,8.656,6.587,4.91,0.642,8.924,5.063,6.015,0.6867,4.431,3.916,5.738,0.3957,6.637,3.797,5.822,0.95,8.023,3.857,4.389,0.4061,5.627,4.086,6.304,0.9093,8.971,5.642,6.059,0.6358,6.298,4.971,6.762,0.5878,8.001,5.785,7.217,0.4229,10.035,4.146,3.278,0.3842,7.951,4.043,5.712,0.8314,9.786,2.843,5.033,0.5136,7.924,6.881,7.189,0.642,8.849,6.226,3.893,0.4622,7.511,6.453,4.043,0.5413,6.314,5.548,3.907,0.8879,5.821,6.719,5.075,0.8312,6.84,4.966,7.331,0.5855,5.853,4.626,4.258,0.5308,7.258,4.691,7.49,0.7022,5.786,7.262,6.572,0.4912,5.471,4.855,3.92,0.4372,5.812,7.29,5.372,0.7742,6.872,6.323,7.261,0.9432,11.083,8.859,2.389,0.4485,9.259,6.845,5.997,0.8627,5.584,3.273,3.321,0.7692,8.67,4.515,4.485,0.7192,8.632,4.179,7.928,0.6526
HS_11_Tuto_R3,Animal_11,Tutored_Early_24h,24,0.1999,0.4411,0.148,0.174,0.1578,0.0792,9.494,11.723,0.344,0.2132,6.35,4.679,5.212,0.4442,12.225,7.742,0.794,0.3387,11.94,7.557,1.091,0.3815,9.15,10.196,1.224,0.4487,11.772,9.143,4.221,0.6787,6.875,6.086,7.743,0.7314,6.581,9.294,3.341,0.2443,9.135,5.846,5.16,0.5133,9.202,7.115,3.588,0.6856,10.002,5.611,6.158,0.7533,10.032,8.612,5.899,0.7303,8.661,7.937,3.211,0.7355,9.906,4.938,4.442,0.8103,6.494,4.38,4.423,0.7438,10.42,4.612,6.323,0.4774,7.414,5.646,3.457,0.845,6.908,9.326,2.725,0.2282,4.425,5.656,3.103,0.9492,9.415,10.025,1.612,0.6405,9.116,7.408,3.051,0.7571,9.736,9.425,1.884,0.3576,8.774,3.767,6.497,0.7655,8.016,6.194,5.699,0.6088,7.882,7.475,4.579,0.678,8.869,6.456,7.023,0.709,6.156,7.07,3.82,0.7211,5.05,5.883,7.4,0.6064,9.609,4.739,6.497,0.5784,6.132,6.465,3.109,0.7952,6.898,5.602,5.053,0.7664,7.152,4.745,7.507,0.4284,8.157,3.853,5.722,0.6794,6.532,6.288,7.973,0.5391,8.809,3.404,5.95,0.8452,8.297,5.805,6.243,0.48,6.783,5.97,5.971,0.6492,8.597,6.694,3.418,0.5487,6.126,4.78,6.188,0.95,11.343,9.712,0.595,0.3439,7.903,5.129,6.288,0.6193,8.318,6.508,4.64,0.7835,5.159,3.33,7.632,0.8596,5.966,3.956,6.195,0.6764,7.439,6.747,4.434,0.5847,9.908,7.862,5.012,0.4965,8.044,5.297,4.589,0.95,8.436,4.399,6.342,0.4218,9.648,3.286,6.936,0.7163,7.609,4.238,5.764,0.8848,11.432,8.33,1.942,0.4217,5.677,5.57,4.985,0.95,6.921,6.457,4.482,0.8276,9.01,4.866,4.41,0.411,7.828,10.085,2.261,0.5932,4.67,4.326,4.406,0.6788,5.866,6.712,4.025,0.6662,11.404,6.986,4.115,0.2702,6.604,7.104,6.387,0.5346,7.447,6.655,7.202,0.6427,6.052,4.523,3.33,0.575,7.388,4.127,4.926,0.704,8.303,3.11,4.784,0.6966,8.298,7.072,5.037,0.674,9.173,4.901,7.118,0.8968,7.544,4.763,4.561,0.6546,7.743,5.431,3.531,0.5871,9.536,7.386,4.513,0.9151,5.613,3.235,5.237,0.5665,7.694,5.085,7.206,0.6632,7.959,7.497,6.592,0.4258,9.996,9.322,1.575,0.4406,9.119,4.459,7.527,0.8961,7.188,2.92,3.868,0.664,6.414,3.589,5.931,0.6168,6.039,6.565,7.202,0.8651,6.57,3.285,4.752,0.9003,9.378,6.106,4.052,0.6624,8.52,2.504,4.225,0.5972,9.203,7.788,6.056,0.456,5.456,4.359,4.302,0.8855,8.291,3.161,5.913,0.4683,8.536,6.97,6.304,0.642,10.076,5.879,5.895,0.3532,6.444,6.429,6.201,0.7463,5.503,3.53,3.445,0.6161,10.148,7.433,3.363,0.6203,9.044,10.126,1.692,0.4591,8.159,6.294,6.768,0.9372,6.232,4.307,4.257,0.5088,9.707,6.988,5.258,0.4587,5.163,5.836,5.475,0.7242,4.898,6.566,4.254,0.6644,7.64,2.77,7.221,0.8462,6.239,5.41,5.171,0.5897,8.338,3.886,6.707,0.7047,10.085,7.206,4.378,0.812,6.651,6.781,4.047,0.511,7.9,6.337,6.602,0.6703,8.401,2.794,4.074,0.6944,7.735,5.739,7.203,0.6546,6.907,2.126,3.094,0.8548,4.779,7.29,6.533,0.6316,5.358,6.156,6.679,0.7304,8.045,5.072,6.942,0.95,4.928,3.044,4.51,0.5424,7.874,4.571,5.364,0.7896,8.439,4.444,7.096,0.7296,10.178,6.171,5.825,0.832,8.048,6.933,4.585,0.5176,7.108,4.84,6.455,0.6578,7.234,3.455,5.194,0.6744,7.842,6.978,4.697,0.6852,5.71,7.04,3.636,0.7763,7.911,6.58,3.881,0.8518,7.693,10.383,3.561,0.2445,7.865,4.545,4.674,0.9159,6.876,6.9,3.985,0.5535,7.922,7.054,6.233,0.7878,4.863,7.216,6.943,0.8437
HS_12_Tuto_R4,Animal_12,Tutored_Early_24h,24,0.3841,0.4293,0.1629,0.1705,0.1715,0.0659,10.887,9.967,2.223,0.2409,9.153,3.632,5.941,0.7477,7.769,9.566,0.1,0.4382,10.697,10.929,2.172,0.5414,11.276,10.835,0.111,0.2833,8.693,11.484,0.1,0.5768,9.513,6.407,4.48,0.628,11.591,9.657,3.983,0.131,7.646,9.142,2.83,0.1304,7.783,4.463,5.669,0.9721,8.782,5.876,5.236,0.387,7.144,7.633,6.028,0.8876,8.98,5.82,3.78,0.6651,9.466,5.763,4.053,0.5831,9.934,4.412,5.931,0.5611,7.417,5.447,5.243,0.6,7.418,6.034,5.496,0.6171,10.417,9.607,0.945,0.3462,7.995,7.358,4.861,0.732,9.641,9.897,0.647,0.1748,5.951,4.811,6.33,0.6491,9.465,11.496,0.1,0.1495,10.088,4.856,2.954,0.4596,8.415,3.114,4.237,0.5,7.013,6.665,3.215,0.6437,8.446,4.662,6.092,0.8329,5.383,8.068,5.221,0.8833,4.467,6.625,3.784,0.5019,4.913,7.477,6.787,0.5397,6.488,6.548,5.992,0.7119,7.633,6.192,3.22,0.4154,5.012,6.607,4.342,0.9002,5.167,4.742,3.39,0.7616,8.081,4.53,3.865,0.4911,6.552,6.893,7.087,0.7697,6.915,5.801,5.293,0.6479,9.606,7.401,5.387,0.6979,5.027,5.251,5.489,0.6812,4.751,3.666,5.85,0.7167,9.368,8.886,1.5,0.3387,5.854,5.954,3.685,0.4106,6.263,4.555,6.932,0.3871,4.222,3.418,5.503,0.9021,7.415,7.067,3.57,0.3816,10.497,11.855,2.352,0.322,10.214,7.482,4.743,0.5131,10.019,4.483,5.581,0.7694,9.941,4.706,4.992,0.7968,7.26,5.397,4.288,0.6118,6.887,6.001,3.512,0.5776,8.959,8.426,0.44,0.6081,8.286,5.052,5.505,0.5114,4.622,6.061,4.077,0.95,6.581,5.294,7.505,0.4838,11.612,8.103,3.193,0.2438,8.601,4.727,3.96,0.5724,9.482,4.675,3.496,0.4892,8.485,12.094,2.402,0.4933,6.336,6.558,6.822,0.7354,8.735,7.269,5.022,0.69,4.944,4.383,4.633,0.867,7.626,4.113,6.345,0.3781,9.2,5.592,4.77,0.9436,8.735,3.538,7.017,0.5408,9.221,4.551,5.982,0.7358,8.117,5.233,4.769,0.5007,9.698,2.944,6.152,0.9046,10.049,4.806,7.213,0.8095,5.132,5.482,4.511,0.8834,6.828,2.454,6.785,0.3863,8.641,4.16,5.51,0.5006,10.456,10.002,0.1,0.3288,9.564,5.663,7.118,0.5259,7.045,6.588,7.626,0.6391,8.62,4.018,6.459,0.8301,4.564,6.088,7.698,0.8904,7.845,7.203,3.967,0.4856,6.543,2.922,3.372,0.8328,7.858,5.714,4.652,0.7149,9.377,7.819,4.214,0.5502,8.882,4.49,4.948,0.5456,10.399,3.366,6.821,0.5481,7.653,6.712,6.259,0.5615,5.001,5.069,6.488,0.4034,5.394,5.105,7.174,0.9206,8.445,4.851,2.714,0.4527,9.398,11.064,3.646,0.3216,10.463,12.406,0.139,0.2473,7.461,3.678,6.312,0.6721,5.772,2.608,4.249,0.8145,7.71,4.669,2.425,0.6344,6.955,4.832,5.242,0.7378,6.197,3.269,3.753,0.4026,5.225,5.583,5.992,0.4921,8.99,5.628,4.969,0.7584,7.754,3.552,6.111,0.5255,8.381,3.156,5.669,0.8252,7.671,6.91,4.141,0.8292,6.662,3.606,7.036,0.6689,6.083,4.087,5.688,0.4535,8.347,4.896,5.33,0.7294,9.389,3.022,3.602,0.9231,8.116,6.211,6.117,0.4194,4.34,2.008,4.861,0.9289,9.091,2.603,4.562,0.4201,6.606,6.866,4.961,0.3923,5.663,4.945,7.388,0.4762,5.16,6.444,6.623,0.98,6.743,7.207,6.225,0.9148,5.081,5.787,5.496,0.857,8.255,6.776,6.657,0.9322,7.986,6.608,5.755,0.4463,6.258,4.334,3.086,0.4714,8.868,4.776,5.838,0.785,5.717,2.951,6.799,0.7216,12.366,10.133,2.014,0.6187,9.089,4.692,6.818,0.6344,6.472,6.158,6.673,0.6371,7.658,6.005,7.035,0.835,5.322,6.45,4.727,0.5138
HS_13_Tuto_R5,Animal_13,Tutored_Early_24h,24,0.4046,0.4681,0.1427,0.1849,0.1325,0.0717,8.631,10.655,0.652,0.5111,5.024,3.768,3.767,0.508,10.326,8.659,2.753,0.3402,10.7,8.282,1.781,0.2119,10.218,8.149,1.88,0.2962,12.001,7.793,0.966,0.4309,9.538,5.078,5.842,0.4948,10.015,9.096,3.624,0.3652,8.136,8.837,1.498,0.1785,6.352,6.327,5.492,0.8048,6.797,3.666,3.724,0.7041,10.798,7.823,6.603,0.8414,7.52,5.932,5.041,0.4237,6.167,7.587,3.504,0.3777,6.784,6.672,3.007,0.4279,6.595,7.139,4.734,0.593,7.613,4.155,4.932,0.3987,10.851,9.663,2.274,0.2437,7.332,3.294,6.002,0.6537,11.559,11.182,3.519,0.3305,8.293,6.222,5.0,0.8883,11.882,9.489,3.467,0.447,8.197,5.519,6.038,0.702,7.692,4.695,4.478,0.6948,9.782,6.59,5.299,0.7713,8.662,5.217,3.063,0.843,6.823,3.925,5.178,0.4988,6.981,4.536,3.545,0.4059,7.699,3.686,4.926,0.5778,8.034,4.032,5.796,0.5529,8.436,6.776,2.623,0.2153,8.304,3.787,5.51,0.3402,8.616,7.74,3.551,0.4417,7.233,3.36,5.552,0.8849,6.286,3.888,3.597,0.6531,10.166,4.906,5.572,0.8448,6.203,4.765,4.654,0.6983,8.339,4.745,3.202,0.7728,5.895,4.692,5.629,0.95,10.548,12.302,0.235,0.4535,5.486,5.447,6.502,0.8526,7.108,3.988,4.932,0.3927,7.508,6.218,4.764,0.8005,9.232,3.876,2.1,0.3644,9.724,8.815,2.077,0.586,6.172,4.634,3.4,0.3508,9.709,6.009,7.7,0.7314,6.579,4.42,6.698,0.2813,10.854,4.227,3.65,0.7898,8.093,6.77,5.704,0.5706,9.447,9.955,3.548,0.5741,5.381,6.239,4.552,0.4283,8.582,3.086,5.515,0.8099,9.871,2.695,5.733,0.6218,9.154,9.684,0.1,0.3899,8.036,5.009,4.998,0.6704,10.162,4.906,5.16,0.4855,12.348,12.225,3.375,0.3158,5.673,6.263,6.46,0.735,5.054,3.541,5.338,0.5197,6.918,6.981,5.095,0.7639,7.623,4.13,4.939,0.7093,4.977,6.153,7.82,0.5824,5.912,6.678,6.012,0.7251,5.732,6.159,6.42,0.7451,8.317,6.196,6.785,0.7595,4.807,5.759,6.04,0.6726,6.012,2.841,4.576,0.5094,6.997,1.973,6.906,0.5217,5.804,4.069,6.151,0.7476,6.174,8.144,4.552,0.5321,11.732,9.564,2.633,0.4423,9.179,5.36,6.625,0.6481,9.05,2.81,4.448,0.8569,8.097,7.657,5.717,0.6707,6.85,5.726,5.026,0.929,9.67,4.57,3.39,0.8182,6.322,4.797,3.553,0.8697,8.43,7.841,4.287,0.5999,7.912,3.516,3.986,0.5503,9.121,7.62,4.863,0.8222,6.306,3.942,5.393,0.7954,5.668,7.398,3.898,0.6599,7.317,6.513,5.673,0.8044,7.244,5.417,6.786,0.7204,9.261,6.81,4.324,0.8043,12.395,12.073,2.526,0.5826,7.98,9.777,1.623,0.3615,4.762,4.923,3.017,0.6255,4.661,5.399,5.159,0.5531,9.908,3.074,4.086,0.4365,5.866,7.085,5.317,0.5883,6.179,2.81,5.129,0.5649,5.858,6.283,5.71,0.7079,5.864,6.857,4.188,0.7461,8.222,3.728,7.216,0.5199,7.289,4.183,5.882,0.8947,6.055,5.783,5.951,0.8225,4.146,6.494,4.784,0.7442,4.887,3.655,2.708,0.6847,9.038,4.426,3.56,0.5496,6.309,2.934,5.969,0.856,6.558,5.379,5.632,0.8317,6.078,6.99,5.918,0.98,7.119,2.466,5.029,0.4853,8.463,5.508,6.123,0.59,8.253,6.903,3.89,0.4704,4.813,2.815,5.767,0.5404,6.139,5.412,6.618,0.4126,8.412,4.664,6.472,0.697,9.693,3.39,6.028,0.4216,9.194,4.477,5.213,0.6331,7.827,2.93,6.613,0.68,8.771,2.715,3.918,0.3289,6.546,4.468,6.786,0.5382,9.099,11.783,3.086,0.3339,8.786,3.709,2.6,0.5917,9.018,4.45,4.707,0.6494,6.704,3.409,3.537,0.4601,7.242,3.816,5.844,0.6729
HS_14_Tuto_R6,Animal_14,Tutored_Early_24h,24,0.2946,0.4195,0.1614,0.1812,0.1624,0.0755,10.098,12.551,2.034,0.678,6.743,6.876,3.514,0.5459,12.072,10.498,2.286,0.362,7.787,11.31,3.005,0.3313,11.061,8.283,3.595,0.2958,10.731,9.307,0.505,0.3667,9.169,5.101,5.378,0.5441,6.581,5.826,4.303,0.547,10.399,5.629,1.41,0.2674,7.149,6.289,5.532,0.5979,7.041,6.846,4.071,0.5391,8.99,4.523,7.444,0.5835,7.881,5.397,4.863,0.3021,9.561,5.433,3.456,0.7058,7.112,4.293,2.684,0.4113,6.29,6.887,4.971,0.7799,9.081,5.982,6.416,0.4118,8.854,5.549,3.483,0.1243,6.81,6.061,5.353,0.4331,12.363,9.775,0.53,0.346,8.26,5.623,5.584,0.95,10.835,9.316,0.475,0.2093,4.961,4.75,5.766,0.7711,6.624,7.16,3.318,0.3931,6.056,4.519,6.661,0.5691,9.197,6.13,4.924,0.8376,7.303,3.889,3.392,0.6621,9.159,4.015,4.695,0.7639,9.33,3.704,5.832,0.4272,8.501,4.599,2.472,0.5079,8.174,6.906,2.557,0.6259,9.237,5.71,4.631,0.5676,8.284,4.048,6.569,0.3455,3.54,7.071,6.963,0.6371,7.773,5.559,2.422,0.5353,9.163,5.438,3.937,0.4573,7.731,4.007,6.628,0.4578,8.983,7.549,3.945,0.8601,8.895,4.354,5.298,0.5546,9.732,11.763,4.299,0.2743,5.195,4.906,5.597,0.5993,8.767,3.701,4.662,0.5921,7.274,6.207,4.943,0.8548,9.205,4.087,6.636,0.5195,8.254,11.475,0.28,0.3577,5.608,6.73,5.799,0.6537,6.473,6.262,5.704,0.6371,8.732,5.759,3.505,0.4997,7.076,6.304,5.781,0.5405,5.369,7.312,4.843,0.4585,11.203,11.051,3.742,0.2538,9.042,3.034,4.765,0.8009,9.814,5.785,4.331,0.8535,5.721,4.22,5.43,0.8099,10.995,8.852,0.376,0.5751,9.73,5.231,6.987,0.8781,9.587,5.687,4.509,0.5721,11.208,9.702,0.625,0.454,9.547,3.371,5.086,0.5971,7.314,5.838,6.889,0.8899,6.022,2.598,6.285,0.6879,4.823,2.457,2.395,0.5103,8.85,5.311,5.514,0.98,8.12,6.053,6.081,0.4706,8.789,4.444,7.029,0.8254,6.049,7.068,5.508,0.7961,7.247,2.275,3.934,0.607,6.847,5.37,7.09,0.4761,6.55,4.425,6.963,0.6041,6.949,4.316,6.627,0.5735,9.799,4.212,6.765,0.6657,8.946,11.354,2.798,0.6763,6.731,5.497,6.542,0.2787,6.338,2.893,3.906,0.8996,6.148,7.121,6.649,0.54,7.152,5.83,6.688,0.5523,8.945,3.842,4.217,0.6088,6.952,5.894,5.993,0.4348,5.797,2.716,3.631,0.4934,8.434,3.31,3.946,0.5064,9.773,4.849,6.796,0.7176,5.809,4.647,6.881,0.8702,9.702,5.898,6.078,0.8052,5.797,3.549,6.202,0.7811,8.494,3.463,5.783,0.8008,6.236,5.868,7.083,0.6177,8.761,7.696,2.657,0.3487,10.365,9.248,2.628,0.4889,7.745,3.547,6.059,0.6779,7.543,4.934,5.877,0.3917,7.201,5.848,4.913,0.5474,8.364,4.649,4.38,0.9369,9.873,4.278,3.866,0.7398,6.829,6.639,7.407,0.5562,8.69,4.467,5.559,0.5523,4.492,6.777,2.829,0.5245,5.988,6.09,4.823,0.6917,5.209,3.461,5.99,0.4774,8.0,4.155,5.53,0.865,7.737,6.597,6.056,0.8419,6.367,4.647,3.936,0.7637,6.057,5.192,5.799,0.8795,7.992,7.35,3.228,0.8227,7.904,5.554,5.991,0.5379,8.45,5.943,7.34,0.7804,6.957,6.149,6.659,0.6712,5.264,4.814,4.314,0.4713,5.002,4.781,3.298,0.8099,6.069,6.611,3.454,0.5193,5.686,5.07,5.892,0.796,5.708,3.379,6.02,0.8563,7.437,5.895,3.518,0.8862,8.908,3.084,5.206,0.7694,10.195,4.969,6.023,0.9086,6.645,7.62,6.796,0.496,7.912,9.023,2.917,0.6036,5.093,3.954,4.583,0.7521,7.621,3.984,5.254,0.8484,8.289,3.124,4.048,0.6219,7.796,4.394,4.549,0.8975
HS_15_Tuto_R7,Animal_15,Tutored_Early_24h,24,0.3169,0.4468,0.1297,0.1693,0.1751,0.0791,12.723,9.8,2.208,0.1314,5.834,3.413,5.681,0.3432,12.724,7.919,2.208,0.4766,11.491,8.422,0.1,0.482,10.65,11.326,2.155,0.6919,8.666,7.658,2.212,0.4186,9.32,4.388,4.609,0.8667,10.108,9.079,3.928,0.1491,8.002,10.094,2.586,0.2531,7.57,6.084,5.309,0.5263,7.662,7.111,3.753,0.8029,10.293,8.447,4.997,0.7014,7.087,6.742,6.536,0.8001,8.926,4.028,3.305,0.6337,8.575,3.401,4.065,0.4474,8.955,5.729,6.564,0.4881,10.408,7.278,2.972,0.3812,10.386,8.723,2.475,0.3262,9.293,3.605,6.725,0.873,11.111,8.786,0.694,0.6913,5.155,5.019,3.378,0.5535,9.313,11.17,0.474,0.68,6.767,5.014,7.253,0.8312,8.653,6.516,2.894,0.6621,7.773,3.881,7.265,0.942,8.226,3.987,3.005,0.9109,9.88,2.564,6.025,0.8598,5.52,4.145,5.463,0.3381,9.706,3.958,6.276,0.6611,8.992,6.068,3.429,0.5211,4.699,3.831,3.101,0.6063,10.442,5.633,6.245,0.626,8.378,4.235,5.355,0.6015,9.367,3.995,3.016,0.5947,6.371,3.578,3.145,0.6803,9.134,4.315,6.68,0.5373,5.923,4.664,4.475,0.7897,9.049,5.629,6.718,0.6874,6.62,3.712,7.067,0.5677,11.468,10.362,0.227,0.4851,8.928,5.368,5.936,0.5746,8.875,3.253,7.633,0.8258,4.158,4.526,7.102,0.6846,6.3,3.937,4.456,0.8201,10.377,9.225,2.624,0.2106,7.695,7.157,5.522,0.5381,7.994,4.895,5.074,0.4927,9.524,6.451,3.403,0.485,5.785,3.721,3.805,0.7562,5.7,6.472,5.902,0.3304,10.092,8.471,1.735,0.2049,6.976,5.611,3.591,0.5764,9.764,4.188,6.844,0.5363,5.332,4.251,6.255,0.6126,8.85,10.83,0.789,0.1805,6.19,3.873,3.954,0.3449,8.156,8.715,5.062,0.5529,9.787,9.808,2.222,0.5046,8.611,2.693,4.958,0.6962,6.001,4.589,3.247,0.7872,5.516,5.702,3.245,0.6989,5.644,2.925,4.503,0.8295,5.768,4.536,6.906,0.7571,6.5,5.438,3.33,0.9387,7.773,4.76,6.434,0.5584,7.058,5.317,2.376,0.6518,5.867,5.272,5.206,0.98,6.567,3.474,7.046,0.95,8.262,5.757,6.923,0.98,7.245,5.966,5.363,0.6138,7.232,5.301,3.096,0.5332,8.288,8.799,1.72,0.3955,6.697,2.483,3.833,0.6057,7.76,2.925,5.237,0.6168,5.721,8.977,4.308,0.8311,4.774,4.945,7.302,0.6685,7.217,3.137,3.994,0.862,8.455,4.298,4.445,0.7679,9.635,3.68,6.437,0.7363,7.6,6.777,5.702,0.7003,9.274,4.574,5.507,0.7574,6.394,4.8,5.887,0.9084,5.525,4.585,5.426,0.95,5.379,3.349,3.487,0.5252,7.236,4.439,6.579,0.4752,5.997,4.498,6.836,0.7397,9.905,9.095,3.051,0.2784,7.815,9.889,3.399,0.7245,6.281,6.674,6.938,0.7657,9.139,3.908,4.177,0.4591,9.038,6.512,3.275,0.6854,7.515,4.588,4.162,0.6532,6.598,3.715,4.911,0.8067,5.631,3.424,4.548,0.3305,5.526,7.082,5.15,0.8163,8.94,2.237,3.817,0.891,7.941,6.728,4.52,0.3651,9.607,6.075,5.778,0.95,9.183,5.296,7.728,0.6964,6.557,6.169,4.107,0.4304,5.735,6.28,4.321,0.4922,4.647,7.221,7.323,0.7176,6.245,4.883,7.511,0.5375,6.804,6.443,6.594,0.903,10.5,5.527,5.069,0.3742,8.449,4.696,5.329,0.7349,9.758,6.714,4.329,0.337,4.571,2.877,7.659,0.7114,8.32,5.555,6.224,0.8996,6.452,3.622,6.954,0.4139,7.813,6.82,4.272,0.7373,6.84,4.912,3.609,0.7578,4.568,5.981,6.86,0.5444,5.086,5.126,4.363,0.7848,6.294,4.896,5.937,0.6306,8.6,9.458,0.1,0.6265,6.935,4.521,4.322,0.5856,6.4,3.613,4.045,0.6759,8.339,5.819,4.402,0.9494,8.604,5.84,6.993,0.8731
HS_16_Tuto_R8,Animal_16,Tutored_Early_24h,24,0.4342,0.4679,0.1351,0.1723,0.1599,0.0648,11.029,11.037,2.321,0.5346,6.131,4.221,3.928,0.7539,7.609,8.114,2.516,0.6367,11.05,9.079,1.446,0.6182,7.093,9.593,0.1,0.4144,8.689,7.867,1.405,0.6434,10.647,7.501,6.263,0.7875,11.352,7.443,2.609,0.3076,7.456,7.003,3.865,0.2661,7.076,7.553,7.219,0.7302,8.558,4.1,5.582,0.5379,10.021,5.322,6.651,0.92,10.306,3.845,4.758,0.6143,8.538,2.909,4.63,0.6056,7.512,6.868,4.9,0.539,9.681,5.789,4.714,0.4375,6.307,5.799,4.386,0.264,10.271,10.36,5.022,0.02,8.235,6.682,5.819,0.8566,8.385,11.57,3.824,0.4409,7.649,4.579,5.75,0.5048,11.379,9.297,3.158,0.4698,8.053,5.129,4.9,0.4744,8.093,6.874,6.352,0.7285,9.685,6.888,3.431,0.7745,9.283,4.56,5.844,0.6459,6.563,4.849,5.518,0.7988,5.648,4.343,6.975,0.5531,9.92,4.785,5.845,0.6416,8.41,5.184,4.791,0.5691,8.523,6.317,2.869,0.4479,9.754,6.793,4.997,0.7012,9.769,5.013,3.291,0.4146,7.469,4.349,4.097,0.95,5.833,3.778,4.406,0.617,7.271,3.245,5.597,0.7056,6.199,3.343,4.735,0.9449,8.237,6.012,5.033,0.8432,10.143,2.177,5.492,0.5583,8.698,10.112,1.634,0.5592,9.507,5.226,4.744,0.8395,8.781,6.498,5.51,0.703,6.869,5.79,6.913,0.6631,7.429,6.586,2.792,0.6727,7.701,11.646,1.675,0.4523,7.376,5.68,3.95,0.791,8.228,5.815,6.264,0.8408,7.305,7.469,2.76,0.7216,7.92,3.362,6.596,0.95,7.122,2.475,5.494,0.8028,10.1,10.558,2.443,0.4303,9.243,6.694,4.412,0.602,6.981,6.131,6.539,0.8329,6.65,4.931,7.006,0.6573,11.655,10.141,3.501,0.6518,6.199,5.48,3.79,0.7198,10.89,5.337,2.897,0.7643,9.254,7.789,4.209,0.5519,9.696,7.361,7.416,0.7812,6.661,3.807,6.661,0.7909,5.828,5.089,5.696,0.6546,10.113,3.594,3.569,0.7103,8.323,2.078,4.573,0.5499,9.217,6.173,5.254,0.5027,5.898,5.605,5.492,0.9152,6.42,6.122,2.744,0.5738,4.974,5.701,5.943,0.6256,5.606,5.096,3.838,0.5497,5.303,5.565,7.129,0.9633,7.878,4.369,5.686,0.6262,7.171,6.031,4.337,0.5119,9.207,11.236,1.5,0.2161,9.157,4.828,5.741,0.7618,8.814,5.048,5.543,0.852,9.992,3.835,5.212,0.3523,7.21,6.201,6.531,0.98,4.874,4.896,5.023,0.95,5.205,5.319,3.292,0.6964,6.273,6.317,6.185,0.8308,9.478,5.355,5.587,0.4333,7.606,3.754,5.156,0.6507,6.466,5.811,6.656,0.8052,5.688,3.943,6.082,0.6029,8.193,4.708,4.576,0.5735,7.585,2.243,7.201,0.8493,9.458,3.329,4.78,0.615,11.124,8.632,3.702,0.4662,9.415,11.376,2.491,0.1404,5.429,6.068,4.492,0.6321,6.611,3.944,5.433,0.5612,8.213,7.277,4.937,0.715,7.811,3.788,4.113,0.7259,7.813,4.153,3.376,0.5455,6.524,5.723,4.974,0.4341,7.511,5.636,3.532,0.6543,9.464,5.286,5.829,0.644,5.487,4.979,2.947,0.8028,7.355,5.646,6.187,0.5125,9.192,2.468,6.951,0.4873,5.216,3.313,5.651,0.4983,9.331,7.216,4.465,0.5836,5.015,5.704,7.598,0.942,7.904,6.889,5.204,0.491,8.387,5.613,4.579,0.6797,7.446,3.986,6.774,0.688,9.838,4.129,5.144,0.4587,5.013,6.28,4.734,0.5456,7.262,5.449,4.821,0.8348,5.847,5.03,4.768,0.7928,10.169,5.135,4.946,0.6181,8.617,7.1,3.099,0.829,8.461,4.079,4.413,0.4916,8.09,4.242,4.711,0.5664,4.201,6.081,5.445,0.6824,6.483,2.861,3.623,0.8641,9.986,7.473,0.59,0.4454,10.134,2.827,6.569,0.8156,6.44,6.744,5.124,0.7656,8.233,6.358,3.577,0.6529,8.333,2.952,4.416,0.9167
HS_17_Tuto_R1,Animal_17,Tutored_Subchronic_7d,168,0.6618,0.4808,0.1347,0.1635,0.1545,0.0664,8.214,6.217,2.281,0.3772,10.214,5.418,3.513,0.5947,6.245,4.963,5.253,0.6922,9.678,7.146,5.195,0.4446,10.519,7.558,2.934,0.6682,9.292,5.965,4.692,0.6064,8.478,6.705,4.027,0.9555,7.206,8.044,2.569,0.3798,9.303,8.529,4.614,0.4264,10.421,5.697,4.415,0.715,5.648,5.712,3.931,0.501,7.74,5.606,6.102,0.5446,11.482,4.516,5.217,0.3903,6.958,8.656,4.635,0.617,10.667,7.853,2.566,0.1846,6.678,4.456,5.496,0.2835,7.851,4.439,3.587,0.5006,10.383,6.349,1.718,0.1252,8.963,6.324,6.568,0.7778,7.694,8.324,4.049,0.5763,8.024,2.576,4.054,0.6097,9.401,8.43,4.893,0.7305,5.445,2.555,3.791,0.4984,7.912,8.55,2.98,0.6515,7.529,7.789,5.292,0.7131,7.201,3.973,4.801,0.5582,7.229,5.827,4.807,0.4944,6.529,2.641,3.818,0.5276,4.759,5.393,4.109,0.5418,9.264,5.334,4.601,0.6084,7.907,7.518,6.348,0.5084,9.823,6.15,4.705,0.6798,9.161,3.318,3.575,0.2668,6.073,6.444,3.863,0.8312,7.284,3.302,4.284,0.6005,5.63,5.698,6.377,0.4965,6.448,7.678,3.534,0.4055,5.998,4.252,6.957,0.8121,6.712,5.99,4.495,0.7757,7.391,5.775,5.06,0.7398,7.593,5.132,6.575,0.8845,8.282,6.231,3.888,0.4128,4.686,4.691,6.505,0.94,9.371,7.297,3.567,0.6098,5.694,5.421,3.49,0.6455,7.583,8.407,5.657,0.6624,9.298,5.623,5.084,0.488,7.239,7.043,1.932,0.5587,5.265,6.148,4.547,0.3042,9.007,5.973,6.352,0.5872,9.726,5.58,3.156,0.6511,6.99,3.546,6.752,0.8017,7.498,5.64,6.284,0.7155,7.802,5.784,4.445,0.4888,6.649,9.093,5.904,0.6078,6.723,4.054,4.617,0.4718,9.773,4.092,4.882,0.5975,10.72,5.02,3.202,0.7,8.131,6.184,6.205,0.7974,6.602,4.047,6.675,0.8109,7.848,7.095,6.641,0.8274,4.8,4.641,6.005,0.3902,7.527,2.347,5.299,0.98,7.726,6.359,5.195,0.4101,7.028,4.073,4.851,0.6002,7.874,4.309,5.727,0.8693,6.217,2.365,6.134,0.7099,5.782,4.519,7.446,0.5608,6.945,3.315,5.166,0.8295,9.227,6.301,3.521,0.6083,7.982,5.47,3.301,0.5191,7.89,3.948,2.451,0.7485,6.846,6.736,6.145,0.4336,5.019,4.095,5.362,0.6594,10.853,5.467,4.663,0.4041,3.685,1.844,5.212,0.7774,8.63,3.915,4.561,0.6007,8.7,6.065,5.542,0.4409,10.083,4.327,3.168,0.636,9.966,8.361,2.985,0.7301,6.123,6.757,3.846,0.7409,8.489,5.079,4.091,0.5704,8.871,5.712,6.203,0.5158,4.953,6.541,5.173,0.757,4.225,4.342,7.78,0.7765,6.515,3.627,5.23,0.463,6.453,7.697,5.291,0.4137,8.902,6.663,5.643,0.848,8.308,3.249,5.677,0.596,9.825,6.375,5.817,0.533,11.173,7.065,2.773,0.4098,7.509,6.935,7.414,0.5403,8.669,5.467,3.939,0.8125,6.777,6.784,4.157,0.3768,6.343,5.155,2.906,0.8232,7.209,3.028,5.073,0.95,8.604,6.676,7.117,0.7469,8.843,5.45,6.405,0.7504,9.51,5.11,4.286,0.6797,5.053,3.063,3.77,0.3985,6.693,4.048,5.606,0.6642,4.167,5.031,4.742,0.7914,8.003,5.561,5.579,0.4874,4.329,0.985,4.788,0.98,4.971,3.611,5.322,0.95,7.922,3.682,2.609,0.6751,7.803,3.447,4.935,0.8483,7.105,2.179,6.633,0.7685,9.957,2.817,7.483,0.7017,5.282,4.06,5.752,0.8561,5.918,6.093,5.507,0.7961,10.804,5.658,3.455,0.3678,8.288,6.099,4.146,0.9096,6.33,6.328,2.724,0.4784,8.227,5.545,4.403,0.6294,6.892,6.906,4.75,0.7033,6.769,4.22,4.169,0.3926,6.502,6.206,3.673,0.6489,4.397,2.782,6.029,0.7016,8.684,3.154,6.588,0.818
HS_18_Tuto_R2,Animal_18,Tutored_Subchronic_7d,168,0.7721,0.4764,0.1404,0.1665,0.1655,0.0512,9.287,5.918,5.71,0.8672,7.609,6.373,3.228,0.2908,7.215,6.633,2.445,0.4448,7.693,5.611,5.026,0.5209,9.176,6.91,4.937,0.723,6.058,5.209,3.514,0.8463,10.145,3.766,5.112,0.6018,6.806,4.808,4.191,0.403,9.795,7.174,2.297,0.6059,8.644,7.556,6.953,0.98,7.549,3.919,5.304,0.7211,8.604,5.495,4.478,0.6282,11.177,8.099,4.088,0.5175,8.235,7.155,5.223,0.2327,9.219,6.318,2.72,0.2586,8.727,7.571,3.304,0.2857,9.639,8.033,2.054,0.3114,8.427,7.622,2.379,0.4941,8.747,6.083,6.15,0.461,5.766,3.145,4.284,0.4612,5.88,5.49,5.88,0.7227,5.562,5.686,4.519,0.7943,4.499,4.749,4.17,0.6821,10.847,7.13,1.866,0.184,9.58,4.298,7.302,0.3638,9.345,5.575,4.193,0.8299,9.707,3.743,6.334,0.6484,7.206,5.418,4.108,0.7802,6.562,5.079,5.378,0.5765,8.169,7.341,3.203,0.2726,11.538,6.64,2.043,0.5209,6.164,3.938,6.416,0.6881,10.771,5.959,3.429,0.525,9.672,6.869,4.579,0.95,9.659,5.751,4.351,0.6975,8.305,4.54,6.465,0.4452,8.567,3.513,5.352,0.6807,6.944,6.185,4.538,0.813,8.889,5.277,3.95,0.4008,6.857,7.516,3.428,0.8101,7.433,6.153,4.162,0.7321,6.785,3.998,5.305,0.3643,4.304,4.146,7.342,0.7462,7.289,9.202,3.057,0.4536,6.705,4.668,6.154,0.5437,6.928,7.631,3.839,0.2587,6.508,5.995,7.43,0.95,9.612,4.867,3.296,0.4411,8.825,5.721,6.813,0.8244,7.256,3.115,5.367,0.8598,8.628,7.617,3.873,0.8553,8.041,6.593,4.716,0.7479,6.481,8.096,3.696,0.3995,7.44,5.918,6.606,0.706,9.006,3.143,5.006,0.3687,5.89,6.388,7.083,0.4536,8.012,7.159,4.055,0.3678,7.562,6.076,4.098,0.8262,5.725,4.918,6.862,0.5806,9.081,3.309,5.418,0.5378,6.988,6.411,5.982,0.8252,8.07,4.631,3.93,0.4271,5.905,4.808,6.943,0.6604,9.521,6.77,3.777,0.4288,9.851,4.909,4.809,0.5853,9.007,6.153,3.915,0.7503,4.763,6.254,7.581,0.6694,8.569,6.451,3.903,0.4539,9.036,6.795,7.432,0.98,8.754,4.12,4.538,0.5764,10.727,5.729,4.836,0.342,9.858,6.789,3.708,0.7615,6.622,6.32,4.278,0.7154,5.227,4.709,4.618,0.3599,7.57,6.586,5.562,0.6456,4.93,6.034,4.71,0.9494,9.485,5.266,3.529,0.86,10.186,2.715,5.903,0.8661,4.841,3.936,6.232,0.6416,8.185,6.109,4.907,0.4964,7.274,3.029,7.121,0.6585,5.841,5.404,3.794,0.4396,3.675,7.214,6.041,0.8164,5.316,4.706,6.386,0.4029,6.428,5.191,5.95,0.98,7.564,6.623,4.103,0.5373,5.455,7.696,4.391,0.7653,6.461,3.488,3.472,0.7785,9.181,4.217,3.832,0.4479,8.318,6.912,4.455,0.479,10.381,6.293,3.298,0.1728,7.634,5.626,3.782,0.6364,5.281,6.746,6.298,0.6535,9.662,5.567,6.056,0.4121,7.858,5.393,4.765,0.5299,7.848,2.996,5.754,0.4838,5.411,6.904,3.491,0.6763,7.589,6.106,5.48,0.8799,5.849,6.136,5.496,0.8793,7.99,4.517,2.726,0.5479,9.036,4.136,6.695,0.7932,2.883,3.81,7.593,0.8562,5.84,3.509,5.427,0.5348,6.776,5.292,7.936,0.98,8.205,3.1,7.181,0.4604,7.469,4.613,2.554,0.1704,9.784,2.864,5.215,0.745,8.105,4.425,4.625,0.7849,7.445,2.805,7.096,0.396,8.026,5.98,6.295,0.9325,10.207,3.975,4.864,0.385,10.187,5.368,3.251,0.3957,7.587,4.958,6.67,0.7447,9.603,5.021,3.966,0.5217,6.8,5.39,3.995,0.7482,9.851,6.483,6.428,0.4852,9.435,6.403,3.991,0.6954,5.009,5.661,6.34,0.6373,7.496,5.082,5.134,0.5856,5.134,3.574,8.401,0.9436
HS_19_Tuto_R3,Animal_19,Tutored_Subchronic_7d,168,0.7846,0.4887,0.1169,0.1797,0.1441,0.0706,9.71,4.196,3.543,0.5926,6.488,7.912,4.73,0.3771,9.035,4.046,6.431,0.6228,8.04,5.977,4.853,0.6079,7.102,3.358,4.217,0.4686,9.185,6.054,4.72,0.7448,10.368,5.573,5.676,0.792,8.635,4.842,4.399,0.1481,7.669,8.754,2.711,0.5213,7.024,6.219,7.89,0.8561,6.43,5.993,6.517,0.95,9.441,6.878,6.44,0.98,9.898,6.492,3.091,0.4263,10.012,4.999,4.614,0.2969,9.512,7.442,5.306,0.5332,10.503,7.781,3.368,0.4526,8.91,5.253,4.067,0.7072,7.435,7.084,3.035,0.6267,8.189,5.512,6.183,0.95,5.193,6.206,5.638,0.423,8.368,6.637,4.053,0.6206,7.518,5.642,5.593,0.6821,8.392,5.701,5.065,0.8838,11.329,5.897,2.52,0.4255,5.726,5.952,6.786,0.7023,7.058,6.302,4.155,0.9031,9.858,3.966,4.604,0.8146,7.285,3.314,6.569,0.5224,5.888,6.887,5.991,0.6235,8.835,4.26,2.335,0.4791,10.456,6.252,1.982,0.4767,5.997,3.552,4.216,0.5732,8.232,4.837,4.862,0.2676,7.596,2.851,6.58,0.8338,8.575,2.364,7.008,0.6641,6.25,5.633,5.625,0.9079,5.925,3.472,5.844,0.6015,7.665,4.928,4.486,0.4423,7.692,4.085,3.909,0.5938,8.501,5.569,3.636,0.6346,5.137,4.095,6.384,0.7807,5.575,6.386,3.73,0.6484,4.932,4.35,5.688,0.8257,8.309,8.574,3.416,0.5711,9.364,3.648,6.436,0.7354,10.513,7.505,5.483,0.275,5.425,3.174,6.696,0.9011,9.883,5.717,2.378,0.301,6.248,4.188,5.569,0.6736,6.747,5.006,6.843,0.9063,9.764,6.26,4.199,0.7508,8.174,5.226,5.654,0.686,8.291,3.866,4.788,0.7083,5.272,3.338,6.53,0.4416,8.449,7.347,5.675,0.8847,9.501,2.355,4.167,0.5559,7.079,4.484,5.251,0.4621,6.437,5.478,5.524,0.8003,8.074,6.028,6.953,0.5784,9.812,6.367,5.896,0.537,6.393,3.735,4.05,0.8147,9.0,6.66,2.485,0.6077,6.071,4.53,5.078,0.7915,6.656,4.901,5.631,0.6446,9.032,4.1,3.706,0.7733,8.436,4.652,6.492,0.6859,7.952,1.697,5.476,0.98,7.569,4.557,4.47,0.7456,8.338,3.592,7.903,0.9099,5.935,7.145,4.574,0.6338,10.076,5.335,5.51,0.1851,7.392,4.363,6.127,0.9315,6.637,5.744,5.267,0.4051,7.661,6.7,2.642,0.5387,8.024,6.52,3.599,0.438,7.063,2.212,9.049,0.6209,7.327,4.499,3.305,0.6541,7.681,4.157,3.828,0.8038,7.907,6.788,6.566,0.8286,10.181,4.604,4.439,0.3217,6.039,6.38,6.204,0.4929,7.135,7.439,5.579,0.6933,9.246,3.758,5.155,0.4825,6.134,3.366,4.428,0.5647,8.198,4.335,6.514,0.98,6.426,4.001,6.068,0.7409,8.486,6.282,4.612,0.7516,8.589,4.097,5.501,0.6123,5.08,5.262,4.739,0.6174,7.959,2.74,4.547,0.8644,7.254,9.22,2.899,0.3339,4.811,6.16,6.177,0.8377,6.797,7.154,3.665,0.6613,5.809,3.368,3.053,0.8736,6.087,6.051,5.019,0.5178,7.953,6.555,6.962,0.6619,7.901,4.103,4.529,0.699,5.234,4.814,4.133,0.6444,4.966,7.221,4.068,0.6532,6.605,6.59,7.119,0.5402,5.907,4.891,3.425,0.4875,3.415,1.938,4.794,0.7308,6.958,6.218,5.138,0.5565,3.781,4.84,8.931,0.8843,7.604,3.655,3.521,0.6586,9.327,5.461,2.508,0.4358,6.404,4.352,3.525,0.3891,6.885,3.663,5.528,0.7944,7.092,6.72,7.19,0.769,8.743,7.536,4.554,0.5447,4.649,6.72,6.459,0.5766,8.232,7.568,4.319,0.3424,7.855,4.061,4.95,0.7965,7.045,4.148,5.434,0.9298,7.745,4.4,5.807,0.7303,6.799,4.292,3.704,0.7846,7.88,3.096,2.813,0.3942,9.391,5.124,6.97,0.4703,9.286,2.772,4.086,0.6193,2.697,4.521,8.496,0.7495
HS_20_Tuto_R4,Animal_20,Tutored_Subchronic_7d,168,0.6116,0.4714,0.1262,0.1647,0.174,0.0637,9.025,6.118,5.031,0.4024,6.023,4.401,3.327,0.6056,6.363,8.34,3.308,0.31,8.19,8.32,2.256,0.7188,9.843,8.174,4.385,0.5452,8.033,8.089,4.343,0.5739,6.76,5.641,7.615,0.8654,8.231,8.722,5.115,0.3415,12.204,10.029,1.907,0.0623,8.036,4.837,4.463,0.5686,7.71,5.692,6.54,0.7418,7.578,7.817,6.612,0.7719,10.751,4.441,3.933,0.2306,9.587,7.258,3.877,0.2212,8.375,5.662,3.754,0.6749,8.945,7.503,4.968,0.6786,9.842,7.598,4.958,0.6722,8.048,10.194,4.427,0.1086,7.834,6.481,4.268,0.6955,7.115,8.018,5.494,0.7649,6.586,2.306,3.433,0.538,8.215,7.288,4.007,0.4885,8.625,6.97,5.463,0.6968,7.399,6.094,2.484,0.6939,7.01,6.878,6.592,0.7063,8.724,2.802,6.374,0.3843,9.806,6.652,3.542,0.6021,5.572,5.043,4.713,0.9122,5.989,5.271,6.37,0.7761,10.871,7.804,4.789,0.2151,10.728,6.827,5.085,0.2698,8.613,2.952,4.901,0.638,7.321,8.161,3.769,0.4601,8.001,6.014,7.089,0.8225,8.854,2.907,5.131,0.9099,5.035,7.478,7.295,0.8533,9.418,5.465,7.007,0.7886,5.369,4.233,4.635,0.6052,9.458,6.592,2.431,0.4344,6.658,7.983,2.094,0.8025,10.123,6.538,6.523,0.7338,9.27,3.89,6.501,0.8878,6.421,3.65,6.814,0.5653,9.777,7.382,4.29,0.2335,8.046,5.068,2.432,0.3624,8.482,6.15,3.101,0.3571,10.045,2.588,4.882,0.4981,7.534,4.495,5.213,0.6649,9.258,5.539,5.921,0.5555,7.19,3.523,5.785,0.8771,9.868,7.634,5.471,0.415,5.193,6.118,6.577,0.5344,3.975,5.756,4.665,0.5011,4.017,7.162,5.314,0.7119,8.32,9.4,5.498,0.4038,9.27,4.427,2.888,0.5659,8.607,8.63,3.872,0.3065,9.401,9.198,3.191,0.5662,7.989,6.325,5.468,0.4176,4.821,3.589,6.504,0.6375,6.631,4.591,3.887,0.7059,5.491,2.371,3.88,0.4512,5.916,2.792,6.436,0.98,5.075,3.864,4.627,0.7994,8.579,5.637,4.143,0.4837,8.302,3.204,4.468,0.5633,7.883,1.958,7.015,0.7558,7.711,5.392,5.102,0.6439,3.897,4.825,6.512,0.6421,8.228,4.517,4.754,0.9386,7.748,6.929,5.536,0.2837,9.982,6.871,4.081,0.5202,5.78,4.711,3.301,0.4194,5.2,6.189,4.837,0.7062,6.085,5.013,5.161,0.2486,4.185,2.24,6.814,0.7117,8.316,3.778,4.957,0.6942,5.895,4.308,6.219,0.7277,8.303,6.937,6.141,0.4742,6.771,7.449,3.581,0.609,5.871,6.141,4.178,0.4559,7.357,5.607,5.04,0.4376,8.914,6.925,4.269,0.7153,6.077,4.476,4.199,0.8685,5.516,4.299,5.85,0.9227,6.239,5.463,3.663,0.4514,9.805,8.471,5.0,0.6347,7.95,5.477,2.28,0.7751,4.125,5.801,4.728,0.849,5.879,4.041,3.946,0.6025,9.127,6.524,4.974,0.4091,5.946,4.009,6.796,0.5474,5.862,5.658,4.604,0.7259,5.628,5.456,7.395,0.6884,5.846,5.434,6.086,0.3882,8.989,4.791,5.686,0.8223,7.649,3.777,7.925,0.7931,5.518,6.806,6.534,0.5581,9.424,3.233,4.224,0.95,7.687,4.349,6.157,0.5746,9.715,4.534,6.567,0.8215,8.137,6.651,7.404,0.7315,8.364,3.732,6.708,0.776,8.976,3.32,6.587,0.6663,6.166,3.138,4.283,0.531,7.93,4.023,4.051,0.4203,6.272,4.323,4.242,0.8274,7.55,2.652,6.086,0.7715,4.002,5.991,7.079,0.7928,9.252,4.261,3.611,0.7912,6.949,3.798,2.877,0.8347,11.999,7.415,4.418,0.6049,8.757,6.264,5.267,0.8096,9.447,6.278,6.685,0.8037,8.728,4.259,3.573,0.7873,10.09,4.775,4.715,0.6101,7.244,7.139,6.019,0.6459,5.225,7.363,5.764,0.8239,6.045,3.921,5.409,0.713,5.543,5.225,8.757,0.7872
HS_21_Tuto_R5,Animal_21,Tutored_Subchronic_7d,168,0.6786,0.4559,0.1492,0.1748,0.149,0.071,8.213,9.241,5.887,0.8127,9.029,7.179,3.683,0.4935,6.971,8.721,5.941,0.6914,6.033,8.0,5.273,0.4189,7.657,5.484,3.898,0.806,10.565,4.35,6.146,0.3731,8.955,4.276,6.747,0.6927,9.77,8.468,4.972,0.1889,7.176,8.861,1.839,0.6553,8.266,5.531,7.633,0.8775,7.308,4.306,7.322,0.9089,5.983,7.82,4.939,0.9347,10.993,6.656,2.458,0.4805,7.257,6.643,3.563,0.2768,11.559,5.322,3.824,0.324,7.767,6.846,5.272,0.3997,11.393,6.633,5.34,0.7623,9.928,8.38,1.579,0.4266,8.98,2.714,5.866,0.7172,9.417,5.637,3.872,0.6964,6.7,5.738,3.149,0.5919,6.182,6.774,4.022,0.724,6.371,4.484,4.223,0.8087,6.724,5.392,3.278,0.6112,7.748,6.691,6.544,0.4099,5.03,3.403,5.934,0.95,5.11,4.077,5.311,0.5645,9.895,7.044,7.567,0.8389,7.068,6.821,4.209,0.7623,9.713,3.992,2.126,0.4924,10.995,5.022,4.807,0.269,9.134,3.858,5.918,0.9013,9.155,4.107,3.212,0.2559,8.244,4.32,7.684,0.508,9.5,5.756,6.406,0.5722,9.858,2.551,4.239,0.539,6.629,5.379,6.11,0.3998,4.535,7.24,5.413,0.9241,8.844,2.784,6.424,0.6546,8.096,7.155,4.503,0.4915,8.399,7.153,3.145,0.6599,5.871,3.398,5.894,0.6978,4.053,5.342,5.911,0.98,7.347,5.036,4.932,0.3175,8.01,8.208,3.836,0.4974,9.022,8.791,5.09,0.1973,5.674,4.763,6.205,0.7511,10.853,7.588,5.166,0.3531,5.835,4.468,2.856,0.7283,6.098,5.259,4.082,0.8739,8.28,6.61,3.378,0.8285,7.862,4.262,6.503,0.8635,8.537,6.466,5.497,0.6537,7.007,5.802,6.166,0.8282,8.631,5.997,4.131,0.5064,4.372,2.801,5.905,0.5325,10.69,8.357,3.758,0.3778,9.809,7.353,3.077,0.8388,7.834,3.952,2.916,0.7392,6.123,6.462,3.871,0.7813,6.913,5.135,6.331,0.5962,5.885,3.265,3.165,0.8091,6.836,3.746,6.27,0.9613,6.966,7.201,5.567,0.7366,7.708,4.47,7.878,0.6395,8.537,2.946,4.93,0.4063,7.694,1.89,6.796,0.736,4.547,7.858,4.964,0.7198,5.057,2.569,7.046,0.6224,6.312,5.602,5.829,0.7937,11.455,5.393,3.514,0.6994,9.114,7.589,3.51,0.7716,6.082,4.922,4.754,0.5429,4.99,6.736,4.856,0.7742,7.4,6.089,4.03,0.3893,3.505,3.418,6.168,0.98,8.907,4.035,5.563,0.4446,7.161,4.796,3.747,0.7947,8.559,3.073,6.754,0.5478,9.009,7.744,5.033,0.5269,9.103,2.621,5.967,0.8824,7.775,3.176,5.272,0.4038,5.183,7.521,4.161,0.6924,4.826,4.426,5.857,0.856,4.28,6.2,5.375,0.9319,8.671,5.571,5.568,0.8124,9.229,4.269,5.876,0.7529,8.568,4.769,2.357,0.8115,6.865,4.477,5.57,0.7291,6.876,8.079,4.362,0.497,10.621,7.14,2.797,0.2899,6.757,2.377,4.797,0.4438,8.263,4.555,7.291,0.7997,6.399,4.407,4.723,0.5321,8.616,5.534,4.265,0.8475,8.855,4.305,6.837,0.6219,8.988,1.979,6.908,0.639,5.749,4.419,6.937,0.8142,5.931,5.078,5.745,0.7584,5.273,3.906,5.892,0.7683,5.904,6.591,5.41,0.7698,5.95,3.347,7.46,0.8926,4.846,4.488,8.14,0.5706,8.951,3.803,7.384,0.5656,8.492,4.215,3.956,0.6214,8.487,7.398,4.745,0.2243,9.203,5.104,4.379,0.8478,3.455,5.425,7.575,0.6125,10.325,5.495,5.355,0.8697,5.585,5.726,5.101,0.673,6.634,3.955,3.174,0.5907,10.707,8.238,4.213,0.2872,4.696,6.542,4.158,0.5635,8.293,6.384,3.922,0.4078,6.013,3.617,4.132,0.6673,5.773,7.1,6.353,0.4672,7.202,6.093,4.934,0.5569,5.881,7.153,6.346,0.5689,6.098,3.594,6.139,0.5861,5.92,2.842,7.038,0.98
HS_22_Tuto_R6,Animal_22,Tutored_Subchronic_7d,168,0.5921,0.4551,0.1525,0.1577,0.1593,0.0755,7.292,9.509,1.509,0.6039,10.152,3.306,2.1,0.2701,10.2,9.474,5.483,0.7967,7.141,5.645,1.86,0.6662,10.51,9.798,2.312,0.4098,9.035,6.584,1.965,0.4644,6.813,6.281,4.926,0.6376,9.186,6.884,1.094,0.3019,6.884,9.513,4.084,0.2924,10.206,4.507,6.388,0.7479,7.513,7.564,6.6,0.765,9.037,7.748,4.668,0.657,8.126,8.496,5.918,0.4677,8.954,7.054,3.696,0.7087,10.547,6.411,4.938,0.6328,8.274,3.912,2.36,0.6656,10.196,6.016,2.577,0.5553,9.491,10.729,4.686,0.02,3.787,6.568,6.825,0.9158,10.34,6.511,3.731,0.4488,7.661,6.007,5.806,0.7527,6.613,9.158,4.397,0.3533,7.032,3.402,6.151,0.5073,7.608,5.199,2.446,0.6539,6.213,5.848,5.349,0.4497,5.168,6.849,6.684,0.5057,6.491,4.018,4.403,0.7148,4.909,5.295,5.59,0.7707,8.526,3.812,3.885,0.663,7.349,6.725,3.133,0.5676,6.399,6.41,3.037,0.1588,8.44,5.706,3.953,0.95,7.724,4.268,2.461,0.4139,7.759,6.398,5.014,0.6728,7.231,5.664,5.317,0.6992,6.791,3.57,3.249,0.4623,6.234,3.979,4.287,0.8804,7.607,3.68,5.076,0.4706,7.157,6.553,6.382,0.5325,9.316,9.782,2.791,0.6567,6.793,4.427,6.63,0.6249,5.154,3.95,3.837,0.7745,6.623,3.784,5.581,0.6937,8.312,6.712,6.087,0.7546,6.76,9.693,4.864,0.6097,7.4,7.058,3.945,0.7938,9.22,3.184,4.311,0.95,10.65,4.002,4.783,0.4987,8.381,3.394,3.404,0.8678,7.646,4.409,4.19,0.4308,10.075,7.819,2.84,0.5733,8.685,6.696,3.365,0.5051,7.957,5.334,5.308,0.5981,5.578,4.504,4.63,0.95,8.078,7.694,4.275,0.8257,5.533,5.516,6.276,0.6595,9.953,7.518,2.466,0.3049,7.425,7.123,1.603,0.6826,9.032,3.566,6.572,0.6526,6.564,5.415,4.19,0.4642,7.158,4.16,6.321,0.8218,8.222,4.132,6.204,0.5728,6.895,6.189,5.648,0.6535,6.154,4.831,6.904,0.4786,7.476,6.922,5.025,0.8553,10.133,2.966,6.289,0.6677,5.506,5.441,6.125,0.598,9.466,6.124,6.238,0.88,7.691,4.301,6.525,0.8652,8.791,4.315,5.99,0.8562,5.798,7.235,7.061,0.5101,6.495,5.821,3.743,0.4711,8.551,2.376,6.317,0.5033,9.066,2.91,2.942,0.5537,7.835,5.739,2.62,0.5007,4.885,3.723,6.466,0.8656,5.341,2.951,6.186,0.6986,9.181,7.356,3.186,0.5782,4.187,4.618,5.17,0.6534,10.909,6.325,5.781,0.598,7.206,4.069,3.908,0.6653,5.486,4.399,7.405,0.7605,9.895,7.245,4.671,0.4956,6.211,5.236,7.374,0.7653,5.742,3.025,7.152,0.6522,7.398,5.029,6.81,0.95,9.505,7.589,4.319,0.3092,7.802,9.06,5.937,0.3043,6.112,4.326,4.085,0.4616,6.651,7.131,6.964,0.7612,7.811,6.737,3.673,0.2899,8.684,5.785,6.823,0.5284,4.421,3.403,3.93,0.4383,9.373,5.495,4.534,0.8202,6.518,2.638,3.545,0.5089,5.393,3.43,6.233,0.7886,9.673,3.531,3.914,0.6891,8.845,4.101,6.101,0.5105,7.088,3.324,6.182,0.6509,8.182,7.474,2.248,0.6029,8.991,6.315,5.351,0.5987,4.071,4.508,5.163,0.98,9.993,6.391,4.514,0.5553,2.823,4.805,5.0,0.797,7.53,5.72,5.218,0.5172,10.583,6.058,4.199,0.386,7.291,3.567,6.5,0.8365,4.044,5.539,3.539,0.98,9.844,6.719,5.504,0.8845,5.223,4.928,4.928,0.7613,5.102,5.395,4.944,0.7523,11.808,6.294,3.622,0.6463,7.829,2.38,3.667,0.6207,7.357,3.629,5.501,0.7135,6.72,4.007,5.448,0.7606,9.646,6.265,2.802,0.7883,7.198,7.365,6.607,0.7889,5.512,5.245,6.285,0.7002,5.513,4.188,5.669,0.662,8.176,3.977,8.234,0.98
HS_23_Tuto_R7,Animal_23,Tutored_Subchronic_7d,168,0.6591,0.4689,0.1242,0.1659,0.1734,0.0676,6.845,6.16,5.452,0.7382,7.219,4.811,3.165,0.5484,6.946,7.544,5.152,0.9058,9.856,8.256,5.0,0.5337,9.634,6.927,5.676,0.394,5.139,6.371,6.402,0.3962,7.949,4.991,6.579,0.9107,6.877,8.489,1.056,0.4224,10.667,6.602,1.398,0.4255,5.933,5.616,6.374,0.7916,8.014,7.342,4.606,0.6427,5.072,7.18,7.437,0.9668,8.06,5.456,3.179,0.3012,8.106,6.705,4.879,0.3885,8.516,5.31,3.92,0.2072,9.95,9.045,2.628,0.6465,8.05,5.415,4.792,0.5255,11.473,6.8,0.615,0.1171,7.956,5.058,5.298,0.9274,9.537,6.588,4.742,0.5762,7.969,6.501,3.452,0.4576,8.168,5.218,2.214,0.3796,6.44,4.652,4.872,0.6767,8.315,6.451,2.724,0.4748,5.671,4.637,6.414,0.4412,10.253,6.289,4.385,0.5193,5.83,5.77,3.264,0.5683,4.921,6.821,4.88,0.7464,7.087,6.593,4.255,0.4758,7.383,5.658,4.157,0.5385,6.64,3.736,2.841,0.4746,7.246,4.162,3.817,0.8624,6.541,7.848,4.82,0.4586,9.401,6.459,4.198,0.892,9.957,6.744,6.216,0.719,7.433,5.597,6.409,0.5555,6.15,7.009,3.897,0.534,8.412,4.851,4.432,0.7261,6.585,5.83,5.865,0.6721,8.845,7.557,5.271,0.4383,9.981,5.83,5.749,0.3966,5.981,3.224,7.726,0.6493,4.279,4.965,8.231,0.98,7.137,8.395,5.643,0.2344,6.271,5.544,5.185,0.5209,7.592,6.317,2.853,0.5339,5.329,6.208,5.796,0.8798,7.122,4.22,2.98,0.3011,4.624,6.804,6.134,0.8277,4.243,3.438,4.362,0.7311,7.911,8.248,3.632,0.6881,9.529,4.608,6.108,0.6879,8.949,3.126,4.545,0.4814,7.169,2.946,3.987,0.9332,7.802,4.864,3.622,0.739,3.736,3.278,5.572,0.3062,8.613,6.546,5.363,0.5843,9.94,5.312,4.887,0.5198,8.603,2.438,5.284,0.9235,8.608,6.413,7.488,0.7228,5.498,4.55,4.06,0.7669,9.168,3.179,5.293,0.6417,4.48,4.171,8.273,0.98,9.25,3.666,3.293,0.6346,4.386,5.423,3.557,0.4452,6.739,7.113,7.216,0.5146,4.186,2.416,5.143,0.971,5.534,3.903,4.032,0.6642,5.575,3.548,4.924,0.829,5.375,6.272,4.72,0.6131,7.309,6.334,2.351,0.3447,8.381,4.967,4.831,0.7213,6.635,6.326,5.849,0.6475,5.692,6.245,3.19,0.7716,9.446,8.786,6.622,0.747,5.067,3.818,6.71,0.6257,5.678,4.59,4.382,0.8525,6.613,5.405,5.605,0.4737,8.393,4.426,3.465,0.9183,6.091,7.111,4.649,0.5162,9.114,3.949,5.322,0.8866,6.315,4.012,7.496,0.7327,4.594,6.4,5.271,0.8786,8.772,6.868,4.187,0.95,3.364,4.92,6.1,0.8145,6.037,3.198,3.556,0.8034,7.847,8.021,3.337,0.5616,10.287,6.942,4.069,0.3999,7.824,4.114,3.932,0.5199,8.581,4.051,6.182,0.888,9.002,5.897,6.197,0.3489,5.213,5.718,4.247,0.8966,6.188,5.013,6.591,0.5805,3.776,4.176,5.94,0.5692,6.192,5.279,5.371,0.4662,6.961,3.213,5.544,0.6529,9.108,3.575,6.201,0.6579,9.607,6.157,5.783,0.3907,6.751,5.989,6.653,0.8071,8.564,6.153,5.299,0.8063,7.978,6.579,4.18,0.4741,5.761,5.877,5.823,0.802,4.218,6.021,5.458,0.7212,5.601,2.648,8.183,0.9288,8.557,6.445,5.318,0.7272,8.93,6.854,4.85,0.6816,5.811,6.826,4.502,0.6114,7.444,6.353,7.86,0.6457,4.97,3.685,4.898,0.5062,8.484,5.364,5.102,0.95,5.203,2.342,4.116,0.4656,10.274,8.023,4.872,0.5401,9.171,6.38,3.072,0.3268,6.718,4.963,6.756,0.7539,7.785,4.646,4.036,0.9312,9.378,4.709,5.758,0.4385,6.356,2.733,4.411,0.5769,7.033,5.167,3.794,0.7984,7.737,6.847,3.152,0.5382,3.704,3.232,7.879,0.7108
HS_24_Tuto_R8,Animal_24,Tutored_Subchronic_7d,168,0.5773,0.4723,0.1352,0.1685,0.1617,0.0623,8.807,10.105,1.619,0.3795,7.483,3.917,5.086,0.6365,7.544,7.337,1.915,0.3927,9.109,7.134,1.634,0.465,11.761,9.634,2.308,0.3327,8.837,5.973,1.86,0.7254,6.687,4.465,5.967,0.6156,8.56,8.494,0.809,0.3534,8.674,7.272,4.378,0.2524,9.091,8.301,3.788,0.6402,7.751,3.533,5.237,0.95,7.79,7.669,8.069,0.7587,10.653,4.958,5.182,0.3485,7.855,5.784,4.298,0.4441,9.361,6.217,5.636,0.6689,8.917,6.652,2.743,0.5026,7.617,4.74,5.845,0.3593,10.951,10.385,3.033,0.1321,7.529,3.157,6.713,0.7489,6.702,7.657,3.213,0.6376,7.393,6.21,4.297,0.606,7.779,6.307,4.113,0.6401,4.825,5.922,5.374,0.495,9.11,6.438,3.085,0.6376,9.896,5.702,5.202,0.7028,8.3,2.975,3.701,0.8889,6.246,4.454,7.387,0.4819,5.055,4.055,3.539,0.6491,8.808,3.921,6.273,0.8814,8.018,4.752,5.502,0.3365,7.131,7.081,5.46,0.6777,8.425,6.953,4.74,0.8839,10.178,4.719,4.624,0.2862,6.244,5.643,6.494,0.4543,8.923,3.064,6.33,0.5188,6.389,2.866,7.713,0.4153,8.025,3.857,7.275,0.679,8.178,6.046,4.795,0.7513,5.592,6.693,4.01,0.4636,9.247,10.342,4.355,0.5966,9.342,3.957,6.969,0.9173,8.495,7.035,6.736,0.5118,6.374,5.581,7.899,0.9769,7.425,8.001,2.649,0.5967,6.734,5.841,5.061,0.5359,10.271,4.77,5.127,0.5393,5.533,7.357,4.839,0.95,9.221,7.316,3.56,0.5915,5.996,5.95,7.009,0.9174,8.702,6.901,5.38,0.6485,6.458,6.442,4.266,0.494,8.936,6.307,5.593,0.7641,5.341,5.418,7.033,0.6498,7.491,4.959,3.448,0.5383,10.418,9.232,4.492,0.4561,5.93,2.799,4.929,0.5022,8.524,6.263,4.698,0.6411,7.453,7.668,3.328,0.4832,5.448,3.599,6.442,0.4717,8.275,2.834,4.883,0.6726,4.022,7.193,3.364,0.5272,7.947,3.163,5.433,0.6782,5.996,3.547,6.199,0.98,5.643,6.768,3.748,0.7821,5.85,5.323,3.768,0.3676,5.688,7.042,5.21,0.3579,6.618,4.631,7.424,0.8065,6.598,3.131,7.262,0.6017,8.311,6.017,6.256,0.8096,6.392,6.606,7.954,0.5946,9.95,5.191,5.531,0.3752,11.521,7.354,4.38,0.4596,7.126,4.709,5.406,0.5456,7.766,6.725,6.698,0.4853,7.974,4.864,5.875,0.3724,6.573,5.25,8.268,0.8981,9.72,5.883,6.543,0.5428,5.372,6.654,4.693,0.8086,7.494,4.614,3.218,0.7321,11.46,7.461,2.371,0.4471,6.678,4.646,4.353,0.8756,5.7,4.644,6.038,0.6064,7.44,5.556,5.952,0.8885,7.243,7.432,3.953,0.5581,7.837,3.15,8.052,0.6371,7.804,6.596,5.133,0.4306,7.225,10.081,2.155,0.3678,8.856,7.192,1.842,0.7357,7.011,2.877,7.402,0.5006,6.543,4.275,7.18,0.7482,7.02,4.189,3.89,0.6469,8.352,5.709,6.853,0.6797,7.204,3.61,5.532,0.95,9.267,6.114,5.654,0.5132,7.514,3.384,3.397,0.4061,5.668,4.505,2.976,0.4255,7.625,4.323,7.147,0.5021,7.829,7.467,5.968,0.8628,9.264,6.191,5.926,0.8245,9.186,6.666,4.705,0.5271,7.956,4.021,6.644,0.7392,5.312,3.866,4.969,0.98,4.302,4.949,3.991,0.6221,8.302,5.193,6.061,0.8762,9.303,5.963,2.972,0.5497,10.544,4.041,3.713,0.6287,7.043,5.269,4.999,0.5292,7.211,5.671,6.262,0.7458,6.4,2.798,6.423,0.4831,6.647,4.31,5.66,0.8117,4.911,4.927,7.06,0.8869,6.69,6.477,2.672,0.1886,7.098,5.91,5.21,0.5805,6.837,3.893,3.292,0.5092,8.522,2.754,3.565,0.5768,11.409,7.298,4.647,0.5702,8.317,6.154,5.662,0.6747,6.44,4.751,4.418,0.9304,4.924,5.537,3.779,0.6183,5.946,6.324,5.68,0.8106
HS_25_Tuto_R1,Animal_25,Tutored_Mastery_30d,720,0.9349,0.4664,0.1415,0.1521,0.1706,0.0694,8.732,3.815,6.513,0.8601,7.777,7.139,4.929,0.4765,7.99,6.064,6.322,0.481,5.725,7.166,6.446,0.6924,4.732,7.82,4.536,0.4685,6.154,4.146,3.629,0.4182,8.881,3.471,5.058,0.98,6.853,3.747,6.03,0.5329,5.997,4.524,4.588,0.4614,7.941,6.353,5.471,0.7029,7.789,4.269,6.384,0.4566,8.446,4.25,4.909,0.7251,8.685,5.926,2.37,0.4743,8.453,6.85,1.83,0.4387,11.784,8.439,5.456,0.4187,9.983,6.282,2.353,0.5764,11.311,4.608,2.002,0.3445,7.913,6.048,2.648,0.9443,9.299,5.928,4.7,0.916,9.318,3.799,6.662,0.7883,8.078,2.585,7.483,0.4677,8.36,3.316,2.817,0.7926,5.09,3.364,5.165,0.4237,8.684,8.526,1.738,0.5239,7.892,5.146,4.802,0.6722,8.738,5.554,3.497,0.4432,9.074,4.177,7.069,0.95,6.578,6.56,6.811,0.5978,10.34,5.072,3.619,0.5983,9.278,7.307,5.335,0.5658,9.117,5.741,2.076,0.5155,9.047,3.477,4.437,0.8579,12.101,8.405,5.184,0.3723,6.383,3.043,5.907,0.6376,6.591,5.197,4.978,0.8091,7.369,5.771,3.708,0.8788,7.713,4.249,6.592,0.6779,5.068,4.015,3.13,0.3498,8.122,3.708,7.527,0.7063,8.414,6.834,2.894,0.4493,7.356,6.959,6.434,0.6786,5.478,4.649,6.802,0.7211,4.426,5.576,8.621,0.9092,9.002,5.425,4.01,0.5682,8.971,3.723,5.124,0.878,8.215,6.936,1.752,0.4461,8.39,6.451,6.189,0.616,6.824,9.803,2.777,0.4297,4.959,3.569,4.579,0.7931,7.691,5.704,3.503,0.6341,7.505,4.737,6.483,0.7698,7.617,6.192,4.347,0.494,9.226,2.685,6.394,0.6169,6.433,4.049,6.198,0.917,8.469,4.423,4.472,0.8098,5.531,6.315,6.145,0.6125,9.971,6.615,3.423,0.409,9.271,5.572,5.831,0.7002,8.151,7.616,5.801,0.4835,8.937,3.292,5.578,0.8052,8.988,4.279,4.213,0.8291,4.472,6.37,5.203,0.5922,5.353,2.765,7.605,0.6855,9.218,4.088,5.395,0.7559,6.632,3.701,7.177,0.3965,6.348,2.915,4.863,0.5633,6.921,2.469,7.087,0.7576,4.958,5.243,5.064,0.5482,3.734,2.26,8.388,0.98,6.18,7.146,4.885,0.6193,10.626,5.804,2.665,0.6145,6.617,7.467,5.586,0.6587,7.265,5.902,7.008,0.3961,8.759,3.33,6.712,0.95,10.447,6.802,4.69,0.4108,2.855,4.191,7.278,0.8414,4.514,2.336,5.547,0.7851,6.92,6.062,6.301,0.8638,7.543,3.49,5.07,0.5311,11.793,9.126,2.857,0.0972,8.939,3.504,7.466,0.6581,4.268,7.372,4.831,0.8345,8.867,4.043,6.254,0.5209,5.286,7.098,6.642,0.8822,5.592,4.213,5.832,0.8464,7.241,4.722,6.803,0.808,8.02,6.889,5.532,0.6506,8.987,6.263,6.165,0.6725,6.09,7.186,3.684,0.5735,7.412,5.844,5.844,0.4679,10.606,6.074,5.214,0.5915,5.839,4.807,3.417,0.6044,8.904,7.227,4.884,0.8718,5.223,5.724,5.508,0.7795,6.966,3.104,4.543,0.6342,3.817,4.645,6.598,0.4486,7.358,5.698,7.078,0.6815,7.882,4.223,5.428,0.8324,8.765,3.749,4.929,0.7529,5.054,5.718,4.604,0.3782,9.113,6.185,5.655,0.7498,4.097,2.114,8.532,0.98,6.567,4.891,5.335,0.5654,6.5,4.963,5.392,0.8469,8.123,3.245,7.243,0.6188,9.911,7.161,1.525,0.6136,6.274,7.548,2.802,0.646,7.214,4.603,7.715,0.98,6.098,6.908,3.676,0.6184,9.885,3.88,5.422,0.6581,7.232,3.573,3.473,0.6138,7.788,6.351,2.904,0.2179,8.687,5.227,4.842,0.6196,6.773,5.362,6.924,0.6176,8.164,4.779,5.137,0.8213,5.553,2.922,4.346,0.5627,10.308,6.456,5.176,0.7943,9.671,2.445,5.91,0.8597,8.391,5.935,3.517,0.4336,2.627,5.935,8.617,0.8613
HS_26_Tuto_R2,Animal_26,Tutored_Mastery_30d,720,1.0,0.4768,0.1346,0.149,0.1595,0.0801,5.479,5.021,4.322,0.7289,8.149,6.688,5.691,0.1034,6.598,4.1,3.437,0.6636,6.161,6.047,6.52,0.5045,6.555,6.956,5.097,0.4366,8.543,3.522,4.255,0.7545,4.366,5.803,5.002,0.7143,4.492,5.237,4.5,0.4014,8.447,3.208,4.376,0.7561,6.067,2.759,6.432,0.7086,5.175,5.091,7.371,0.4428,9.222,6.459,5.414,0.9192,12.45,5.879,4.455,0.4313,6.816,4.979,4.967,0.2063,12.301,8.398,5.126,0.3993,9.529,6.355,1.621,0.3855,11.547,6.623,4.509,0.4401,8.197,6.118,3.672,0.5059,9.301,5.502,6.479,0.8635,10.138,4.842,6.514,0.5231,6.451,3.867,6.241,0.7735,7.593,7.201,3.445,0.5782,9.588,3.414,3.683,0.4636,9.977,6.474,2.632,0.2926,9.538,5.956,4.462,0.7979,8.289,6.105,3.431,0.5168,6.287,5.027,4.141,0.4561,10.407,7.112,6.681,0.4149,8.035,2.537,6.682,0.662,10.597,7.584,4.322,0.2339,9.957,8.645,1.325,0.4837,4.799,5.085,5.4,0.6158,10.35,6.047,1.896,0.2934,6.476,7.397,3.727,0.5777,5.688,6.035,4.332,0.6756,9.438,3.305,5.126,0.7627,8.117,4.755,1.578,0.632,4.532,4.284,5.115,0.8766,6.244,4.8,5.509,0.766,6.918,6.091,3.645,0.7254,7.443,7.297,5.943,0.6773,7.889,3.554,6.59,0.6874,6.151,2.173,6.153,0.98,8.104,8.029,1.713,0.3269,5.147,4.644,3.372,0.5374,10.734,9.327,4.467,0.3018,5.935,4.392,3.692,0.5584,8.578,4.728,2.814,0.4231,7.166,5.579,6.979,0.8284,9.535,6.858,5.469,0.6478,5.287,6.9,4.615,0.5474,6.084,6.078,5.701,0.7986,8.669,3.155,5.899,0.4627,4.27,2.953,6.308,0.6112,5.024,6.574,4.449,0.5221,5.356,6.118,4.058,0.95,11.63,5.015,2.796,0.6091,8.833,6.177,3.771,0.7812,10.216,4.594,3.477,0.4335,7.15,5.341,5.435,0.7462,8.313,6.129,6.78,0.8995,6.95,5.32,4.378,0.95,3.535,1.938,9.381,0.98,5.504,4.072,3.934,0.7125,5.324,4.568,6.477,0.9022,6.144,3.46,3.654,0.8415,3.535,5.733,9.282,0.98,8.406,7.233,6.429,0.4872,6.771,2.132,6.248,0.98,6.758,3.851,7.358,0.8921,10.051,5.431,1.791,0.5328,8.255,4.359,5.221,0.5666,6.024,5.278,6.673,0.3829,8.167,5.516,3.635,0.6226,11.039,6.172,5.345,0.2685,7.596,4.922,5.747,0.9036,6.468,5.02,3.718,0.5272,5.068,4.478,4.351,0.6784,7.679,2.462,4.366,0.601,9.6,6.419,2.091,0.4035,4.589,5.406,2.99,0.6324,8.24,4.1,3.489,0.4551,9.601,3.947,7.743,0.647,9.167,2.301,3.809,0.7649,4.506,4.083,6.765,0.98,4.988,6.578,6.824,0.4053,5.034,7.022,7.297,0.8573,8.553,4.026,7.057,0.5948,7.358,7.282,7.026,0.4757,8.644,6.675,5.041,0.5448,9.538,7.339,4.992,0.1561,9.337,3.872,4.763,0.4929,9.94,4.444,3.659,0.7079,9.687,4.576,4.811,0.5165,6.488,5.257,3.837,0.483,4.772,5.74,3.467,0.7448,9.316,6.819,6.724,0.4972,6.303,4.568,4.959,0.8874,4.709,1.975,4.868,0.8783,4.246,4.656,4.762,0.5936,6.489,4.878,6.738,0.6792,3.602,2.341,5.602,0.8256,7.86,3.157,4.103,0.5432,7.962,5.156,8.948,0.8573,6.628,3.498,5.227,0.6817,12.411,3.825,2.094,0.4357,5.531,4.088,6.115,0.5051,3.088,3.204,7.943,0.98,8.809,2.835,3.113,0.4403,5.46,3.478,6.106,0.7916,7.239,5.884,6.957,0.6586,9.411,4.831,1.559,0.237,4.934,2.73,3.413,0.5122,8.33,4.642,6.081,0.6581,7.824,7.442,4.536,0.85,5.533,6.716,3.027,0.8376,5.23,3.81,6.502,0.5837,10.141,3.697,3.64,0.7768,9.449,4.444,4.834,0.7148,4.004,3.114,5.785,0.98
HS_27_Tuto_R3,Animal_27,Tutored_Mastery_30d,720,0.7831,0.49,0.1293,0.1524,0.161,0.0673,5.362,3.938,3.24,0.5459,6.814,5.497,6.001,0.2723,5.649,3.755,3.19,0.3672,8.353,7.482,3.759,0.7773,7.187,5.374,6.647,0.4375,8.162,6.965,5.182,0.5401,8.27,6.762,5.53,0.9422,9.233,8.563,5.383,0.3645,10.585,6.32,1.934,0.3809,8.101,3.062,7.81,0.5324,6.174,6.879,4.224,0.8653,6.156,4.19,8.078,0.9514,7.223,5.63,4.664,0.5704,10.747,8.68,2.307,0.3807,7.102,8.297,5.289,0.587,7.253,5.365,2.349,0.6007,8.977,5.352,1.999,0.2769,7.028,7.793,4.858,0.1734,9.995,3.869,6.052,0.6335,8.32,7.065,7.345,0.4413,7.84,5.98,3.942,0.7059,6.379,4.543,2.893,0.916,8.915,6.637,5.071,0.7382,9.947,6.741,2.608,0.4316,6.033,5.783,6.808,0.6486,5.8,5.398,5.807,0.6326,9.385,7.419,8.658,0.8471,7.299,6.798,4.752,0.6079,4.833,3.332,5.6,0.8294,10.475,5.642,2.048,0.3417,8.001,8.183,4.824,0.2983,4.767,5.7,6.82,0.6837,9.829,6.64,2.075,0.2178,4.581,5.797,4.229,0.4566,5.553,3.552,4.693,0.6829,9.774,6.375,5.135,0.533,6.725,4.269,3.571,0.7628,9.09,6.764,6.704,0.6505,5.965,5.531,3.179,0.5653,9.001,5.179,6.616,0.7171,6.614,7.24,5.39,0.95,5.159,3.063,6.381,0.8278,6.577,2.093,4.867,0.98,11.566,4.512,5.889,0.5798,5.38,5.075,7.024,0.827,9.099,5.365,2.097,0.3237,7.609,2.974,5.039,0.6714,8.799,7.699,2.819,0.5247,7.333,3.086,5.684,0.6185,5.285,4.378,3.272,0.4305,4.417,4.676,3.681,0.8435,4.484,5.272,4.259,0.95,8.987,4.314,4.108,0.6021,3.843,7.238,4.9,0.4622,7.618,3.772,5.464,0.9168,6.955,4.323,3.547,0.478,11.553,7.195,2.951,0.4044,6.365,4.659,6.829,0.6964,8.398,4.394,5.088,0.6631,5.516,4.424,4.244,0.4975,4.193,5.768,5.539,0.8072,5.867,5.458,6.171,0.8497,7.089,5.249,8.098,0.98,7.402,7.683,4.819,0.5571,4.453,4.342,4.297,0.7424,6.75,4.801,3.369,0.7305,7.674,3.209,8.727,0.98,10.167,6.411,5.112,0.4225,5.871,2.833,6.163,0.98,4.054,6.49,5.698,0.8831,10.69,5.464,2.654,0.483,8.577,5.508,6.27,0.5158,6.764,5.977,6.961,0.7631,5.266,6.83,4.283,0.5597,10.052,8.336,2.639,0.3452,4.728,3.546,7.232,0.6714,6.726,5.095,5.651,0.6447,9.72,3.066,4.578,0.4194,5.015,5.594,6.184,0.6912,11.409,4.476,2.901,0.5523,5.115,5.046,4.095,0.4972,6.203,6.121,4.285,0.7955,6.583,4.564,5.67,0.6938,7.512,6.613,3.894,0.4414,5.495,5.302,6.689,0.8848,8.454,2.727,4.733,0.6379,9.413,5.809,6.462,0.7604,6.807,5.658,3.826,0.4896,7.922,3.425,4.62,0.8521,9.109,3.798,5.737,0.7124,8.393,8.893,2.709,0.2665,8.092,5.113,5.198,0.4578,5.726,4.374,3.668,0.8124,7.565,5.788,6.723,0.6957,8.602,6.488,6.889,0.4386,6.037,5.999,4.994,0.7021,9.716,6.644,4.786,0.678,4.246,4.91,5.915,0.3819,9.126,4.125,3.702,0.9295,8.077,5.707,5.39,0.469,5.698,3.707,5.477,0.7936,6.725,3.808,6.995,0.6783,8.178,7.904,8.294,0.6535,5.254,4.004,8.541,0.98,4.707,7.669,4.571,0.8985,9.465,7.151,2.501,0.483,8.461,7.084,7.193,0.5013,7.292,2.309,6.115,0.98,8.078,6.847,6.978,0.872,7.114,3.892,6.737,0.5675,8.748,3.711,4.737,0.421,9.027,7.116,3.64,0.5347,6.665,3.741,5.11,0.7439,5.355,7.124,7.269,0.4776,9.056,3.401,3.66,0.4914,6.119,7.0,5.937,0.848,7.775,4.022,5.626,0.8216,7.26,3.734,7.746,0.6267,5.577,5.077,7.981,0.5624,6.91,6.731,6.071,0.6137
HS_28_Tuto_R4,Animal_28,Tutored_Mastery_30d,720,0.9279,0.4759,0.1523,0.1567,0.1412,0.0739,9.532,3.515,4.721,0.7906,8.427,7.237,2.036,0.5574,9.454,4.604,3.145,0.7813,6.572,4.972,4.039,0.6357,5.388,2.656,5.61,0.5754,6.063,3.928,5.848,0.6448,6.09,4.345,6.423,0.6455,7.337,6.716,3.719,0.5497,8.886,7.522,2.229,0.5879,8.072,5.016,5.36,0.98,7.2,7.095,6.195,0.9118,6.771,7.284,6.879,0.98,7.23,5.19,4.991,0.5569,8.863,4.434,2.69,0.1915,11.977,8.31,2.001,0.5021,9.149,5.927,3.901,0.1957,10.565,8.219,4.516,0.2971,10.027,3.577,5.996,0.3883,6.711,5.241,3.691,0.6017,7.91,2.876,3.464,0.6732,8.306,3.821,6.568,0.4827,6.554,2.721,4.522,0.8293,8.808,5.228,4.965,0.8132,10.541,6.028,5.558,0.2116,7.423,7.028,4.065,0.5393,10.074,4.798,5.693,0.6535,7.618,6.753,6.804,0.5557,10.312,5.629,3.468,0.5459,10.218,3.026,6.5,0.7387,10.831,7.44,5.623,0.5681,8.04,4.862,3.612,0.2719,7.245,6.897,5.978,0.5589,8.104,7.554,1.764,0.4304,4.906,6.504,6.467,0.8502,3.816,4.666,6.899,0.8365,6.431,5.454,3.187,0.5102,7.796,6.032,5.795,0.7317,8.447,3.781,6.576,0.6915,6.555,3.572,7.085,0.6719,7.96,4.172,4.313,0.6759,7.261,4.481,6.13,0.8016,7.426,7.236,4.629,0.5742,2.278,3.72,5.643,0.98,11.052,8.529,3.426,0.5249,10.127,6.188,6.203,0.5694,11.336,7.695,2.856,0.5652,8.272,4.543,3.882,0.5661,7.834,6.283,3.868,0.5484,9.026,6.206,6.581,0.6575,4.903,7.344,7.153,0.5091,7.414,4.743,6.173,0.8387,6.895,5.798,4.372,0.5994,7.469,4.55,7.151,0.813,8.83,3.251,6.897,0.4984,6.895,4.046,3.008,0.6725,5.895,3.404,6.965,0.8046,9.587,8.308,2.15,0.1271,8.475,6.927,7.204,0.8778,7.465,4.16,4.976,0.5383,7.481,2.945,5.994,0.7182,7.897,5.079,5.549,0.7953,8.14,6.51,4.583,0.5101,7.656,2.15,7.928,0.98,7.896,6.982,6.587,0.4918,8.375,5.943,7.176,0.9427,7.52,5.668,4.284,0.6798,5.257,4.955,7.668,0.9078,5.867,6.701,4.396,0.6882,3.389,2.925,6.867,0.7129,5.625,6.9,3.341,0.841,12.163,9.33,1.69,0.5698,9.576,6.269,4.841,0.7698,6.554,6.468,6.861,0.6728,6.194,2.586,6.392,0.6834,9.589,7.129,2.698,0.5284,4.66,3.489,5.817,0.7352,6.075,5.374,6.857,0.6613,6.467,6.7,5.088,0.8151,5.559,4.102,5.388,0.7406,9.659,5.107,3.594,0.5082,9.584,4.882,4.812,0.7272,9.063,4.668,3.955,0.6969,9.141,4.753,6.789,0.6055,9.361,2.689,5.716,0.6528,5.202,3.58,7.964,0.9736,9.819,6.129,4.655,0.922,5.094,3.586,6.265,0.6961,8.102,4.035,5.164,0.6358,6.635,7.051,3.99,0.6401,8.87,3.264,3.73,0.7708,8.972,7.766,4.653,0.2749,8.104,3.621,5.502,0.6076,8.056,7.354,7.462,0.7977,7.318,3.829,5.306,0.4605,9.27,4.527,6.656,0.7383,5.386,5.162,4.891,0.5133,8.358,5.729,4.0,0.4696,4.695,3.789,6.008,0.4993,6.549,5.842,6.066,0.4465,5.992,3.394,7.227,0.9141,4.751,5.229,3.558,0.6911,3.593,4.57,6.202,0.7902,4.679,6.395,3.946,0.5102,3.672,3.424,6.246,0.8306,8.123,6.045,6.971,0.7646,11.002,4.316,3.678,0.152,5.894,6.416,7.674,0.7058,7.018,4.835,7.787,0.98,6.22,4.618,4.794,0.8802,6.958,3.394,3.752,0.7017,4.646,3.881,5.878,0.8094,9.51,7.139,2.855,0.4284,8.646,3.059,7.567,0.4512,6.761,3.49,2.819,0.76,9.907,5.675,6.774,0.3931,7.514,4.45,7.148,0.6021,8.963,5.16,5.431,0.9222,5.767,6.138,4.608,0.6746,6.148,8.304,4.967,0.8716,4.315,4.76,5.447,0.784
HS_29_Tuto_R5,Animal_29,Tutored_Mastery_30d,720,1.0,0.4809,0.1491,0.1397,0.1587,0.0716,7.327,3.835,6.193,0.9055,9.371,7.394,2.742,0.5142,6.587,5.833,3.782,0.6698,8.436,3.695,4.895,0.872,5.808,3.679,4.716,0.8693,8.501,3.096,4.251,0.7468,6.755,6.495,6.619,0.6573,7.92,4.839,3.669,0.5381,5.855,2.895,4.257,0.5156,6.817,6.423,6.233,0.9165,5.83,2.236,3.116,0.5971,7.615,6.947,8.631,0.7189,9.14,6.386,3.403,0.2713,7.305,8.18,5.219,0.5153,9.246,5.804,2.068,0.3108,10.096,6.152,4.317,0.2696,10.94,8.103,3.341,0.2605,6.611,2.509,4.6,0.4539,6.661,7.333,4.011,0.7736,7.745,6.144,7.291,0.8692,8.066,5.318,6.47,0.7578,5.539,5.952,5.669,0.7078,6.57,3.171,5.851,0.4894,11.978,5.992,3.478,0.3316,6.072,5.688,3.832,0.5812,6.727,2.979,3.793,0.409,8.679,8.233,5.975,0.5829,5.009,3.289,6.776,0.5223,8.479,8.146,4.156,0.4584,9.094,8.285,3.678,0.1294,8.351,8.956,2.271,0.3759,5.358,5.85,5.03,0.7089,9.735,7.561,4.721,0.1771,7.138,3.795,4.617,0.5322,9.999,6.733,3.187,0.6284,9.261,3.467,7.065,0.5892,9.061,3.291,4.488,0.6316,5.307,7.046,6.603,0.6649,8.873,6.776,4.649,0.6563,5.325,7.551,6.129,0.8444,7.372,7.421,5.423,0.6715,4.763,5.603,5.58,0.5955,7.068,4.052,9.04,0.6942,8.82,8.39,2.984,0.6262,5.386,3.623,3.406,0.8121,12.08,9.034,1.869,0.5685,6.912,4.953,2.565,0.7406,8.441,8.034,3.929,0.3116,7.088,3.107,7.138,0.4175,5.673,3.61,3.578,0.4594,5.313,6.832,5.508,0.6514,5.248,5.378,6.495,0.5154,9.101,6.653,5.989,0.523,6.811,3.259,6.023,0.6912,7.712,6.721,2.732,0.7798,9.605,4.687,4.058,0.8983,9.376,6.574,1.9,0.1093,8.511,5.053,7.285,0.5529,6.555,5.48,4.233,0.7951,7.328,3.389,5.068,0.6248,5.661,3.815,3.595,0.7845,9.588,5.308,5.176,0.4619,4.397,3.338,7.106,0.98,8.914,3.619,3.793,0.9118,7.921,3.987,6.732,0.6218,8.366,4.486,5.034,0.5119,3.241,1.801,8.571,0.98,9.005,3.946,3.809,0.6925,7.375,3.841,7.792,0.98,9.77,6.51,6.498,0.7047,9.03,4.985,1.401,0.4111,9.129,3.524,3.136,0.6263,5.443,5.014,4.983,0.7295,8.461,7.348,5.832,0.6456,11.48,7.279,5.222,0.2858,3.585,3.216,7.538,0.98,9.624,3.758,5.193,0.7543,7.297,4.052,4.106,0.4902,6.849,7.24,5.553,0.5612,10.098,5.869,3.726,0.2571,5.558,3.637,5.648,0.4538,8.622,3.433,6.648,0.6346,6.253,6.853,5.117,0.7815,9.231,5.494,7.323,0.7708,4.875,1.21,6.564,0.8264,9.374,5.844,5.099,0.6676,6.802,3.799,5.924,0.7586,9.885,6.709,6.617,0.592,7.94,5.287,3.621,0.7024,6.683,3.089,3.981,0.5394,11.949,5.771,3.589,0.468,5.96,7.067,7.19,0.7557,5.275,4.749,4.434,0.6662,6.224,5.803,4.592,0.5858,7.964,5.308,3.208,0.95,9.269,6.715,5.546,0.8242,5.842,6.819,6.447,0.7508,6.657,4.776,6.628,0.6218,7.517,6.252,4.289,0.8237,8.272,7.489,6.828,0.7323,5.938,3.369,4.58,0.5182,5.968,2.091,5.578,0.98,6.336,4.552,2.808,0.8704,7.525,5.769,8.265,0.9142,8.029,4.893,5.446,0.6372,9.204,6.402,2.535,0.5114,6.485,4.993,7.448,0.5663,3.253,3.891,5.531,0.98,8.534,6.491,5.686,0.6683,4.505,5.897,5.965,0.6863,9.033,5.216,3.788,0.8199,12.107,5.394,1.771,0.0324,9.49,5.198,6.122,0.8315,6.118,5.365,4.937,0.8736,6.21,3.662,5.28,0.8476,7.67,5.505,4.01,0.5958,6.768,4.144,2.941,0.6591,7.92,3.336,5.819,0.595,7.165,5.95,6.086,0.5168,3.838,4.629,7.853,0.98
HS_30_Tuto_R6,Animal_30,Tutored_Mastery_30d,720,1.0,0.4463,0.1513,0.1575,0.1669,0.0781,6.759,5.499,6.89,0.6095,11.108,6.456,3.874,0.3575,7.779,5.293,4.67,0.7355,5.471,4.369,4.251,0.8139,5.718,7.0,6.865,0.8215,8.833,4.652,4.303,0.8202,8.694,5.911,6.422,0.81,9.249,7.307,7.635,0.6093,5.651,6.723,5.772,0.8023,9.839,2.582,6.371,0.6263,10.117,6.963,4.455,0.5693,5.533,7.112,8.185,0.98,9.232,7.612,5.977,0.4643,10.067,7.377,3.458,0.506,8.521,5.551,2.705,0.2628,10.297,6.951,3.658,0.5733,11.649,5.775,2.776,0.3122,8.39,6.387,3.91,0.7614,9.719,3.897,6.827,0.7595,6.196,6.664,6.574,0.9588,7.535,2.821,5.572,0.6409,5.858,6.188,3.757,0.4571,7.567,5.762,4.364,0.7443,9.398,5.838,3.209,0.3386,7.453,3.078,4.61,0.6857,4.771,3.555,6.905,0.8185,7.296,6.423,3.202,0.6939,8.54,5.033,3.837,0.5051,7.66,3.931,3.911,0.5031,10.869,6.575,4.402,0.4479,9.869,8.784,2.401,0.2916,6.359,3.581,3.989,0.479,11.123,8.351,1.518,0.2729,9.253,5.389,6.235,0.8458,7.535,3.191,6.273,0.4659,8.195,4.876,5.017,0.7949,6.116,6.523,6.92,0.8768,6.002,6.835,4.004,0.7129,8.595,5.977,4.693,0.8101,6.746,3.397,6.4,0.6061,5.809,3.891,6.586,0.8763,8.497,5.991,3.726,0.9225,4.628,5.425,6.156,0.8139,9.161,6.931,2.861,0.3614,6.942,7.211,6.308,0.5697,11.954,5.813,1.637,0.4372,7.539,5.018,6.62,0.6835,9.519,8.317,4.333,0.5044,9.461,6.236,7.451,0.7077,8.972,3.988,3.533,0.9083,9.0,6.495,6.959,0.849,9.779,6.274,5.209,0.6764,7.292,4.799,4.905,0.4051,7.137,2.697,3.45,0.4465,6.086,4.742,3.441,0.418,7.632,5.334,4.686,0.4856,10.544,6.304,4.771,0.2424,4.911,4.593,3.484,0.6784,7.657,6.395,5.332,0.7739,5.119,4.475,3.93,0.7671,6.918,5.427,6.866,0.5783,7.854,2.146,5.743,0.5832,4.565,2.151,7.99,0.9108,5.117,5.047,6.853,0.9187,8.081,4.004,7.212,0.8891,5.316,4.942,5.136,0.6475,4.602,6.068,8.972,0.9664,5.767,6.184,7.476,0.6861,5.85,5.804,6.425,0.9138,5.214,4.27,7.047,0.7639,8.715,6.765,1.547,0.6463,7.512,6.566,4.095,0.6699,6.18,6.059,4.534,0.6291,9.097,5.156,4.321,0.6222,8.708,6.196,1.931,0.0853,3.841,3.431,7.831,0.8237,7.978,3.501,6.302,0.7413,8.715,6.923,3.628,0.8036,5.792,5.739,3.566,0.5761,8.859,7.451,4.494,0.2228,7.702,4.404,3.372,0.4505,9.452,6.983,5.431,0.4998,6.683,5.06,6.429,0.8583,6.211,6.863,6.08,0.613,5.388,3.002,5.508,0.949,7.266,3.401,7.394,0.6421,7.106,7.105,5.186,0.4452,9.463,4.639,5.057,0.4548,6.68,4.455,3.365,0.5848,5.289,3.556,4.704,0.5547,12.295,7.579,3.722,0.5635,7.454,4.222,6.847,0.7816,4.886,6.59,6.778,0.9046,5.594,4.887,7.029,0.809,8.572,4.337,6.633,0.6951,9.283,5.058,3.83,0.6688,8.38,5.025,2.461,0.7643,5.356,6.156,4.06,0.8159,9.934,6.456,7.264,0.5498,7.009,6.868,3.657,0.796,7.53,6.617,6.26,0.622,4.489,2.25,6.766,0.6357,8.141,3.233,4.686,0.6404,6.574,5.223,5.63,0.7586,5.232,2.527,4.139,0.6329,10.198,5.055,5.175,0.4328,8.763,5.703,6.657,0.5066,5.17,3.533,8.174,0.98,6.871,5.19,4.222,0.572,9.709,6.941,5.483,0.9455,5.275,4.113,3.676,0.8585,7.318,8.881,4.73,0.2403,6.031,3.67,6.216,0.6356,9.439,6.745,3.244,0.9479,4.794,5.683,4.575,0.8647,5.962,4.924,4.406,0.9185,8.874,2.391,5.124,0.8167,7.771,4.553,5.883,0.6956,5.807,3.928,5.386,0.4569,6.636,3.664,7.67,0.98
HS_31_Tuto_R7,Animal_31,Tutored_Mastery_30d,720,1.0,0.4494,0.1352,0.1691,0.1677,0.0786,7.923,3.615,2.888,0.4967,7.629,6.839,5.128,0.5315,8.587,5.288,4.1,0.8045,5.735,5.7,7.318,0.3623,5.208,3.3,3.29,0.6523,8.244,3.745,3.706,0.4481,6.11,3.81,6.256,0.9477,6.974,4.678,4.471,0.8234,5.908,6.552,3.84,0.8104,5.338,4.807,7.1,0.98,7.018,2.855,4.112,0.5034,5.905,5.349,6.442,0.59,9.569,8.318,4.206,0.2301,12.165,6.33,3.544,0.2882,8.165,9.13,4.746,0.3145,10.04,5.377,2.037,0.2415,10.354,7.178,4.307,0.2498,8.24,5.654,6.065,0.5897,10.382,2.672,4.65,0.8618,5.698,6.893,5.189,0.5442,9.022,6.643,6.353,0.6196,7.619,5.077,5.133,0.5853,8.746,3.595,6.129,0.4429,10.937,5.582,2.877,0.377,7.281,3.555,3.058,0.4668,8.636,6.436,4.254,0.5303,8.092,3.126,4.715,0.631,5.563,4.881,3.848,0.8042,6.336,3.927,3.365,0.8576,8.057,4.63,3.731,0.1621,9.904,7.917,1.414,0.2507,9.075,6.711,6.932,0.8424,11.749,5.104,3.415,0.2414,6.514,5.281,4.848,0.9147,10.648,3.315,5.187,0.9035,4.492,6.313,5.667,0.7622,7.091,5.788,5.184,0.8431,8.813,6.947,6.132,0.7714,4.268,3.122,4.485,0.4701,8.697,5.977,6.537,0.746,7.927,3.082,2.999,0.621,9.489,6.544,5.121,0.4676,4.859,2.913,7.462,0.98,8.239,8.004,5.123,0.3773,7.338,4.985,4.668,0.7815,9.799,7.62,3.259,0.5697,8.554,4.325,3.325,0.6912,8.55,6.138,2.076,0.6123,7.493,3.448,4.346,0.4665,7.6,5.152,6.11,0.8326,9.01,3.55,5.985,0.5618,7.405,5.53,3.041,0.4357,5.619,3.638,5.484,0.7425,6.909,4.206,4.443,0.7775,5.133,2.395,6.547,0.9038,8.067,5.656,3.873,0.6602,11.624,6.588,5.147,0.3342,5.968,4.759,4.617,0.8703,6.596,7.099,5.812,0.4633,7.337,3.02,4.678,0.5151,8.094,4.338,5.888,0.8918,8.464,4.376,5.547,0.9067,2.693,3.223,7.804,0.98,4.397,3.737,5.374,0.95,5.769,3.265,5.395,0.7211,4.359,3.657,6.208,0.7146,4.592,1.892,9.413,0.98,11.038,2.961,7.245,0.5069,2.808,5.123,7.878,0.98,7.187,5.905,6.449,0.7964,7.648,7.679,3.434,0.3929,7.092,5.394,4.569,0.7203,10.208,6.617,7.662,0.7311,7.549,3.805,3.294,0.6634,7.003,6.451,1.857,0.4739,5.525,5.477,7.042,0.98,7.923,6.511,3.361,0.429,8.055,3.084,3.141,0.5309,4.661,3.529,5.272,0.3792,9.765,7.852,2.666,0.398,6.029,4.771,5.179,0.8844,8.055,6.252,7.019,0.7004,7.297,5.891,3.587,0.8617,10.464,5.739,5.694,0.3957,8.428,4.479,6.263,0.8469,7.408,5.491,6.83,0.6968,9.383,6.218,4.44,0.5333,7.893,6.746,6.667,0.7913,8.202,4.945,4.865,0.7031,8.269,6.622,5.544,0.9263,10.994,5.979,2.506,0.5054,9.074,5.252,7.696,0.3702,10.034,5.835,4.264,0.8208,4.533,7.688,4.63,0.7785,7.579,5.153,4.92,0.5817,6.852,6.103,3.521,0.9032,4.331,6.017,2.747,0.8105,10.527,5.977,2.879,0.7723,7.655,6.409,5.708,0.5541,9.653,3.165,4.264,0.7087,7.762,4.015,4.294,0.4563,4.702,5.311,8.205,0.98,6.799,4.043,3.595,0.95,3.311,2.795,6.169,0.9449,9.052,3.917,5.946,0.7665,10.535,6.188,3.519,0.3226,6.38,4.73,4.791,0.8638,4.804,5.433,8.351,0.735,6.117,6.831,3.909,0.8247,8.089,7.485,2.654,0.6533,8.545,5.682,6.719,0.6876,8.886,7.071,4.339,0.3505,9.376,6.147,7.129,0.3984,6.262,6.638,5.058,0.7158,7.291,5.137,2.606,0.5417,5.956,4.308,6.305,0.7447,6.039,4.854,4.089,0.95,9.606,6.002,5.017,0.5834,4.461,7.212,4.672,0.7814,7.093,1.325,7.105,0.9354
HS_32_Tuto_R8,Animal_32,Tutored_Mastery_30d,720,1.0,0.456,0.1596,0.1612,0.151,0.0722,9.655,6.358,3.48,0.607,9.35,7.216,2.57,0.1507,7.683,3.969,5.364,0.822,5.057,2.969,5.214,0.6813,7.546,6.735,4.562,0.4615,9.843,2.893,4.927,0.8102,9.233,5.499,7.418,0.9687,6.587,3.244,4.189,0.763,8.593,4.853,4.42,0.6965,6.911,3.334,5.237,0.6422,9.235,5.952,4.876,0.5529,9.969,7.521,5.689,0.8187,9.566,7.365,1.649,0.1172,10.129,7.845,3.498,0.4819,11.549,5.295,2.073,0.3954,10.73,5.792,5.57,0.2186,8.351,6.362,4.664,0.1106,7.506,3.415,6.332,0.8527,6.412,4.584,6.334,0.676,9.255,4.144,5.12,0.7431,6.458,4.177,3.675,0.3909,7.291,5.618,6.196,0.5556,4.891,6.044,3.644,0.6767,10.709,8.795,3.319,0.2329,8.714,6.67,6.87,0.9015,4.884,5.116,6.49,0.4057,5.14,7.43,5.086,0.6569,8.343,5.466,4.314,0.7725,7.524,4.312,7.61,0.4227,8.241,7.856,2.277,0.1652,9.056,6.049,2.262,0.308,9.899,4.866,5.03,0.4741,10.978,9.332,2.006,0.2467,4.783,6.822,4.878,0.95,5.861,5.499,5.167,0.7614,9.471,7.105,3.021,0.7958,4.755,7.259,4.057,0.6434,5.378,7.84,6.772,0.7942,8.865,5.152,4.09,0.7217,6.61,6.0,6.339,0.6365,6.919,4.8,7.624,0.7258,8.411,5.188,4.153,0.8275,5.905,4.455,5.855,0.7195,10.041,6.264,5.03,0.2998,10.055,4.978,3.339,0.7654,8.203,5.608,3.694,0.5425,7.517,5.504,3.398,0.6939,9.066,5.596,5.055,0.4619,7.566,6.618,3.302,0.95,7.925,5.655,5.881,0.8004,7.987,3.129,5.255,0.7672,5.993,7.668,6.506,0.7939,8.339,5.763,5.076,0.8371,7.217,3.573,6.63,0.4041,8.971,6.075,6.869,0.5717,9.2,6.375,5.584,0.8865,11.642,5.311,3.382,0.1975,6.015,7.259,6.815,0.6208,9.317,4.1,3.213,0.8409,7.699,6.434,4.914,0.3965,6.93,7.074,6.269,0.8531,5.173,8.288,6.719,0.7708,5.076,2.602,6.812,0.98,4.458,6.914,6.952,0.467,9.838,3.788,4.492,0.7315,6.358,6.816,6.202,0.5125,2.862,3.833,5.736,0.9724,8.473,6.938,4.611,0.6113,6.816,3.045,6.597,0.7573,7.749,7.005,4.29,0.6823,7.387,8.426,4.992,0.3478,7.761,3.032,4.666,0.8164,8.053,5.911,2.57,0.9223,9.818,6.454,3.552,0.5114,8.538,8.405,2.704,0.4242,6.477,4.462,7.745,0.9783,8.184,3.25,5.612,0.815,6.522,6.212,3.748,0.6627,10.24,7.743,5.175,0.7869,10.015,6.688,1.103,0.0562,6.339,7.32,4.846,0.7056,9.333,6.338,4.078,0.4734,8.165,3.603,3.394,0.9341,6.024,5.516,4.421,0.744,3.449,1.933,8.822,0.7064,7.256,4.501,5.903,0.739,6.258,3.991,4.519,0.6491,8.238,4.953,5.768,0.5927,7.745,7.38,6.289,0.8839,5.746,4.613,5.072,0.6039,10.541,6.644,1.48,0.1862,7.669,4.991,5.842,0.7869,8.355,3.037,7.33,0.6839,5.454,4.815,6.187,0.4057,9.339,6.385,2.7,0.8253,4.877,6.037,3.066,0.7991,6.612,3.747,7.493,0.698,7.829,4.712,6.201,0.8275,8.14,8.07,4.067,0.5947,5.038,3.863,3.206,0.6718,6.545,3.792,5.384,0.7864,6.469,3.363,7.336,0.98,9.611,2.426,6.976,0.7439,3.819,5.025,6.501,0.98,7.466,6.535,7.327,0.8915,13.489,5.304,3.544,0.4598,7.039,5.16,7.531,0.4662,6.708,2.128,8.132,0.98,9.361,3.295,4.723,0.7297,5.58,6.606,7.035,0.8532,8.72,6.186,3.758,0.7341,9.626,6.949,2.298,0.1862,5.943,2.087,4.609,0.8264,8.801,6.393,3.733,0.8585,5.634,6.747,7.428,0.4154,5.984,5.907,7.333,0.7511,7.02,4.707,4.42,0.8857,7.694,7.198,4.335,0.6627,6.608,6.792,6.271,0.4311,5.261,3.573,7.915,0.98
