sample_id,animal_id,condition,tutoring_hours,true_plasticity_score,scProp_Glutamatergic_Neuron,scProp_GABAergic_Interneuron,scProp_Oligodendrocyte,scProp_Astrocytes,scProp_Microglia,RNA_BDNF,ChIP_H3K4me3_BDNF,ChIP_H3K27me3_BDNF,WGBS_CpG_BDNF,RNA_FOXP2,ChIP_H3K4me3_FOXP2,ChIP_H3K27me3_FOXP2,WGBS_CpG_FOXP2,RNA_EGR1,ChIP_H3K4me3_EGR1,ChIP_H3K27me3_EGR1,WGBS_CpG_EGR1,RNA_FOS,ChIP_H3K4me3_FOS,ChIP_H3K27me3_FOS,WGBS_CpG_FOS,RNA_ARC,ChIP_H3K4me3_ARC,ChIP_H3K27me3_ARC,WGBS_CpG_ARC,RNA_NPAS4,ChIP_H3K4me3_NPAS4,ChIP_H3K27me3_NPAS4,WGBS_CpG_NPAS4,RNA_DNMT3A,ChIP_H3K4me3_DNMT3A,ChIP_H3K27me3_DNMT3A,WGBS_CpG_DNMT3A,RNA_TET2,ChIP_H3K4me3_TET2,ChIP_H3K27me3_TET2,WGBS_CpG_TET2,RNA_KDM6A,ChIP_H3K4me3_KDM6A,ChIP_H3K27me3_KDM6A,WGBS_CpG_KDM6A,RNA_EZH2,ChIP_H3K4me3_EZH2,ChIP_H3K27me3_EZH2,WGBS_CpG_EZH2,RNA_CREB1,ChIP_H3K4me3_CREB1,ChIP_H3K27me3_CREB1,WGBS_CpG_CREB1,RNA_HDAC2,ChIP_H3K4me3_HDAC2,ChIP_H3K27me3_HDAC2,WGBS_CpG_HDAC2,RNA_CAMK2A,ChIP_H3K4me3_CAMK2A,ChIP_H3K27me3_CAMK2A,WGBS_CpG_CAMK2A,RNA_GRIN2B,ChIP_H3K4me3_GRIN2B,ChIP_H3K27me3_GRIN2B,WGBS_CpG_GRIN2B,RNA_SYP,ChIP_H3K4me3_SYP,ChIP_H3K27me3_SYP,WGBS_CpG_SYP,RNA_SYN1,ChIP_H3K4me3_SYN1,ChIP_H3K27me3_SYN1,WGBS_CpG_SYN1,RNA_MEF2C,ChIP_H3K4me3_MEF2C,ChIP_H3K27me3_MEF2C,WGBS_CpG_MEF2C,RNA_KMT2A,ChIP_H3K4me3_KMT2A,ChIP_H3K27me3_KMT2A,WGBS_CpG_KMT2A,RNA_GENE_001,ChIP_H3K4me3_GENE_001,ChIP_H3K27me3_GENE_001,WGBS_CpG_GENE_001,RNA_GENE_002,ChIP_H3K4me3_GENE_002,ChIP_H3K27me3_GENE_002,WGBS_CpG_GENE_002,RNA_GENE_003,ChIP_H3K4me3_GENE_003,ChIP_H3K27me3_GENE_003,WGBS_CpG_GENE_003,RNA_GENE_004,ChIP_H3K4me3_GENE_004,ChIP_H3K27me3_GENE_004,WGBS_CpG_GENE_004,RNA_GENE_005,ChIP_H3K4me3_GENE_005,ChIP_H3K27me3_GENE_005,WGBS_CpG_GENE_005,RNA_GENE_006,ChIP_H3K4me3_GENE_006,ChIP_H3K27me3_GENE_006,WGBS_CpG_GENE_006,RNA_GENE_007,ChIP_H3K4me3_GENE_007,ChIP_H3K27me3_GENE_007,WGBS_CpG_GENE_007,RNA_GENE_008,ChIP_H3K4me3_GENE_008,ChIP_H3K27me3_GENE_008,WGBS_CpG_GENE_008,RNA_GENE_009,ChIP_H3K4me3_GENE_009,ChIP_H3K27me3_GENE_009,WGBS_CpG_GENE_009,RNA_GENE_010,ChIP_H3K4me3_GENE_010,ChIP_H3K27me3_GENE_010,WGBS_CpG_GENE_010,RNA_GENE_011,ChIP_H3K4me3_GENE_011,ChIP_H3K27me3_GENE_011,WGBS_CpG_GENE_011,RNA_GENE_012,ChIP_H3K4me3_GENE_012,ChIP_H3K27me3_GENE_012,WGBS_CpG_GENE_012,RNA_GENE_013,ChIP_H3K4me3_GENE_013,ChIP_H3K27me3_GENE_013,WGBS_CpG_GENE_013,RNA_GENE_014,ChIP_H3K4me3_GENE_014,ChIP_H3K27me3_GENE_014,WGBS_CpG_GENE_014,RNA_GENE_015,ChIP_H3K4me3_GENE_015,ChIP_H3K27me3_GENE_015,WGBS_CpG_GENE_015,RNA_GENE_016,ChIP_H3K4me3_GENE_016,ChIP_H3K27me3_GENE_016,WGBS_CpG_GENE_016,RNA_GENE_017,ChIP_H3K4me3_GENE_017,ChIP_H3K27me3_GENE_017,WGBS_CpG_GENE_017,RNA_GENE_018,ChIP_H3K4me3_GENE_018,ChIP_H3K27me3_GENE_018,WGBS_CpG_GENE_018,RNA_GENE_019,ChIP_H3K4me3_GENE_019,ChIP_H3K27me3_GENE_019,WGBS_CpG_GENE_019,RNA_GENE_020,ChIP_H3K4me3_GENE_020,ChIP_H3K27me3_GENE_020,WGBS_CpG_GENE_020,RNA_GENE_021,ChIP_H3K4me3_GENE_021,ChIP_H3K27me3_GENE_021,WGBS_CpG_GENE_021,RNA_GENE_022,ChIP_H3K4me3_GENE_022,ChIP_H3K27me3_GENE_022,WGBS_CpG_GENE_022,RNA_GENE_023,ChIP_H3K4me3_GENE_023,ChIP_H3K27me3_GENE_023,WGBS_CpG_GENE_023,RNA_GENE_024,ChIP_H3K4me3_GENE_024,ChIP_H3K27me3_GENE_024,WGBS_CpG_GENE_024,RNA_GENE_025,ChIP_H3K4me3_GENE_025,ChIP_H3K27me3_GENE_025,WGBS_CpG_GENE_025,RNA_GENE_026,ChIP_H3K4me3_GENE_026,ChIP_H3K27me3_GENE_026,WGBS_CpG_GENE_026,RNA_GENE_027,ChIP_H3K4me3_GENE_027,ChIP_H3K27me3_GENE_027,WGBS_CpG_GENE_027,RNA_GENE_028,ChIP_H3K4me3_GENE_028,ChIP_H3K27me3_GENE_028,WGBS_CpG_GENE_028,RNA_GENE_029,ChIP_H3K4me3_GENE_029,ChIP_H3K27me3_GENE_029,WGBS_CpG_GENE_029,RNA_GENE_030,ChIP_H3K4me3_GENE_030,ChIP_H3K27me3_GENE_030,WGBS_CpG_GENE_030,RNA_GENE_031,ChIP_H3K4me3_GENE_031,ChIP_H3K27me3_GENE_031,WGBS_CpG_GENE_031,RNA_GENE_032,ChIP_H3K4me3_GENE_032,ChIP_H3K27me3_GENE_032,WGBS_CpG_GENE_032,RNA_GENE_033,ChIP_H3K4me3_GENE_033,ChIP_H3K27me3_GENE_033,WGBS_CpG_GENE_033,RNA_GENE_034,ChIP_H3K4me3_GENE_034,ChIP_H3K27me3_GENE_034,WGBS_CpG_GENE_034,RNA_GENE_035,ChIP_H3K4me3_GENE_035,ChIP_H3K27me3_GENE_035,WGBS_CpG_GENE_035,RNA_GENE_036,ChIP_H3K4me3_GENE_036,ChIP_H3K27me3_GENE_036,WGBS_CpG_GENE_036,RNA_GENE_037,ChIP_H3K4me3_GENE_037,ChIP_H3K27me3_GENE_037,WGBS_CpG_GENE_037,RNA_GENE_038,ChIP_H3K4me3_GENE_038,ChIP_H3K27me3_GENE_038,WGBS_CpG_GENE_038,RNA_GENE_039,ChIP_H3K4me3_GENE_039,ChIP_H3K27me3_GENE_039,WGBS_CpG_GENE_039,RNA_GENE_040,ChIP_H3K4me3_GENE_040,ChIP_H3K27me3_GENE_040,WGBS_CpG_GENE_040,RNA_GENE_041,ChIP_H3K4me3_GENE_041,ChIP_H3K27me3_GENE_041,WGBS_CpG_GENE_041,RNA_GENE_042,ChIP_H3K4me3_GENE_042,ChIP_H3K27me3_GENE_042,WGBS_CpG_GENE_042,RNA_GENE_043,ChIP_H3K4me3_GENE_043,ChIP_H3K27me3_GENE_043,WGBS_CpG_GENE_043,RNA_GENE_044,ChIP_H3K4me3_GENE_044,ChIP_H3K27me3_GENE_044,WGBS_CpG_GENE_044,RNA_GENE_045,ChIP_H3K4me3_GENE_045,ChIP_H3K27me3_GENE_045,WGBS_CpG_GENE_045,RNA_GENE_046,ChIP_H3K4me3_GENE_046,ChIP_H3K27me3_GENE_046,WGBS_CpG_GENE_046,RNA_GENE_047,ChIP_H3K4me3_GENE_047,ChIP_H3K27me3_GENE_047,WGBS_CpG_GENE_047,RNA_GENE_048,ChIP_H3K4me3_GENE_048,ChIP_H3K27me3_GENE_048,WGBS_CpG_GENE_048,RNA_GENE_049,ChIP_H3K4me3_GENE_049,ChIP_H3K27me3_GENE_049,WGBS_CpG_GENE_049,RNA_GENE_050,ChIP_H3K4me3_GENE_050,ChIP_H3K27me3_GENE_050,WGBS_CpG_GENE_050,RNA_GENE_051,ChIP_H3K4me3_GENE_051,ChIP_H3K27me3_GENE_051,WGBS_CpG_GENE_051,RNA_GENE_052,ChIP_H3K4me3_GENE_052,ChIP_H3K27me3_GENE_052,WGBS_CpG_GENE_052,RNA_GENE_053,ChIP_H3K4me3_GENE_053,ChIP_H3K27me3_GENE_053,WGBS_CpG_GENE_053,RNA_GENE_054,ChIP_H3K4me3_GENE_054,ChIP_H3K27me3_GENE_054,WGBS_CpG_GENE_054,RNA_GENE_055,ChIP_H3K4me3_GENE_055,ChIP_H3K27me3_GENE_055,WGBS_CpG_GENE_055,RNA_GENE_056,ChIP_H3K4me3_GENE_056,ChIP_H3K27me3_GENE_056,WGBS_CpG_GENE_056,RNA_GENE_057,ChIP_H3K4me3_GENE_057,ChIP_H3K27me3_GENE_057,WGBS_CpG_GENE_057,RNA_GENE_058,ChIP_H3K4me3_GENE_058,ChIP_H3K27me3_GENE_058,WGBS_CpG_GENE_058,RNA_GENE_059,ChIP_H3K4me3_GENE_059,ChIP_H3K27me3_GENE_059,WGBS_CpG_GENE_059,RNA_GENE_060,ChIP_H3K4me3_GENE_060,ChIP_H3K27me3_GENE_060,WGBS_CpG_GENE_060,RNA_GENE_061,ChIP_H3K4me3_GENE_061,ChIP_H3K27me3_GENE_061,WGBS_CpG_GENE_061,RNA_GENE_062,ChIP_H3K4me3_GENE_062,ChIP_H3K27me3_GENE_062,WGBS_CpG_GENE_062,RNA_GENE_063,ChIP_H3K4me3_GENE_063,ChIP_H3K27me3_GENE_063,WGBS_CpG_GENE_063,RNA_GENE_064,ChIP_H3K4me3_GENE_064,ChIP_H3K27me3_GENE_064,WGBS_CpG_GENE_064,RNA_GENE_065,ChIP_H3K4me3_GENE_065,ChIP_H3K27me3_GENE_065,WGBS_CpG_GENE_065,RNA_GENE_066,ChIP_H3K4me3_GENE_066,ChIP_H3K27me3_GENE_066,WGBS_CpG_GENE_066,RNA_GENE_067,ChIP_H3K4me3_GENE_067,ChIP_H3K27me3_GENE_067,WGBS_CpG_GENE_067,RNA_GENE_068,ChIP_H3K4me3_GENE_068,ChIP_H3K27me3_GENE_068,WGBS_CpG_GENE_068,RNA_GENE_069,ChIP_H3K4me3_GENE_069,ChIP_H3K27me3_GENE_069,WGBS_CpG_GENE_069,RNA_GENE_070,ChIP_H3K4me3_GENE_070,ChIP_H3K27me3_GENE_070,WGBS_CpG_GENE_070,RNA_GENE_071,ChIP_H3K4me3_GENE_071,ChIP_H3K27me3_GENE_071,WGBS_CpG_GENE_071,RNA_GENE_072,ChIP_H3K4me3_GENE_072,ChIP_H3K27me3_GENE_072,WGBS_CpG_GENE_072,RNA_GENE_073,ChIP_H3K4me3_GENE_073,ChIP_H3K27me3_GENE_073,WGBS_CpG_GENE_073,RNA_GENE_074,ChIP_H3K4me3_GENE_074,ChIP_H3K27me3_GENE_074,WGBS_CpG_GENE_074,RNA_GENE_075,ChIP_H3K4me3_GENE_075,ChIP_H3K27me3_GENE_075,WGBS_CpG_GENE_075,RNA_GENE_076,ChIP_H3K4me3_GENE_076,ChIP_H3K27me3_GENE_076,WGBS_CpG_GENE_076,RNA_GENE_077,ChIP_H3K4me3_GENE_077,ChIP_H3K27me3_GENE_077,WGBS_CpG_GENE_077,RNA_GENE_078,ChIP_H3K4me3_GENE_078,ChIP_H3K27me3_GENE_078,WGBS_CpG_GENE_078,RNA_GENE_079,ChIP_H3K4me3_GENE_079,ChIP_H3K27me3_GENE_079,WGBS_CpG_GENE_079,RNA_GENE_080,ChIP_H3K4me3_GENE_080,ChIP_H3K27me3_GENE_080,WGBS_CpG_GENE_080,RNA_GENE_081,ChIP_H3K4me3_GENE_081,ChIP_H3K27me3_GENE_081,WGBS_CpG_GENE_081,RNA_GENE_082,ChIP_H3K4me3_GENE_082,ChIP_H3K27me3_GENE_082,WGBS_CpG_GENE_082,RNA_GENE_083,ChIP_H3K4me3_GENE_083,ChIP_H3K27me3_GENE_083,WGBS_CpG_GENE_083,RNA_GENE_084,ChIP_H3K4me3_GENE_084,ChIP_H3K27me3_GENE_084,WGBS_CpG_GENE_084,RNA_GENE_085,ChIP_H3K4me3_GENE_085,ChIP_H3K27me3_GENE_085,WGBS_CpG_GENE_085,RNA_GENE_086,ChIP_H3K4me3_GENE_086,ChIP_H3K27me3_GENE_086,WGBS_CpG_GENE_086,RNA_GENE_087,ChIP_H3K4me3_GENE_087,ChIP_H3K27me3_GENE_087,WGBS_CpG_GENE_087,RNA_GENE_088,ChIP_H3K4me3_GENE_088,ChIP_H3K27me3_GENE_088,WGBS_CpG_GENE_088,RNA_GENE_089,ChIP_H3K4me3_GENE_089,ChIP_H3K27me3_GENE_089,WGBS_CpG_GENE_089,RNA_GENE_090,ChIP_H3K4me3_GENE_090,ChIP_H3K27me3_GENE_090,WGBS_CpG_GENE_090,RNA_GENE_091,ChIP_H3K4me3_GENE_091,ChIP_H3K27me3_GENE_091,WGBS_CpG_GENE_091,RNA_GENE_092,ChIP_H3K4me3_GENE_092,ChIP_H3K27me3_GENE_092,WGBS_CpG_GENE_092,RNA_GENE_093,ChIP_H3K4me3_GENE_093,ChIP_H3K27me3_GENE_093,WGBS_CpG_GENE_093,RNA_GENE_094,ChIP_H3K4me3_GENE_094,ChIP_H3K27me3_GENE_094,WGBS_CpG_GENE_094,RNA_GENE_095,ChIP_H3K4me3_GENE_095,ChIP_H3K27me3_GENE_095,WGBS_CpG_GENE_095,RNA_GENE_096,ChIP_H3K4me3_GENE_096,ChIP_H3K27me3_GENE_096,WGBS_CpG_GENE_096,RNA_GENE_097,ChIP_H3K4me3_GENE_097,ChIP_H3K27me3_GENE_097,WGBS_CpG_GENE_097,RNA_GENE_098,ChIP_H3K4me3_GENE_098,ChIP_H3K27me3_GENE_098,WGBS_CpG_GENE_098,RNA_GENE_099,ChIP_H3K4me3_GENE_099,ChIP_H3K27me3_GENE_099,WGBS_CpG_GENE_099,RNA_GENE_100,ChIP_H3K4me3_GENE_100,ChIP_H3K27me3_GENE_100,WGBS_CpG_GENE_100,RNA_GENE_101,ChIP_H3K4me3_GENE_101,ChIP_H3K27me3_GENE_101,WGBS_CpG_GENE_101,RNA_GENE_102,ChIP_H3K4me3_GENE_102,ChIP_H3K27me3_GENE_102,WGBS_CpG_GENE_102
ZF_01_Untu_R1,Animal_01,Untutored_Isolate,0,0.0,0.5274,0.1743,0.1278,0.0962,0.0743,6.759,4.191,3.478,0.3899,5.065,4.809,2.554,0.5691,6.312,5.745,1.925,0.6766,7.081,7.663,3.234,0.3848,7.641,3.596,3.317,0.6927,9.343,7.315,5.003,0.2729,8.9,7.894,2.424,0.7759,7.553,3.053,4.508,0.3144,5.209,3.412,5.403,0.6386,8.409,6.601,3.664,0.5797,6.759,5.404,4.402,0.7474,6.122,8.203,4.306,0.4988,3.993,5.542,5.753,0.2309,5.134,5.245,5.95,0.763,4.872,4.82,1.953,0.5143,7.678,5.037,4.302,0.7632,4.68,7.324,5.346,0.4577,4.368,2.648,2.505,0.5618,9.146,4.049,3.741,0.3813,6.532,4.459,3.664,0.3721,7.628,5.431,5.632,0.7131,6.749,3.607,4.422,0.4949,7.27,4.689,4.895,0.4239,7.451,3.992,3.505,0.5274,7.051,6.495,2.713,0.6875,9.086,5.292,2.001,0.8125,8.843,3.374,5.786,0.6478,5.44,3.525,5.721,0.4839,5.606,6.57,2.435,0.5556,5.977,3.655,5.888,0.5094,8.195,3.424,2.116,0.4779,6.9,2.835,2.098,0.6511,6.238,6.071,4.703,0.3051,8.826,4.809,2.92,0.3739,8.086,4.155,2.92,0.5828,4.495,6.233,5.107,0.5984,5.953,2.211,6.423,0.2876,5.969,3.12,4.917,0.6525,9.616,4.094,2.8,0.4859,4.225,3.686,3.782,0.801,8.461,4.004,3.339,0.3293,8.326,6.903,4.03,0.4452,7.425,3.891,2.852,0.3384,6.841,4.718,1.458,0.4349,8.682,5.472,4.436,0.3854,7.357,6.144,4.532,0.6591,8.586,5.64,3.635,0.8007,6.068,6.388,6.389,0.4993,8.917,6.428,2.87,0.7723,7.993,8.062,1.946,0.4086,7.322,5.708,1.717,0.541,6.292,5.21,3.401,0.4523,7.739,5.208,3.698,0.777,6.611,6.107,4.563,0.8499,7.771,3.855,2.608,0.3475,6.818,5.59,5.027,0.7329,7.1,5.314,1.882,0.4536,4.088,5.546,5.168,0.5384,7.036,4.804,5.226,0.5263,8.912,5.658,2.482,0.7775,8.394,6.805,3.048,0.8059,4.758,6.057,5.091,0.56,4.504,3.681,4.238,0.7787,8.577,5.866,5.278,0.349,4.626,2.713,2.884,0.4319,6.091,5.419,3.425,0.3299,4.344,3.91,4.978,0.4901,7.514,6.376,4.303,0.3687,5.116,5.807,1.993,0.2206,8.345,4.26,6.031,0.5896,4.207,3.166,4.975,0.4532,7.166,3.385,2.917,0.6863,5.321,4.689,5.626,0.3207,5.659,3.843,4.817,0.4065,6.286,3.153,5.766,0.5768,6.035,4.801,4.144,0.5381,6.88,3.923,3.843,0.4925,6.782,3.118,6.021,0.4414,4.504,5.191,2.394,0.4154,6.084,6.771,4.23,0.2447,7.294,3.29,5.318,0.4419,6.877,2.819,5.14,0.3355,4.554,2.999,5.613,0.4983,8.431,2.699,3.966,0.7373,7.268,3.909,3.231,0.4625,3.731,2.381,5.049,0.5951,5.116,3.739,3.539,0.6186,6.673,3.581,2.721,0.5564,8.072,6.427,5.122,0.5271,7.363,2.794,5.13,0.2512,8.792,4.624,5.224,0.5584,6.794,5.178,3.883,0.7651,5.799,3.639,2.312,0.4987,6.344,2.906,3.263,0.6988,8.284,5.548,5.22,0.4412,4.84,5.015,4.045,0.4425,7.607,3.491,4.408,0.6579,5.127,3.634,3.495,0.6891,5.098,3.18,5.78,0.3973,6.915,2.938,2.582,0.3891,4.566,4.666,3.072,0.5808,4.33,5.363,4.835,0.5504,5.947,4.261,5.283,0.5462,6.944,2.732,6.259,0.6293,7.836,4.527,3.752,0.3641,6.49,3.152,2.026,0.8548,6.29,2.869,4.72,0.7625,7.46,2.961,4.562,0.6176,7.111,4.506,2.4,0.2813,4.655,4.942,5.733,0.442,5.363,4.769,4.562,0.4441,6.334,3.64,2.228,0.5132,4.518,2.7,2.43,0.6721,5.958,5.232,3.166,0.6416,6.152,6.358,4.776,0.552,8.759,5.846,5.904,0.4323,6.944,4.506,1.97,0.6226,7.441,3.162,3.054,0.4369,6.181,5.48,4.348,0.5827,7.626,5.486,4.305,0.6111
ZF_02_Untu_R2,Animal_02,Untutored_Isolate,0,0.0,0.5295,0.1664,0.1326,0.0977,0.0738,7.184,6.891,4.155,0.2245,7.309,6.83,5.203,0.4791,6.993,6.709,3.988,0.6799,5.533,6.848,2.474,0.717,7.549,4.898,1.857,0.6765,5.855,7.947,3.227,0.3813,6.395,8.181,4.27,0.7666,7.162,3.356,3.653,0.7486,7.64,6.117,3.077,0.6121,8.173,8.983,4.585,0.3516,8.409,7.915,3.612,0.2856,8.33,7.058,2.389,0.7449,5.984,2.635,4.332,0.5254,5.17,2.582,2.835,0.4069,6.747,5.317,4.432,0.3944,4.725,3.932,1.859,0.3484,4.173,6.657,3.451,0.7118,6.419,2.594,2.607,0.3188,4.395,3.437,4.071,0.528,5.409,6.709,3.07,0.4894,6.954,4.799,5.354,0.3809,8.603,2.784,2.737,0.3064,5.524,4.272,4.01,0.5097,6.237,6.721,2.56,0.6192,7.624,3.086,4.578,0.3535,4.235,5.723,4.529,0.3822,4.063,3.631,2.505,0.3696,6.574,5.511,4.194,0.6617,7.988,6.598,5.721,0.369,6.951,4.739,4.803,0.6003,4.739,6.671,4.241,0.8173,8.21,2.983,6.311,0.5503,8.966,6.602,4.575,0.612,6.96,2.581,2.757,0.5849,5.751,4.369,6.041,0.6252,4.585,6.461,1.722,0.3521,5.551,5.813,4.684,0.4734,7.65,5.383,4.103,0.6892,7.899,6.651,2.741,0.4427,8.197,5.014,4.658,0.6908,4.29,5.236,4.136,0.7281,6.5,3.592,6.245,0.4311,7.802,5.559,2.83,0.4982,8.955,4.57,2.202,0.2586,5.649,3.2,2.376,0.6374,5.228,5.175,3.164,0.2688,7.999,4.957,3.27,0.5353,6.376,5.573,5.221,0.4001,4.909,2.735,4.125,0.7389,7.863,6.841,3.615,0.5584,5.31,4.942,2.134,0.7484,7.647,4.818,2.334,0.2537,5.492,4.995,5.376,0.3976,8.532,4.149,3.021,0.653,5.895,6.836,4.579,0.6542,8.471,6.508,6.059,0.4329,4.508,5.591,3.292,0.6535,6.995,2.074,4.493,0.6661,9.023,6.47,2.213,0.3142,7.052,5.967,2.772,0.6954,4.213,7.116,4.099,0.3855,4.952,3.743,5.293,0.6697,7.439,3.378,3.999,0.5246,8.889,3.066,4.442,0.3793,4.462,6.547,3.395,0.7288,5.109,4.351,4.45,0.7304,5.215,2.2,2.881,0.7399,7.037,4.737,3.291,0.7149,6.576,4.454,5.061,0.376,7.034,5.311,3.018,0.7016,6.607,4.055,2.489,0.392,7.179,5.033,6.031,0.4049,3.844,3.045,4.228,0.3519,4.798,2.363,2.105,0.4614,8.324,4.366,5.277,0.5055,7.954,2.945,2.268,0.4588,9.516,5.156,1.757,0.3334,4.973,4.402,3.758,0.3791,4.527,4.104,3.016,0.6106,9.03,7.007,2.335,0.6135,5.798,6.705,3.882,0.4465,3.855,3.742,5.359,0.6836,4.469,6.197,5.221,0.4258,6.536,3.497,2.366,0.4518,6.16,6.039,2.307,0.7875,5.618,3.405,3.597,0.408,6.656,2.751,4.661,0.3447,8.239,4.199,5.758,0.4948,6.022,3.984,3.315,0.6324,7.446,2.273,3.868,0.3088,4.854,3.333,5.564,0.4925,8.77,4.228,3.492,0.4953,6.307,5.615,2.401,0.5979,7.139,4.066,1.866,0.564,6.448,3.963,4.159,0.3263,6.838,4.054,1.949,0.5716,8.527,3.828,4.628,0.7518,6.397,5.447,3.706,0.3478,8.954,3.37,3.123,0.4335,4.703,4.64,3.379,0.4321,6.545,6.009,1.837,0.6244,5.421,6.999,5.278,0.5637,9.043,4.153,3.696,0.6679,7.965,4.386,2.746,0.4202,8.843,4.731,3.053,0.7132,6.994,2.634,4.161,0.3534,7.805,4.432,2.631,0.7723,5.128,4.208,2.773,0.7148,9.158,4.177,4.946,0.3685,8.365,3.367,2.405,0.2484,8.437,6.68,3.943,0.3149,4.627,6.4,4.895,0.6517,5.095,6.802,3.244,0.3636,5.116,5.033,3.78,0.6887,8.563,6.4,4.066,0.7729,8.978,5.742,2.031,0.498,5.509,4.285,5.964,0.2667,8.152,4.036,4.624,0.5568,6.95,5.993,2.293,0.3802,5.253,3.25,3.463,0.616
ZF_03_Untu_R3,Animal_03,Untutored_Isolate,0,0.0,0.537,0.1686,0.138,0.0984,0.0581,4.856,3.848,1.786,0.6474,6.238,6.906,4.869,0.6319,4.863,5.47,4.758,0.4085,5.861,7.087,5.122,0.7272,9.034,5.169,5.262,0.3876,5.282,7.825,3.057,0.6815,9.57,4.852,5.457,0.6405,6.792,5.517,3.665,0.501,7.187,3.261,4.348,0.2891,6.728,8.213,4.724,0.7705,9.034,5.633,3.572,0.7004,6.759,5.691,2.184,0.4051,6.485,5.572,4.059,0.5033,5.934,4.268,4.947,0.5838,6.115,2.876,5.517,0.5249,8.119,2.607,2.556,0.4271,8.322,5.449,5.768,0.6058,4.952,3.166,4.591,0.7785,7.715,4.673,5.715,0.5724,4.077,2.896,5.514,0.5939,8.331,4.453,3.963,0.6498,4.048,3.6,4.466,0.5227,8.13,4.515,4.707,0.5157,7.522,3.664,5.742,0.3801,4.941,3.97,5.264,0.7541,5.624,6.4,5.5,0.3944,8.549,6.34,3.479,0.7661,7.844,4.341,5.072,0.4123,7.003,3.98,4.608,0.5664,7.474,3.026,2.466,0.6199,7.962,3.885,5.204,0.6866,4.448,3.882,4.987,0.6191,7.276,7.751,2.095,0.6267,8.357,4.912,2.162,0.4488,4.225,4.391,2.977,0.7666,8.552,6.379,2.512,0.4803,7.223,4.422,4.141,0.4126,4.087,3.382,4.013,0.3608,5.338,7.773,2.014,0.5715,9.391,4.415,2.643,0.6231,7.648,6.545,4.201,0.6002,5.642,3.028,2.228,0.378,5.179,4.748,2.432,0.439,6.505,7.229,1.702,0.3561,3.924,3.708,5.572,0.5912,8.728,4.524,5.23,0.4981,5.68,4.757,3.632,0.6459,4.88,5.423,4.979,0.6374,6.646,6.44,3.144,0.5668,6.852,6.024,2.536,0.654,7.195,7.365,3.321,0.589,8.29,4.493,4.168,0.3633,7.641,5.678,3.06,0.5003,5.73,4.177,3.737,0.6037,7.699,5.272,2.497,0.6606,8.117,5.153,4.557,0.7755,7.373,4.851,1.372,0.4676,6.134,2.727,3.089,0.2677,7.743,7.667,4.144,0.7144,7.829,4.382,3.167,0.7349,8.29,5.6,2.701,0.5955,6.254,5.437,6.028,0.3771,7.285,4.266,5.648,0.5775,5.674,4.711,2.29,0.6927,4.73,3.504,2.945,0.7809,6.534,6.238,4.331,0.2623,5.521,7.543,2.14,0.399,5.035,3.608,3.316,0.5972,7.05,5.943,5.271,0.7192,4.635,4.416,4.013,0.4345,8.616,5.127,6.099,0.6733,6.583,2.861,3.879,0.5812,4.614,4.081,5.881,0.5618,8.541,3.358,1.84,0.4316,7.366,3.264,3.192,0.4634,7.147,4.787,4.555,0.383,6.603,7.166,1.62,0.6487,7.089,4.3,5.576,0.5334,6.907,3.688,3.572,0.3515,6.306,7.327,4.386,0.6762,8.272,5.736,4.159,0.6797,6.027,3.675,2.429,0.6514,4.727,3.314,4.997,0.3868,5.116,6.517,2.19,0.6613,5.742,6.141,2.554,0.8565,5.053,3.119,3.003,0.5158,3.822,3.712,5.142,0.5485,4.11,3.185,5.304,0.6747,8.758,3.158,2.213,0.6361,5.166,4.072,1.843,0.5204,7.491,4.55,5.725,0.7424,6.029,4.609,5.373,0.4637,7.516,5.302,3.077,0.331,7.373,3.228,3.003,0.393,4.421,4.502,4.906,0.6114,7.522,6.516,3.668,0.5063,6.596,3.842,4.551,0.4365,4.351,3.008,4.753,0.7932,5.771,3.253,4.877,0.4793,7.546,5.082,4.003,0.3465,6.078,5.223,5.445,0.4286,7.72,7.509,5.112,0.3873,4.189,5.184,3.917,0.7136,4.271,2.812,3.064,0.4045,6.087,3.326,5.732,0.4993,5.618,2.276,5.689,0.6478,7.177,2.802,5.411,0.637,6.105,4.164,3.202,0.6852,8.351,6.144,4.688,0.4274,8.7,2.653,3.21,0.6754,9.315,5.217,5.381,0.7092,6.587,4.102,5.165,0.4618,7.087,3.161,2.935,0.5914,6.24,5.146,2.616,0.3455,4.789,4.651,4.307,0.5293,6.598,3.869,2.346,0.3954,8.101,3.289,5.195,0.5148,6.939,4.716,2.013,0.7833,4.273,7.014,2.718,0.769,6.27,6.885,4.4,0.3262
ZF_04_Untu_R4,Animal_04,Untutored_Isolate,0,0.0,0.5421,0.1711,0.1252,0.1005,0.0611,7.302,8.204,3.928,0.4336,7.931,2.793,3.004,0.6652,6.026,7.086,4.259,0.5876,6.219,5.217,2.889,0.3719,7.957,8.337,3.069,0.5621,7.738,4.891,5.17,0.6177,10.628,7.457,3.846,0.4792,4.155,4.79,5.859,0.5838,4.474,6.485,3.307,0.7558,6.751,6.111,2.35,0.6049,5.83,4.895,1.743,0.3499,8.054,6.153,3.79,0.4562,7.99,4.344,6.023,0.7418,7.35,4.29,3.086,0.7274,7.132,3.04,2.325,0.3361,6.314,3.054,3.229,0.6028,6.116,5.385,4.543,0.6985,6.22,5.078,4.206,0.7288,7.854,3.912,5.587,0.8156,7.167,6.454,3.399,0.4621,4.766,3.107,5.237,0.6889,7.318,4.348,2.494,0.5869,5.692,5.222,5.482,0.7724,7.487,3.432,2.959,0.7327,6.82,2.599,5.53,0.5525,4.534,3.662,2.646,0.3515,8.783,3.42,3.876,0.855,6.329,2.73,3.607,0.6452,7.024,2.741,2.165,0.6585,6.348,5.392,5.852,0.4222,8.887,4.733,4.658,0.6303,5.607,6.147,5.268,0.684,8.34,3.92,4.736,0.3261,8.495,5.476,4.927,0.2869,4.543,6.868,5.389,0.4309,5.554,3.217,2.197,0.6599,6.558,4.311,4.355,0.4493,8.268,3.48,2.526,0.4809,10.011,7.291,3.415,0.5122,4.291,4.348,2.391,0.6581,6.877,2.784,4.803,0.4509,6.75,4.973,2.832,0.4837,6.27,6.594,2.314,0.5491,5.991,6.949,2.908,0.3637,4.576,3.878,2.419,0.3698,5.566,6.791,1.311,0.3945,4.689,3.433,3.404,0.4037,4.455,7.088,4.455,0.6668,7.346,5.793,4.579,0.5959,8.187,4.074,1.633,0.4555,5.14,4.411,1.936,0.3526,7.086,5.794,4.526,0.7927,6.496,5.705,6.434,0.6128,6.41,6.687,3.776,0.5544,7.848,5.384,2.29,0.6896,5.677,4.129,2.772,0.5022,5.859,6.723,5.098,0.4463,5.394,6.277,3.953,0.2324,8.228,5.871,1.798,0.4001,8.701,3.706,3.226,0.8324,7.385,4.734,5.62,0.2765,4.897,4.938,4.451,0.5941,4.241,5.602,3.771,0.4594,3.988,3.253,5.039,0.5353,5.245,6.57,3.248,0.7213,7.955,4.407,2.933,0.4587,5.371,2.894,2.008,0.6949,7.333,5.602,4.203,0.7429,7.789,6.452,4.256,0.6674,4.405,2.649,1.686,0.3781,9.216,5.42,5.029,0.5667,7.354,4.737,6.066,0.7443,7.712,5.786,3.122,0.4125,7.45,4.627,2.504,0.5967,8.68,4.378,3.408,0.4243,8.163,3.61,4.496,0.766,9.047,5.789,3.566,0.3462,5.883,6.146,2.968,0.3164,8.511,2.783,2.963,0.7442,7.814,4.207,5.065,0.342,4.042,4.942,5.836,0.7055,7.322,5.164,3.199,0.5409,5.411,5.983,4.816,0.4987,3.447,4.294,1.929,0.6852,5.483,4.623,2.423,0.774,4.058,2.548,2.477,0.6557,4.267,3.822,3.934,0.6141,6.029,6.572,4.563,0.7265,5.561,5.962,4.169,0.6986,6.738,4.682,3.446,0.6859,4.425,3.398,4.635,0.7557,8.344,4.0,2.371,0.735,5.58,2.995,4.243,0.5537,8.499,4.629,2.195,0.4401,6.021,6.531,2.233,0.3577,6.059,6.587,4.361,0.7135,6.262,4.733,4.513,0.546,8.161,5.614,3.833,0.6511,7.191,2.457,3.12,0.4571,6.996,7.621,5.183,0.688,7.958,6.823,4.219,0.2907,5.822,5.735,2.294,0.5445,7.13,2.91,2.581,0.7611,8.178,7.544,3.861,0.642,8.58,6.192,4.678,0.4566,5.623,6.912,2.317,0.6379,5.669,3.544,5.826,0.5406,6.074,4.801,5.056,0.4369,5.077,5.972,3.731,0.4058,8.696,3.009,5.742,0.525,6.627,5.838,2.602,0.752,6.188,2.664,2.223,0.5274,5.414,5.576,3.7,0.3873,5.932,3.381,3.285,0.6052,4.634,3.672,3.981,0.5054,9.213,6.071,3.81,0.6465,5.605,5.334,3.448,0.4252,5.968,3.684,5.255,0.3349,8.374,3.939,4.249,0.3579,5.072,5.561,4.706,0.7959
ZF_05_Untu_R5,Animal_05,Untutored_Isolate,0,0.0,0.546,0.1478,0.145,0.08,0.0813,6.081,5.8,2.341,0.444,7.467,5.166,2.105,0.6811,5.851,7.346,3.094,0.6015,9.341,7.196,3.844,0.7293,7.414,3.729,1.998,0.3245,8.641,4.467,3.368,0.6832,5.846,5.125,4.189,0.4733,8.473,4.647,3.393,0.6829,7.204,5.533,3.39,0.4814,9.823,5.977,3.511,0.571,9.285,4.103,4.76,0.639,6.433,4.909,3.404,0.6918,6.716,3.25,4.979,0.448,5.693,5.071,5.029,0.7774,8.266,6.733,5.431,0.6815,8.856,3.853,4.125,0.5505,6.641,6.87,3.746,0.5668,7.6,2.732,4.831,0.4806,7.346,4.358,2.629,0.7488,4.68,6.475,4.009,0.6791,7.351,3.323,4.246,0.5286,8.444,4.577,5.369,0.7225,6.62,3.618,5.501,0.4192,8.369,3.451,4.541,0.3955,5.613,5.206,4.854,0.4283,8.15,4.015,5.06,0.4973,8.373,7.276,3.051,0.4542,5.002,4.889,3.504,0.4975,6.668,3.158,3.774,0.7642,8.383,3.856,3.608,0.5021,7.96,3.464,5.814,0.6089,9.381,3.257,1.791,0.6153,9.822,7.27,2.625,0.2981,8.186,5.454,5.234,0.3321,5.33,6.67,2.672,0.5912,8.582,4.78,4.321,0.6959,7.168,3.416,3.711,0.5606,5.716,4.79,3.863,0.4244,7.43,5.824,5.483,0.7273,8.5,5.153,6.269,0.4325,5.675,3.561,4.876,0.5781,8.088,4.192,2.376,0.768,6.391,5.305,3.014,0.5308,8.263,3.736,3.215,0.5697,7.68,7.214,4.487,0.3951,8.718,6.72,3.023,0.2979,8.859,4.806,1.873,0.3468,5.033,4.478,2.221,0.3471,6.961,6.19,3.725,0.6773,6.465,3.823,4.643,0.357,9.107,8.076,4.745,0.5227,5.302,4.833,5.26,0.6111,4.702,5.49,3.425,0.7053,8.823,5.212,5.516,0.4182,6.352,6.705,4.981,0.3574,7.869,2.833,5.41,0.8152,8.643,7.293,1.454,0.6421,7.174,5.422,2.841,0.6537,4.837,5.907,1.645,0.6825,6.334,3.214,2.195,0.3767,8.617,5.92,4.952,0.6576,7.564,3.936,3.723,0.709,6.32,6.034,5.565,0.5616,4.502,6.56,5.807,0.519,6.634,4.534,3.536,0.5283,7.754,5.413,4.331,0.6227,7.403,6.402,3.27,0.5709,4.42,6.591,2.069,0.5298,7.543,6.687,2.895,0.5437,5.433,2.904,5.989,0.4959,5.162,6.625,2.637,0.5931,4.717,3.693,3.886,0.377,6.712,2.461,4.855,0.7462,8.964,5.948,3.216,0.4615,4.463,2.386,3.362,0.816,8.267,4.299,2.549,0.5428,5.842,5.772,3.561,0.3781,6.391,6.234,3.548,0.4593,8.761,6.296,2.436,0.5424,6.267,6.977,3.636,0.2836,8.002,5.438,2.045,0.5588,6.609,5.82,3.893,0.4981,8.202,4.711,4.017,0.6941,8.626,6.332,2.433,0.7632,5.974,5.675,5.382,0.3419,8.717,6.648,3.743,0.5852,7.404,3.733,5.345,0.5453,7.393,4.504,1.885,0.3598,8.165,3.613,2.85,0.7267,6.87,6.562,3.211,0.7412,7.79,2.36,2.87,0.4659,5.097,6.462,2.248,0.4805,7.72,7.077,2.183,0.5367,6.444,3.823,6.059,0.7655,4.404,5.655,2.399,0.2945,4.7,5.07,3.066,0.3636,5.993,6.541,6.749,0.6673,5.834,6.383,3.152,0.327,7.609,4.911,5.328,0.3496,5.158,4.854,5.95,0.5782,8.325,3.95,2.66,0.3053,8.579,2.918,4.569,0.5848,8.394,5.688,4.007,0.3459,8.897,4.325,2.952,0.7684,5.732,2.577,4.385,0.5067,5.447,5.967,3.241,0.3749,7.245,3.515,3.242,0.42,6.968,3.701,5.843,0.7231,4.931,7.807,3.485,0.6257,7.083,7.036,6.007,0.5492,8.272,5.041,3.077,0.7486,7.857,4.399,5.077,0.4002,5.242,5.457,4.14,0.7227,4.766,6.828,5.583,0.3446,7.573,4.032,1.926,0.5562,7.959,3.908,2.718,0.472,4.863,6.932,4.364,0.7165,4.38,5.301,5.549,0.5006,8.556,4.875,1.913,0.7483,5.593,5.986,5.405,0.7244
ZF_06_Untu_R6,Animal_06,Untutored_Isolate,0,0.0262,0.529,0.1958,0.1285,0.0828,0.0639,5.702,7.483,1.19,0.3996,5.314,6.224,4.206,0.7174,9.437,3.925,3.761,0.3443,8.859,7.564,3.373,0.583,8.81,5.445,1.404,0.4334,7.016,8.003,2.829,0.4718,7.799,4.896,3.672,0.7676,9.045,2.95,2.473,0.6216,8.504,4.963,2.285,0.4243,9.521,7.474,3.202,0.4895,6.539,3.959,2.559,0.6477,8.371,6.945,4.214,0.8071,5.469,6.529,5.207,0.4918,3.809,5.121,4.604,0.3592,4.707,4.246,4.237,0.6147,8.572,2.906,2.36,0.5593,6.433,4.72,2.181,0.356,5.683,5.726,2.427,0.3332,5.822,6.0,4.168,0.5419,5.894,3.856,2.55,0.3923,8.839,5.055,4.903,0.4174,6.558,6.015,5.174,0.3513,5.086,3.91,4.682,0.6193,6.805,6.348,4.136,0.7386,7.098,5.661,5.11,0.8219,7.311,6.432,5.652,0.5978,5.817,5.487,2.629,0.3781,7.759,5.008,5.096,0.4872,9.037,4.256,4.434,0.6263,4.789,6.651,5.532,0.4006,6.16,4.372,5.714,0.4633,6.029,4.007,4.172,0.627,8.992,7.163,2.469,0.6354,8.339,5.433,3.537,0.4574,4.589,2.469,3.218,0.4722,4.428,5.233,3.874,0.7642,8.329,4.853,5.721,0.6953,4.986,4.197,1.507,0.4827,7.765,5.928,3.144,0.5438,7.521,7.149,5.807,0.7026,8.225,5.156,3.881,0.522,6.311,5.309,5.342,0.7876,8.245,4.115,5.637,0.2898,5.632,4.482,4.191,0.5203,4.494,3.115,4.649,0.3073,7.141,3.981,1.353,0.247,5.348,5.724,5.416,0.3887,4.178,4.423,3.235,0.6655,8.266,3.419,3.419,0.4087,6.591,5.294,4.227,0.4345,8.909,4.756,3.597,0.366,6.632,4.94,2.714,0.7695,7.348,5.751,3.878,0.6267,7.777,4.447,5.039,0.411,4.853,4.128,2.415,0.7468,4.063,5.13,5.114,0.3791,8.222,6.062,4.848,0.3895,7.165,4.343,3.793,0.5569,8.622,7.851,2.696,0.5863,4.183,4.131,2.396,0.6239,8.666,6.753,5.749,0.7705,7.36,4.311,5.258,0.3901,6.377,3.837,5.202,0.682,8.134,5.182,2.227,0.6008,4.124,5.078,5.009,0.3667,7.074,5.394,3.516,0.7212,5.867,3.121,3.216,0.4911,5.082,5.374,3.427,0.5069,5.463,5.932,2.408,0.6683,7.028,4.358,2.534,0.7165,6.24,2.937,4.126,0.7376,4.646,4.401,4.684,0.7712,6.55,5.002,4.229,0.3824,7.224,4.7,5.523,0.5916,5.992,2.827,3.075,0.6533,7.359,6.487,6.033,0.6251,6.995,5.967,1.805,0.6234,4.57,2.252,3.843,0.5867,5.788,7.218,2.311,0.5895,7.204,4.322,4.491,0.3272,6.143,5.216,5.265,0.4561,7.324,3.179,4.777,0.365,8.639,5.043,4.595,0.6749,8.452,3.551,3.131,0.4048,5.566,4.356,3.723,0.2871,7.02,6.66,4.087,0.3904,7.551,4.986,3.75,0.4079,7.801,2.991,3.314,0.5221,5.899,5.863,6.129,0.4627,6.67,4.178,5.359,0.3566,6.91,6.346,3.114,0.6256,8.282,6.794,4.489,0.3709,4.116,3.671,5.737,0.6074,9.361,4.533,4.591,0.3908,3.806,4.699,3.872,0.3929,6.664,5.523,4.853,0.6699,9.095,6.731,5.463,0.3848,4.251,6.177,4.434,0.8081,6.917,5.136,2.92,0.5184,5.642,3.577,5.003,0.3551,8.539,3.472,5.398,0.6947,7.135,2.968,5.189,0.4321,7.547,6.867,4.469,0.6499,4.364,5.0,4.244,0.4285,7.056,5.775,2.494,0.4924,5.373,5.509,5.546,0.2889,5.491,4.682,5.823,0.4958,4.1,4.799,2.862,0.5695,8.45,4.213,1.914,0.6997,4.675,5.706,2.797,0.7793,4.738,2.822,2.687,0.2973,6.564,4.214,4.319,0.7001,3.899,5.152,3.535,0.6456,4.413,3.942,4.169,0.395,5.922,3.902,3.687,0.3606,4.112,4.888,3.942,0.7074,4.894,4.617,4.382,0.499,5.59,2.311,5.161,0.3116,8.195,3.023,4.538,0.291,4.91,4.755,5.925,0.7627
ZF_07_Tuto_R1,Animal_07,Tutored_Early_24h,24,0.3257,0.549,0.1698,0.1239,0.0925,0.0648,8.19,10.423,0.1,0.4257,9.618,3.643,2.962,0.2419,9.086,9.142,0.1,0.1056,8.381,7.469,1.226,0.261,7.762,11.927,2.76,0.2579,12.228,8.233,2.15,0.2089,9.751,7.125,2.833,0.4434,7.857,8.652,3.003,0.02,6.914,5.719,3.039,0.1496,6.446,7.79,3.037,0.4919,8.66,8.583,0.1,0.1418,5.52,6.218,3.787,0.4504,9.913,5.275,2.108,0.3327,9.623,4.893,1.76,0.566,5.541,4.023,1.98,0.3125,6.759,7.049,5.097,0.4135,7.839,6.65,2.047,0.3958,9.594,6.155,1.42,0.4319,8.569,4.356,2.567,0.34,6.003,3.506,2.228,0.3315,7.738,7.096,5.33,0.725,9.093,4.649,4.483,0.3395,7.857,4.581,4.129,0.4382,4.997,4.742,5.824,0.7925,5.761,5.686,3.423,0.4489,7.187,4.706,5.793,0.4484,7.219,6.288,3.463,0.6039,8.784,5.626,4.291,0.7242,7.076,5.701,4.4,0.4842,7.763,2.98,2.204,0.5703,5.903,3.766,4.419,0.6059,8.276,2.853,5.51,0.6306,7.336,11.768,1.41,0.1152,9.919,4.768,3.396,0.6231,8.094,4.93,5.857,0.422,3.478,4.703,5.097,0.5715,4.146,4.244,4.423,0.3891,7.645,6.667,2.948,0.3243,10.725,11.036,2.84,0.2467,6.108,4.894,2.767,0.6459,7.71,5.149,5.756,0.727,4.897,6.159,2.246,0.6553,8.077,5.37,3.707,0.1971,10.807,8.003,0.1,0.2995,8.861,4.319,4.817,0.2658,11.242,11.596,2.751,0.2951,9.231,5.44,5.116,0.4497,8.634,6.112,2.998,0.5497,4.815,3.899,3.625,0.5792,11.829,11.937,1.943,0.1664,11.56,8.432,0.155,0.0908,4.559,6.588,3.493,0.5845,7.561,3.301,6.276,0.2967,9.363,5.638,2.833,0.4353,6.497,3.759,3.984,0.6619,3.492,4.148,3.817,0.7945,9.809,7.843,2.447,0.3632,8.995,3.999,5.711,0.507,7.457,9.009,0.1,0.1433,4.107,6.63,4.452,0.3422,8.275,5.228,2.294,0.5976,9.634,7.307,3.777,0.5291,8.397,5.742,5.064,0.7297,4.64,4.293,6.049,0.4222,5.658,3.773,2.961,0.6619,5.139,3.315,4.352,0.6677,8.492,5.406,4.618,0.4896,4.788,5.4,2.239,0.6374,10.251,6.277,2.01,0.5517,8.323,4.455,6.645,0.8037,5.899,5.676,5.322,0.3225,5.899,2.642,4.565,0.7353,6.928,3.259,5.528,0.6079,8.255,4.441,2.88,0.2933,8.904,3.712,3.254,0.5118,5.07,3.997,4.354,0.7737,7.99,11.192,1.196,0.2078,6.163,5.226,4.909,0.4021,4.244,3.512,3.053,0.6149,10.8,12.148,0.237,0.5218,8.135,3.203,2.417,0.7088,7.822,7.471,3.211,0.2035,4.737,6.319,2.548,0.6068,9.226,5.689,1.746,0.7138,6.714,3.117,6.106,0.5096,8.324,6.61,1.559,0.3089,9.146,3.754,4.442,0.3851,6.13,3.198,3.68,0.5212,5.491,2.519,3.782,0.5691,7.79,5.786,2.051,0.46,7.892,6.773,5.364,0.2749,7.466,7.648,2.441,0.4231,4.03,5.721,2.825,0.7652,7.127,5.222,2.922,0.6192,5.899,2.807,4.745,0.3005,4.235,4.47,6.036,0.5492,8.28,6.467,4.909,0.5377,7.234,2.252,4.116,0.3404,5.033,6.575,5.279,0.7279,9.23,4.817,5.274,0.5914,7.433,3.518,2.132,0.753,4.378,6.404,6.444,0.7312,5.502,5.003,5.907,0.4003,8.784,6.803,4.608,0.4809,8.728,3.648,2.114,0.3957,3.328,5.375,2.855,0.4382,4.173,3.441,4.602,0.4604,5.057,3.618,2.081,0.4468,9.662,9.43,0.1,0.175,8.703,6.675,4.382,0.4832,5.94,4.362,6.279,0.7172,5.803,3.522,2.153,0.164,7.022,4.928,5.83,0.4504,9.09,5.733,2.792,0.4142,6.509,2.453,3.73,0.3913,8.453,6.762,3.633,0.4588,3.849,4.588,3.778,0.4779,5.131,6.262,5.003,0.3705,7.354,3.735,2.869,0.6103,5.551,5.882,5.424,0.3707
ZF_08_Tuto_R2,Animal_08,Tutored_Early_24h,24,0.4594,0.53,0.1754,0.1432,0.0803,0.0711,8.764,10.672,0.1,0.3273,9.61,7.353,2.001,0.46,8.594,11.03,0.291,0.3039,10.565,7.982,2.299,0.4429,10.8,8.395,0.88,0.496,8.519,9.233,2.136,0.5779,7.474,5.308,5.543,0.6256,10.531,5.988,1.519,0.1327,6.738,8.172,0.296,0.0441,5.53,5.043,6.434,0.5545,8.303,10.158,0.1,0.1534,5.452,5.253,2.866,0.5774,5.551,3.769,4.867,0.6092,7.807,4.701,4.73,0.5789,8.72,7.007,1.295,0.3575,6.009,5.58,3.772,0.536,7.447,3.624,4.183,0.3011,6.69,6.903,0.647,0.3339,5.255,5.97,2.449,0.3621,6.701,3.573,3.137,0.3821,6.086,2.458,4.74,0.3972,8.977,6.009,4.849,0.576,8.162,6.011,2.714,0.5526,6.93,6.097,4.24,0.4961,7.849,4.567,5.38,0.6885,6.207,2.851,5.738,0.5734,7.078,6.047,4.307,0.3774,6.555,5.566,2.316,0.4878,7.354,4.278,3.217,0.6018,3.999,4.443,3.568,0.6043,5.889,6.14,2.131,0.8245,6.595,3.257,3.185,0.6256,7.774,9.399,0.215,0.4647,7.218,5.949,5.308,0.6501,9.259,4.99,3.178,0.5591,3.861,2.461,2.771,0.376,6.76,2.998,4.968,0.6798,8.682,4.483,2.88,0.3037,9.871,7.195,0.1,0.1612,4.782,6.624,3.735,0.4589,4.407,5.83,5.01,0.5187,8.645,6.033,3.223,0.5968,7.481,5.235,5.056,0.5444,11.494,8.961,0.1,0.061,5.128,6.392,3.48,0.5647,8.863,8.084,0.1,0.4883,6.505,3.482,5.371,0.6214,8.658,6.599,4.343,0.487,7.311,5.967,5.585,0.358,6.59,9.741,0.618,0.4954,9.069,10.415,0.223,0.3331,4.943,5.453,5.215,0.5483,4.785,4.1,5.256,0.7841,8.584,2.694,4.444,0.662,8.68,7.178,2.527,0.6668,5.398,3.517,6.787,0.9301,9.427,7.651,0.1,0.4661,8.201,5.2,3.445,0.7155,9.988,8.286,0.1,0.2377,4.505,4.451,2.937,0.458,8.891,4.95,3.428,0.5638,8.74,5.883,3.853,0.202,8.521,5.339,6.006,0.6158,5.909,4.527,2.548,0.7329,8.47,6.296,4.154,0.7894,7.029,4.398,3.661,0.7326,7.793,3.639,4.828,0.5781,7.184,5.6,2.789,0.4898,9.417,3.285,1.564,0.2639,5.167,5.876,3.231,0.5391,9.242,3.699,5.367,0.7944,4.865,3.104,2.953,0.7427,7.008,4.524,5.033,0.6438,8.719,4.52,2.129,0.7498,9.971,6.243,1.855,0.311,8.082,3.416,2.646,0.5975,11.039,9.953,2.021,0.4757,6.907,5.593,5.262,0.7935,4.164,4.427,2.67,0.4762,7.251,10.947,0.1,0.214,8.172,2.903,3.854,0.7678,8.461,5.835,2.926,0.4129,8.544,5.191,4.1,0.5182,6.104,4.994,4.497,0.382,7.033,5.323,2.697,0.6093,7.419,7.136,3.269,0.2055,4.468,3.332,5.007,0.7408,5.111,3.383,1.973,0.4022,7.758,5.25,4.528,0.7757,9.474,3.105,4.495,0.5095,4.858,3.622,4.932,0.565,4.778,6.741,1.447,0.2255,6.806,5.331,5.074,0.561,7.738,6.78,4.988,0.4832,4.212,5.05,2.628,0.659,7.38,5.761,6.587,0.9656,5.498,5.56,3.214,0.541,3.912,3.429,4.958,0.7132,5.33,5.126,3.251,0.3721,5.925,6.086,3.104,0.5816,6.936,2.909,2.295,0.4988,7.482,3.752,5.35,0.3822,8.728,4.207,5.723,0.4559,4.536,3.497,5.684,0.3045,7.082,6.294,3.984,0.4914,4.004,5.52,5.037,0.8541,7.786,6.43,3.021,0.3445,4.502,5.716,5.026,0.5973,11.044,6.639,0.627,0.5201,7.1,5.488,3.342,0.3976,4.238,6.042,2.797,0.354,5.588,7.318,4.712,0.1494,6.371,6.018,5.592,0.4967,7.59,4.623,2.387,0.6368,5.128,5.211,2.952,0.4834,8.304,3.113,5.592,0.3768,5.072,3.639,5.309,0.3866,4.299,5.916,4.604,0.7629,4.776,5.416,4.308,0.6845,4.2,6.125,4.279,0.7002
ZF_09_Tuto_R3,Animal_09,Tutored_Early_24h,24,0.4711,0.5379,0.1764,0.1337,0.0936,0.0584,10.946,11.228,3.113,0.3304,9.781,7.362,3.087,0.4069,11.333,10.043,0.1,0.254,9.038,7.183,2.887,0.1384,8.063,8.402,0.25,0.5672,10.252,9.786,1.115,0.3211,5.707,4.125,4.797,0.5397,7.721,7.11,3.496,0.1658,8.954,7.319,3.487,0.2574,8.48,7.089,6.232,0.5303,6.314,9.363,1.477,0.5918,8.828,6.037,2.793,0.4747,6.293,5.958,2.098,0.2536,8.243,4.045,4.911,0.5542,8.559,6.389,3.696,0.4356,8.956,7.998,4.4,0.492,9.622,5.294,4.609,0.2652,10.874,10.593,2.14,0.2073,4.468,3.78,5.969,0.3598,5.023,4.725,4.978,0.3852,7.169,6.055,5.833,0.8182,7.681,4.105,4.873,0.6253,4.349,4.765,3.973,0.6462,4.908,1.941,5.968,0.6681,8.1,3.842,2.304,0.5545,6.118,5.946,4.938,0.3704,4.547,3.697,5.617,0.3626,5.357,2.669,5.012,0.3858,5.198,7.093,4.113,0.5842,4.651,3.412,3.991,0.6001,8.292,6.355,3.819,0.5964,7.039,2.66,3.601,0.6303,6.675,8.251,0.299,0.4216,6.262,4.305,4.236,0.6791,6.453,4.045,1.858,0.5856,7.46,3.865,1.836,0.2377,6.218,4.125,3.831,0.6266,6.817,5.026,3.983,0.4403,11.465,7.877,0.368,0.5384,7.493,6.114,5.414,0.6374,6.143,3.288,4.774,0.8685,8.141,6.941,3.756,0.5518,10.035,3.934,4.527,0.1995,10.042,7.994,1.136,0.4131,5.956,7.658,4.958,0.2199,9.165,7.84,1.337,0.2084,5.68,5.9,3.807,0.813,4.867,3.315,2.726,0.4143,4.865,6.249,5.637,0.4935,9.219,6.178,1.516,0.396,8.037,10.835,1.771,0.2433,5.549,5.02,3.496,0.6015,8.021,2.714,3.504,0.4553,7.627,6.417,2.433,0.5656,7.044,3.039,4.177,0.7983,6.316,3.973,6.795,0.9123,7.014,7.226,0.806,0.1716,8.559,3.962,5.053,0.5635,7.989,6.909,3.086,0.5268,6.783,3.408,4.005,0.5605,4.646,5.146,4.488,0.4594,7.356,6.555,3.852,0.6392,6.884,2.894,4.928,0.4767,6.037,4.424,5.388,0.7386,5.554,6.266,4.994,0.5903,4.805,2.553,4.071,0.5102,7.252,5.401,2.756,0.7773,6.038,6.118,2.975,0.5872,8.482,7.196,2.787,0.3838,7.55,2.035,3.508,0.5894,6.637,4.988,4.413,0.2856,6.504,5.233,2.632,0.4516,6.388,6.62,4.363,0.5776,6.313,3.24,5.543,0.6708,7.778,5.86,1.376,0.6469,3.759,5.848,3.593,0.8474,8.665,10.753,2.886,0.2778,6.861,4.09,3.003,0.472,6.244,5.465,2.616,0.1785,8.618,7.566,1.723,0.4687,4.582,3.731,2.74,0.4499,9.167,6.625,3.975,0.2448,7.576,4.406,3.461,0.5428,4.498,5.123,4.019,0.5287,7.955,2.639,2.559,0.7385,9.16,6.917,3.597,0.4255,5.649,6.308,6.28,0.718,5.346,5.59,2.901,0.5294,7.25,4.618,4.647,0.707,4.993,4.705,4.982,0.6618,5.073,5.028,3.801,0.7903,8.929,5.947,5.047,0.5495,5.867,5.885,2.81,0.7829,6.469,4.809,2.374,0.2061,7.942,5.993,3.794,0.7557,7.136,3.245,7.067,0.6742,7.495,5.003,3.239,0.5775,6.657,3.298,3.703,0.5245,6.459,5.743,2.393,0.5949,4.82,3.08,4.435,0.5389,9.326,4.319,2.461,0.4887,6.051,4.832,5.996,0.6549,5.204,3.508,2.357,0.3382,6.793,6.062,5.75,0.6101,8.851,6.836,2.242,0.2369,5.732,4.833,5.989,0.9347,6.164,6.817,3.936,0.274,6.15,2.764,4.84,0.6838,7.937,6.699,0.1,0.1526,9.48,5.564,1.846,0.4044,4.489,6.795,5.191,0.7551,10.059,7.477,4.818,0.6199,3.385,3.79,2.569,0.4018,6.681,2.697,2.736,0.577,6.072,4.228,3.309,0.3788,6.986,5.995,5.309,0.4837,5.845,3.375,4.735,0.3405,6.367,4.407,4.535,0.7661,6.703,6.421,4.08,0.6826,7.983,5.218,2.5,0.7699
ZF_10_Tuto_R4,Animal_10,Tutored_Early_24h,24,0.3274,0.5142,0.1855,0.1238,0.1026,0.0739,11.278,10.616,2.325,0.2695,6.056,4.116,5.468,0.3843,11.541,8.802,0.261,0.3824,8.218,10.554,0.1,0.5348,9.956,9.172,1.902,0.2032,10.849,11.565,2.418,0.3512,7.491,7.956,4.696,0.4587,8.923,7.587,1.045,0.1556,9.269,9.474,2.793,0.4004,5.772,8.037,4.851,0.5829,9.352,7.702,0.702,0.2245,6.664,8.516,5.963,0.7869,6.996,6.282,2.623,0.4765,7.57,4.107,2.938,0.5398,6.75,3.591,4.286,0.4729,9.07,6.522,1.832,0.5224,4.925,7.32,2.484,0.6507,8.719,7.125,0.1,0.2021,5.788,5.01,5.81,0.3809,5.993,6.495,2.744,0.4173,4.336,5.892,5.402,0.778,4.172,2.649,4.462,0.3959,8.414,2.861,2.092,0.3359,7.664,3.105,5.723,0.6638,4.169,5.613,4.854,0.3784,4.529,6.47,3.104,0.6264,6.381,6.666,4.114,0.5975,5.544,4.913,4.372,0.5514,7.01,4.786,4.188,0.6018,8.608,2.487,5.467,0.7843,5.978,5.565,3.025,0.2992,8.215,6.185,5.901,0.5459,7.963,11.66,0.1,0.115,8.403,6.158,2.429,0.6781,5.313,3.838,2.613,0.6974,6.951,4.535,2.796,0.775,7.62,3.327,2.381,0.673,7.729,5.915,3.532,0.5478,12.125,9.133,0.201,0.1931,8.413,6.614,2.219,0.6467,6.917,3.451,3.449,0.8602,8.6,3.717,2.651,0.628,9.86,4.827,4.724,0.6467,8.468,9.041,2.047,0.523,9.912,7.495,5.088,0.4513,11.223,10.967,0.1,0.4047,8.104,3.844,5.274,0.6725,4.768,4.018,2.076,0.5741,8.191,4.797,3.761,0.6154,9.566,8.889,1.238,0.096,11.87,7.837,0.356,0.175,5.223,3.757,5.463,0.5078,7.155,5.468,3.604,0.3305,9.007,4.934,3.213,0.7449,4.254,5.469,4.168,0.465,6.748,5.755,4.171,0.4739,10.193,8.143,1.067,0.1642,9.378,6.831,4.594,0.6206,11.228,10.754,0.1,0.5071,4.809,6.893,2.696,0.5328,7.523,3.024,2.972,0.6451,4.961,6.334,3.801,0.4828,7.293,3.402,3.902,0.5291,6.181,6.124,2.435,0.6375,6.836,6.435,3.079,0.3109,8.722,6.038,4.217,0.382,5.441,6.072,3.585,0.4835,4.354,6.472,3.79,0.4034,7.999,7.662,1.706,0.3782,6.703,2.753,5.765,0.775,8.07,4.481,5.005,0.4307,4.427,3.206,2.532,0.7128,7.572,5.874,4.093,0.7711,7.644,6.019,2.918,0.6263,6.154,3.625,3.888,0.3245,7.304,3.537,4.322,0.7857,11.683,9.394,1.336,0.4344,5.868,5.991,3.745,0.5693,4.26,4.23,3.482,0.3937,10.88,11.693,2.684,0.3063,7.117,6.852,3.714,0.358,7.28,4.415,4.28,0.6119,9.15,4.065,5.126,0.6052,6.721,5.339,2.77,0.6207,4.44,6.126,6.163,0.5695,5.208,6.62,3.442,0.3326,6.056,2.806,2.615,0.5072,4.621,4.096,5.865,0.7641,5.11,5.319,2.304,0.6587,8.236,4.24,2.82,0.7465,6.003,2.231,2.724,0.5234,5.213,3.496,5.001,0.2234,4.136,7.142,2.86,0.3866,6.471,6.775,4.519,0.1999,6.433,3.345,4.673,0.6118,5.589,5.995,2.535,0.4326,6.079,3.3,2.228,0.3921,6.903,6.857,5.357,0.7428,5.684,6.971,5.882,0.522,4.233,6.984,2.203,0.3325,4.44,4.751,3.935,0.5043,8.709,5.672,2.798,0.4692,6.801,4.563,5.382,0.5022,6.465,4.746,5.166,0.6116,10.177,6.201,3.8,0.3736,7.449,5.004,5.901,0.8665,6.961,4.183,4.959,0.6588,4.011,5.627,3.937,0.5912,7.406,12.374,0.1,0.1796,6.544,5.855,4.143,0.629,4.78,5.477,3.234,0.6084,5.753,3.078,5.387,0.5409,7.404,5.158,4.198,0.5705,4.804,3.788,2.344,0.5186,8.282,5.194,3.319,0.4707,7.47,4.189,1.789,0.8269,7.128,4.547,5.361,0.6665,4.288,2.901,5.226,0.7428,6.469,6.039,4.099,0.2858,5.92,4.405,5.756,0.7908
ZF_11_Tuto_R5,Animal_11,Tutored_Early_24h,24,0.3759,0.5332,0.1804,0.1133,0.1,0.0732,10.594,9.337,0.1,0.5839,7.926,4.594,1.884,0.5431,7.691,7.894,0.1,0.1141,8.656,9.371,0.704,0.3479,6.801,11.357,0.1,0.3265,10.45,9.774,0.1,0.4315,5.756,7.738,3.495,0.7203,10.263,9.899,2.819,0.02,9.859,5.687,2.846,0.02,8.327,3.738,4.199,0.6434,9.886,9.33,0.1,0.1317,8.897,6.592,5.202,0.4454,9.323,4.72,4.328,0.2573,8.718,7.54,1.416,0.5706,6.51,4.11,1.849,0.3902,7.426,6.179,2.359,0.5254,8.953,6.737,2.252,0.3633,7.387,6.004,1.273,0.3096,7.138,4.725,4.558,0.4137,8.776,2.847,3.203,0.3895,6.851,6.251,2.577,0.4235,7.713,3.163,4.774,0.6711,5.549,4.455,4.077,0.423,5.789,4.046,4.032,0.3825,6.678,5.6,5.024,0.6389,7.602,2.754,4.182,0.7457,6.072,4.749,4.878,0.6401,5.337,5.196,4.675,0.3912,8.232,5.524,4.027,0.3164,6.982,3.141,4.442,0.5187,6.099,3.249,3.624,0.5366,6.41,6.481,4.486,0.3712,10.088,10.422,0.86,0.2379,7.305,5.317,5.778,0.6986,6.117,5.591,2.558,0.6311,6.203,4.015,2.745,0.5173,6.351,3.021,2.66,0.7194,8.561,3.643,2.894,0.7865,7.521,9.895,0.1,0.5327,5.738,6.654,4.345,0.447,7.895,3.378,4.085,0.6441,9.636,5.407,2.283,0.5797,5.226,3.264,4.293,0.4857,11.45,10.393,0.1,0.4307,4.854,3.542,4.825,0.3198,10.46,8.947,1.597,0.3614,5.691,4.462,5.51,0.7983,4.638,4.705,2.489,0.7723,4.424,3.608,2.328,0.6386,7.709,11.415,0.1,0.3837,12.175,7.393,1.409,0.3522,4.128,5.939,4.029,0.5265,4.245,5.788,2.016,0.714,6.366,5.894,4.974,0.5039,4.273,4.321,4.495,0.6873,7.314,4.41,3.326,0.3793,9.523,7.631,0.1,0.5608,7.95,5.862,2.122,0.7876,11.643,11.387,0.1,0.1411,9.049,5.204,4.349,0.6594,5.519,3.416,3.252,0.4589,5.692,5.901,4.463,0.3462,4.841,4.799,5.523,0.4366,3.604,2.434,2.753,0.3591,8.103,5.67,2.823,0.6746,6.909,3.277,4.129,0.6703,7.305,4.813,3.132,0.7208,7.277,5.702,5.644,0.7528,8.063,6.468,1.549,0.2271,8.235,2.688,5.328,0.7919,6.395,3.173,4.375,0.6256,7.168,4.585,5.839,0.3198,3.999,5.16,5.187,0.4723,4.886,5.203,2.494,0.5784,4.731,7.236,2.502,0.3729,6.034,3.129,4.275,0.5073,7.674,10.158,2.176,0.0307,7.688,4.643,5.951,0.7673,8.884,3.247,4.279,0.7632,7.166,9.47,0.1,0.2741,6.633,2.873,5.346,0.7983,8.556,7.442,4.119,0.5405,6.903,2.405,4.245,0.6547,9.026,3.573,2.955,0.7816,4.887,2.265,2.235,0.379,5.519,6.891,2.498,0.4222,6.559,5.925,2.511,0.6057,5.187,4.707,4.387,0.2881,6.711,7.134,3.511,0.6534,6.251,6.063,3.774,0.3896,8.094,2.708,2.141,0.476,6.871,5.225,2.452,0.5484,7.15,4.965,1.971,0.3707,5.876,3.889,4.722,0.4783,6.052,5.597,5.819,0.4266,3.85,4.451,4.493,0.6132,7.057,5.444,2.96,0.7337,5.514,4.651,5.979,0.5752,7.834,3.174,3.407,0.3789,7.97,6.657,5.423,0.3858,6.678,6.222,3.972,0.7724,7.829,6.449,2.406,0.3146,4.126,5.146,2.107,0.6943,7.002,3.955,4.245,0.7082,8.287,5.24,4.237,0.6203,6.535,5.427,4.792,0.8229,7.958,5.518,4.448,0.7506,7.727,4.819,3.965,0.4865,7.986,9.787,0.1,0.5305,10.176,7.253,4.07,0.6631,4.386,3.401,5.363,0.3394,8.744,6.743,4.483,0.2383,5.132,3.845,2.585,0.6475,8.465,4.793,5.406,0.7194,6.096,4.953,5.001,0.3703,6.668,6.379,5.052,0.452,6.266,6.24,2.3,0.4677,5.076,7.153,4.054,0.4998,6.28,6.168,5.139,0.6322,7.124,2.836,5.506,0.6399
ZF_12_Tuto_R6,Animal_12,Tutored_Early_24h,24,0.3549,0.5461,0.1825,0.1202,0.0885,0.0627,6.973,10.878,0.1,0.5202,7.704,6.312,2.149,0.4387,8.983,8.034,2.666,0.4455,8.41,8.196,1.573,0.1329,9.381,9.092,1.756,0.4353,11.293,8.474,2.088,0.1457,6.607,6.581,4.831,0.4759,6.432,7.325,1.07,0.2941,7.081,9.126,2.868,0.135,5.754,7.062,3.304,0.7644,7.992,8.48,0.1,0.484,8.944,4.421,5.098,0.3749,7.902,3.616,4.754,0.5304,7.871,7.352,2.79,0.5024,9.701,7.188,4.472,0.367,8.665,5.888,1.224,0.2848,5.965,7.135,2.994,0.5255,6.405,6.681,0.789,0.0596,5.508,5.713,2.111,0.632,9.005,6.02,2.458,0.332,5.696,6.122,4.68,0.4327,7.372,6.471,5.817,0.6744,8.975,2.641,5.253,0.4144,3.661,5.624,5.008,0.7114,7.884,6.639,5.006,0.4841,5.829,5.845,3.97,0.62,9.237,5.225,4.008,0.336,6.45,6.972,2.633,0.6397,4.691,4.478,5.301,0.2784,3.829,6.898,2.967,0.7422,8.082,6.099,3.544,0.4712,6.513,3.941,4.965,0.5529,9.019,8.165,2.11,0.0965,4.535,6.627,5.04,0.4287,5.721,3.685,3.005,0.5107,7.6,3.675,2.798,0.652,7.886,2.407,4.691,0.3689,5.571,4.974,1.371,0.4364,7.775,10.396,1.054,0.1671,5.182,2.994,4.182,0.3775,4.268,4.047,5.277,0.8583,7.436,7.619,1.473,0.4892,7.116,6.026,2.925,0.4209,11.793,8.934,0.1,0.2289,6.212,3.995,3.749,0.371,11.453,11.145,0.145,0.1748,9.313,3.658,3.548,0.7813,6.325,2.373,4.616,0.4972,5.465,3.705,4.495,0.7402,9.388,10.51,0.884,0.4166,6.911,10.163,0.839,0.494,8.269,3.318,4.666,0.6066,6.547,6.379,5.095,0.4086,5.911,4.946,2.768,0.6764,7.652,6.011,2.864,0.5593,5.751,5.931,4.158,0.7743,7.629,7.902,1.552,0.5403,6.754,4.652,5.604,0.3534,9.532,8.051,0.1,0.0893,9.42,3.397,5.662,0.7453,6.059,4.053,2.716,0.6324,6.58,5.581,4.36,0.2957,6.321,5.03,3.76,0.4363,7.446,2.59,4.276,0.8087,7.165,2.964,2.493,0.5869,5.7,6.338,3.635,0.445,4.356,6.227,6.347,0.4037,4.47,3.928,2.261,0.4392,9.45,4.226,2.54,0.2127,6.869,1.968,3.878,0.5675,7.263,4.89,4.179,0.5244,9.147,3.167,4.629,0.6074,6.89,6.589,3.205,0.5433,6.707,4.923,4.689,0.7353,5.78,5.524,5.58,0.5729,5.664,3.58,5.661,0.6204,7.839,11.092,1.193,0.0681,4.746,3.764,6.291,0.5213,6.296,5.433,3.948,0.4795,10.305,8.733,0.1,0.4785,8.121,5.929,3.96,0.5672,7.224,3.905,4.246,0.6217,7.352,5.272,3.405,0.5557,6.691,5.294,5.934,0.5737,4.398,3.256,2.088,0.5002,6.111,7.24,2.087,0.473,8.55,3.744,5.418,0.5069,5.734,6.031,2.623,0.4562,8.427,4.413,5.186,0.3531,7.96,5.325,3.659,0.7097,4.962,4.629,4.97,0.4576,5.304,5.359,4.235,0.3724,7.946,6.869,2.933,0.5642,8.415,6.784,4.937,0.3569,5.739,6.178,2.851,0.5644,5.957,2.726,6.331,0.4301,5.058,3.176,6.073,0.3802,5.382,4.772,4.26,0.7499,8.04,3.899,2.42,0.6827,6.277,3.874,5.554,0.4105,4.898,5.445,5.523,0.4785,4.456,3.889,3.806,0.3735,8.278,4.664,2.032,0.6531,8.433,3.165,4.371,0.6177,8.097,5.986,1.92,0.303,4.826,4.417,6.501,0.4381,6.939,4.438,2.294,0.4674,5.384,6.282,3.537,0.4331,9.669,9.827,0.1,0.4573,9.844,6.507,5.125,0.6534,7.756,2.567,1.647,0.4853,9.3,3.942,2.452,0.3145,5.607,6.72,4.113,0.7032,8.103,6.355,3.295,0.4267,6.919,2.709,4.784,0.4293,4.9,5.29,4.408,0.5896,7.243,6.314,5.561,0.3992,8.749,3.055,2.371,0.5036,4.076,2.336,3.471,0.668,8.016,4.818,3.321,0.436
ZF_13_Tuto_R1,Animal_13,Tutored_Subchronic_7d,168,0.777,0.5503,0.1689,0.1077,0.1039,0.0692,5.608,5.708,2.385,0.6725,10.436,7.065,4.144,0.2737,9.388,5.434,3.381,0.6056,6.987,6.406,4.483,0.6468,9.527,5.777,3.736,0.4006,4.457,3.644,3.785,0.4036,8.752,3.588,3.177,0.6908,7.498,7.517,1.555,0.0642,6.936,8.908,4.348,0.0547,8.134,7.179,4.77,0.8545,6.855,5.796,5.54,0.5624,8.39,5.905,4.905,0.8929,9.976,7.84,1.976,0.4772,11.096,5.869,1.724,0.2684,8.201,6.162,2.421,0.4325,6.318,6.905,3.708,0.3137,7.491,8.589,3.056,0.4562,9.075,6.012,3.963,0.0317,7.989,7.383,3.865,0.7105,7.872,4.752,3.008,0.4238,7.987,5.017,2.53,0.6262,9.249,6.472,3.926,0.4169,5.588,4.77,5.65,0.617,6.064,1.574,5.744,0.577,5.034,4.98,3.696,0.6396,7.084,6.004,4.369,0.8173,5.802,5.522,2.606,0.515,4.443,6.575,3.426,0.4267,9.665,4.722,3.774,0.6329,4.723,6.991,6.324,0.6842,8.511,3.257,4.103,0.5352,5.45,4.991,4.99,0.8207,8.933,5.605,5.31,0.5008,6.006,5.48,5.356,0.5325,4.059,4.67,3.428,0.3827,7.239,7.034,3.044,0.3687,8.829,2.872,5.593,0.7332,7.263,6.779,5.555,0.7633,9.838,3.209,5.312,0.5953,7.574,7.299,3.988,0.4883,6.657,2.479,3.9,0.6207,8.019,4.875,4.42,0.3679,7.069,6.703,0.769,0.0749,7.921,4.522,5.067,0.7171,6.11,6.046,1.105,0.2245,8.685,6.746,4.111,0.2983,8.182,5.745,5.319,0.4201,5.865,2.377,3.22,0.5862,6.763,2.461,5.397,0.6186,4.596,3.727,4.234,0.3231,8.851,5.824,3.607,0.7932,4.9,5.256,4.818,0.5993,4.229,3.024,3.032,0.5647,8.931,5.282,2.423,0.5331,6.153,5.356,4.308,0.5129,3.007,1.932,4.629,0.98,5.179,6.755,2.316,0.2237,8.453,6.254,4.478,0.5509,6.643,5.046,3.164,0.6811,7.662,6.958,5.336,0.5737,6.434,3.363,2.348,0.7146,10.753,5.071,1.804,0.3511,9.037,5.71,6.29,0.377,7.311,2.232,3.284,0.4632,6.999,4.776,3.479,0.6178,4.36,4.556,2.223,0.2984,4.443,5.065,3.631,0.7342,9.02,3.729,2.635,0.5363,6.602,7.135,3.949,0.3215,2.938,3.72,5.211,0.5816,6.858,6.596,2.018,0.7175,4.243,2.998,4.003,0.6314,4.906,6.722,5.18,0.295,5.666,3.532,3.33,0.2794,6.836,5.275,2.385,0.2159,5.484,5.198,5.312,0.7268,5.358,3.733,3.636,0.7615,2.404,4.87,3.8,0.7318,4.306,3.762,2.837,0.3504,8.553,6.792,1.441,0.5421,7.289,4.989,4.562,0.4048,10.09,8.725,1.469,0.1314,8.242,5.44,3.68,0.6771,4.203,5.308,1.732,0.7863,8.924,4.979,2.679,0.4236,7.409,8.454,3.325,0.24,4.163,3.648,5.381,0.6142,6.059,5.269,3.178,0.7247,7.986,4.394,4.268,0.6074,4.501,3.987,2.839,0.4129,5.063,5.075,4.734,0.7219,8.685,4.86,3.294,0.3336,7.962,5.898,5.177,0.4238,7.27,8.287,3.232,0.1241,8.597,6.619,5.143,0.593,5.886,4.464,6.005,0.98,5.893,6.218,2.498,0.6049,4.724,5.708,5.186,0.4529,4.425,4.208,4.921,0.5278,5.693,2.721,4.349,0.4781,8.459,6.612,3.088,0.7846,6.497,3.245,3.617,0.756,6.645,5.949,3.101,0.3496,6.543,5.053,2.075,0.6985,8.541,4.143,1.264,0.4217,2.748,5.232,6.861,0.98,8.222,4.993,3.066,0.5485,5.455,2.979,4.361,0.416,6.91,3.98,2.903,0.4713,6.361,4.332,2.331,0.2677,8.352,3.22,4.142,0.7116,5.874,5.596,3.197,0.15,7.208,6.668,4.484,0.7403,6.191,3.975,5.469,0.2969,6.686,6.711,2.787,0.6572,8.161,3.225,5.325,0.3798,8.086,6.754,2.627,0.6278,5.839,4.952,5.867,0.3695,7.17,5.174,3.094,0.5292,8.781,6.977,5.572,0.3981
ZF_14_Tuto_R2,Animal_14,Tutored_Subchronic_7d,168,0.7436,0.5437,0.1982,0.1011,0.0943,0.0627,7.586,5.666,4.763,0.7421,7.628,8.132,4.28,0.2991,5.565,7.396,3.69,0.5505,7.724,7.08,1.897,0.2629,6.959,3.58,2.338,0.426,9.144,7.503,4.393,0.738,7.424,6.7,3.407,0.8468,10.485,5.527,2.966,0.2128,7.114,8.116,4.333,0.384,6.799,5.168,6.007,0.7227,7.313,5.37,5.142,0.6713,7.82,3.994,3.924,0.8581,6.323,5.468,1.275,0.1521,5.682,6.067,2.941,0.0682,10.451,5.714,2.701,0.2888,7.082,7.581,3.168,0.2924,10.688,4.783,3.763,0.4284,8.342,7.533,0.391,0.0434,4.499,4.969,3.866,0.5733,5.447,5.708,2.819,0.5152,7.718,6.937,2.486,0.458,5.948,4.53,5.827,0.3413,6.042,6.729,4.92,0.473,7.194,3.674,5.737,0.9426,6.844,2.335,2.215,0.3779,5.844,3.749,5.246,0.3755,5.977,5.332,4.553,0.3332,6.231,3.167,2.942,0.5238,5.021,4.707,4.169,0.4905,6.118,6.187,3.191,0.6959,7.428,3.405,2.117,0.2836,7.122,6.449,5.117,0.3633,7.539,5.663,3.359,0.3281,4.856,4.287,3.913,0.643,6.832,2.942,3.469,0.6588,6.718,3.458,3.86,0.3394,8.179,3.147,2.305,0.7712,5.329,3.288,4.217,0.7799,6.926,5.181,3.055,0.4548,6.692,5.707,3.146,0.733,4.434,4.424,3.455,0.9631,7.77,8.261,1.316,0.3587,6.311,6.728,0.788,0.5182,7.23,4.96,2.124,0.5268,10.094,7.4,0.577,0.3822,8.124,4.469,4.318,0.7686,7.265,5.529,5.656,0.5616,4.258,6.873,4.255,0.4596,7.999,5.455,5.52,0.5027,4.308,4.124,4.336,0.4758,5.279,4.871,4.592,0.6172,8.477,2.737,4.771,0.4873,9.314,3.338,4.499,0.7201,5.068,3.049,4.441,0.5858,6.302,5.799,5.142,0.2363,4.751,3.723,5.946,0.587,7.413,6.995,2.549,0.6649,4.211,5.628,3.582,0.5605,5.539,3.875,2.182,0.2724,6.856,6.337,4.748,0.3473,6.872,5.806,3.739,0.309,9.623,5.313,2.465,0.0896,6.269,5.008,5.017,0.3322,8.649,3.547,2.044,0.7033,7.421,3.043,4.568,0.654,7.648,5.432,4.315,0.8162,4.209,3.762,2.419,0.7648,3.928,6.489,5.439,0.3101,6.5,8.842,3.986,0.0512,6.424,1.437,3.86,0.7941,7.275,3.706,5.256,0.7074,6.548,7.525,6.172,0.3847,7.131,6.411,2.744,0.7134,6.887,4.709,5.439,0.479,7.742,5.566,4.36,0.1076,4.628,5.908,5.011,0.7963,8.034,3.625,2.308,0.7035,7.206,3.675,6.936,0.8897,5.941,3.189,1.886,0.8276,8.29,5.499,2.5,0.4878,7.316,2.424,3.796,0.5166,9.855,5.989,4.255,0.4267,7.606,6.059,5.68,0.3315,5.077,3.587,5.666,0.5502,7.644,4.362,6.113,0.3707,7.535,8.135,4.346,0.5504,4.582,4.65,2.773,0.6294,4.286,6.109,4.434,0.5201,7.868,2.965,4.239,0.368,4.236,4.504,1.924,0.6771,9.539,5.458,5.824,0.3288,7.931,4.096,3.248,0.3036,5.122,6.418,2.841,0.77,8.262,4.156,1.642,0.2367,8.113,5.471,3.602,0.401,5.583,2.418,6.992,0.8192,5.407,2.465,1.638,0.5045,9.214,4.702,4.873,0.7593,8.771,4.187,6.449,0.705,5.795,4.491,5.28,0.7846,8.403,3.523,2.581,0.7064,4.544,3.61,5.174,0.3889,6.32,5.843,3.914,0.4066,4.046,3.864,1.714,0.6915,9.91,4.786,3.747,0.3263,5.961,4.83,4.302,0.8998,7.996,4.508,5.213,0.6532,5.704,6.027,4.192,0.3171,5.661,7.458,3.911,0.6367,8.607,7.34,2.952,0.2816,6.192,5.103,3.973,0.618,9.77,7.249,1.279,0.5184,8.548,2.994,5.344,0.6449,9.016,4.345,3.856,0.6388,7.837,5.392,2.449,0.686,5.049,3.7,5.668,0.4747,7.495,7.008,5.624,0.3752,6.259,5.773,2.742,0.7142,5.194,6.793,2.791,0.7549,3.656,3.648,3.623,0.6565
ZF_15_Tuto_R3,Animal_15,Tutored_Subchronic_7d,168,0.5693,0.5603,0.1564,0.1124,0.0907,0.0802,5.962,8.396,1.791,0.2772,9.555,6.93,2.896,0.169,8.562,8.74,2.996,0.2545,6.841,6.41,2.037,0.4376,6.387,6.855,2.779,0.3323,8.343,7.98,1.204,0.2624,7.612,6.995,3.799,0.69,9.349,6.417,0.146,0.1463,6.648,6.859,2.216,0.128,8.107,4.368,6.793,0.7284,5.782,8.449,1.379,0.4055,8.389,5.095,6.574,0.5912,5.906,4.339,1.072,0.2995,8.32,5.473,3.218,0.4887,10.018,8.014,1.354,0.5506,9.744,5.578,4.915,0.4056,5.851,4.238,1.943,0.1325,10.342,6.671,0.567,0.273,8.624,6.711,5.766,0.5055,7.589,5.423,3.969,0.6549,8.796,4.649,3.321,0.5085,6.917,5.948,2.788,0.623,5.327,6.554,2.509,0.5052,3.445,1.808,4.509,0.5739,7.954,4.083,5.458,0.5796,9.409,4.294,2.671,0.6053,6.47,6.944,3.38,0.4641,8.262,4.011,3.302,0.3996,5.907,6.278,2.321,0.4822,4.29,4.876,2.428,0.6222,4.638,5.291,3.546,0.8328,8.732,5.001,2.64,0.2408,8.378,6.343,0.503,0.2071,5.019,5.948,2.587,0.7627,7.35,5.113,3.268,0.6969,7.687,4.978,2.176,0.7367,6.657,5.086,4.875,0.6744,4.358,3.865,5.625,0.463,9.431,9.286,3.622,0.2006,6.464,3.861,5.031,0.649,5.871,5.249,5.339,0.8045,6.117,8.231,4.311,0.5071,6.752,6.368,4.216,0.54,7.109,8.747,0.825,0.5257,8.559,6.366,1.675,0.2295,7.692,9.844,3.995,0.5406,8.002,5.539,5.203,0.5656,6.261,5.973,5.702,0.5052,6.86,5.189,3.166,0.4677,8.776,9.377,3.441,0.4125,10.763,9.207,3.906,0.3992,4.261,6.283,3.639,0.4539,5.159,5.381,3.865,0.5144,6.551,3.768,2.894,0.3262,4.222,6.213,4.335,0.8089,5.308,3.91,3.483,0.5654,10.374,9.168,0.668,0.4609,5.446,6.376,5.076,0.4007,10.34,5.611,2.922,0.1638,6.156,3.934,4.539,0.5813,5.358,3.218,4.741,0.4782,10.327,5.381,4.704,0.1799,7.151,5.399,3.898,0.5918,5.536,6.743,2.918,0.495,8.851,4.813,3.07,0.5455,9.227,5.919,4.614,0.6188,8.371,3.093,4.344,0.7593,7.842,4.258,4.139,0.4492,8.584,7.65,1.459,0.3741,4.861,4.896,4.081,0.5431,7.762,3.616,1.8,0.4596,5.75,6.522,3.817,0.4321,4.857,2.786,4.273,0.2816,6.874,6.542,3.14,0.6075,8.199,5.879,3.837,0.1516,5.58,4.099,5.769,0.495,5.915,8.619,0.455,0.27,3.443,4.231,4.399,0.5283,7.666,3.911,3.907,0.5877,9.296,6.314,2.422,0.4495,4.232,3.2,5.942,0.7658,5.346,5.284,3.876,0.5014,6.609,6.419,3.349,0.3246,8.017,5.48,4.021,0.7238,4.613,6.287,2.388,0.4266,8.075,5.455,1.53,0.2796,5.073,3.998,3.376,0.5079,6.923,5.235,3.429,0.363,6.687,5.548,5.342,0.4151,5.328,5.152,3.559,0.3163,7.603,4.898,5.473,0.525,8.682,7.025,1.89,0.3756,5.581,3.191,3.956,0.5665,6.195,6.871,4.014,0.5671,5.567,2.923,2.284,0.5923,5.798,1.191,6.169,0.5938,4.307,5.438,3.854,0.3652,6.851,3.217,3.12,0.4352,3.741,6.354,4.89,0.6687,5.653,6.674,4.156,0.6708,8.294,3.486,2.507,0.4872,4.315,3.551,2.219,0.3725,4.379,2.198,2.532,0.6333,7.434,4.279,5.391,0.5147,9.104,5.175,2.055,0.2339,4.729,6.129,5.566,0.4668,4.853,5.169,2.417,0.6568,6.697,4.233,5.267,0.6558,10.089,5.286,2.331,0.5136,6.526,8.372,3.524,0.3532,4.109,6.548,4.255,0.3944,5.769,5.135,3.714,0.307,6.317,6.269,4.759,0.4871,8.356,5.459,4.545,0.7042,8.561,3.438,1.594,0.6353,7.912,4.019,5.543,0.6875,5.06,3.059,4.573,0.4961,5.886,3.113,2.919,0.7285,7.077,2.134,3.562,0.6525,7.268,4.452,5.057,0.5191
ZF_16_Tuto_R4,Animal_16,Tutored_Subchronic_7d,168,0.6768,0.557,0.172,0.12,0.0938,0.0573,6.592,7.393,3.983,0.4873,11.406,7.231,2.629,0.1711,5.192,5.017,2.392,0.5466,9.316,7.091,2.185,0.5389,9.159,6.334,3.957,0.5303,8.476,5.585,3.073,0.4099,7.814,5.634,6.007,0.8603,10.457,6.972,1.698,0.363,9.072,8.128,1.676,0.2375,5.316,7.074,5.975,0.8383,8.014,7.54,4.39,0.4573,5.055,6.489,6.734,0.6263,10.639,5.881,3.112,0.359,6.728,7.875,3.847,0.3368,6.218,4.371,3.81,0.1586,8.261,7.684,1.273,0.2136,8.576,5.251,3.633,0.1286,6.982,7.923,0.108,0.0375,4.17,4.193,4.496,0.6857,6.608,3.865,3.48,0.483,5.593,5.519,3.013,0.4326,5.237,5.921,3.369,0.433,5.609,3.997,2.111,0.5371,6.395,5.262,4.312,0.6323,6.873,3.673,2.315,0.4595,6.4,6.669,5.87,0.7358,5.463,6.468,1.976,0.4074,5.439,6.432,4.44,0.5754,6.958,2.351,2.637,0.3347,5.719,6.783,5.955,0.2921,5.988,5.781,3.559,0.3261,6.673,2.544,2.974,0.55,6.528,3.797,2.267,0.5479,5.855,4.458,4.54,0.6674,4.772,3.826,3.859,0.6262,7.17,3.449,4.518,0.3674,6.302,3.629,3.761,0.4355,4.667,6.152,4.381,0.6899,6.956,7.215,1.362,0.5736,4.266,6.597,2.096,0.4991,3.417,2.154,5.661,0.4281,5.278,5.07,3.334,0.3652,8.417,4.767,3.012,0.5115,6.537,4.939,3.649,0.6192,7.093,4.351,4.143,0.1995,8.912,7.814,2.421,0.3886,8.527,3.119,5.347,0.5406,5.946,5.048,3.596,0.5447,7.952,6.387,5.347,0.5112,7.468,7.695,3.065,0.53,4.698,7.266,2.236,0.367,5.789,6.163,3.671,0.6448,7.151,4.884,3.076,0.4786,6.952,2.803,3.791,0.3775,8.129,6.455,4.637,0.3559,7.376,5.36,6.225,0.9574,6.26,6.106,2.645,0.5266,6.72,7.368,6.019,0.2928,9.277,7.725,1.398,0.5399,3.842,3.469,1.766,0.5456,5.238,4.729,3.903,0.517,6.246,4.402,2.925,0.1236,4.025,4.427,5.812,0.576,5.027,5.683,3.177,0.5372,7.121,4.681,5.106,0.7104,5.221,3.531,2.659,0.6129,6.933,6.601,3.117,0.3544,9.083,5.934,5.512,0.3909,8.417,4.411,1.518,0.3445,3.212,4.479,5.952,0.5638,8.03,2.477,5.813,0.7051,5.005,6.275,5.597,0.4398,7.468,6.968,5.777,0.3427,6.735,3.777,3.632,0.5949,9.94,5.14,2.715,0.2247,4.5,6.015,3.738,0.93,5.603,6.046,1.438,0.525,5.716,3.932,6.057,0.8251,3.918,5.114,3.276,0.7702,8.972,6.52,1.111,0.4307,7.861,6.396,2.354,0.4758,7.336,7.411,3.711,0.0804,6.335,3.777,4.31,0.4862,6.39,4.683,3.087,0.4462,5.703,4.795,3.517,0.3176,10.016,7.926,1.73,0.4942,5.953,4.652,3.641,0.3926,7.036,7.386,4.323,0.5192,7.751,4.058,5.494,0.5217,8.209,3.17,2.654,0.698,8.162,4.234,3.166,0.7543,6.863,6.778,2.426,0.0865,5.469,5.894,3.823,0.5956,8.659,7.466,3.357,0.3837,4.138,5.723,3.456,0.7617,6.042,5.467,5.506,0.9464,8.284,4.144,3.239,0.624,8.489,4.111,4.823,0.8291,8.559,2.98,2.794,0.7215,5.032,3.641,2.283,0.5382,8.209,3.842,2.281,0.6059,7.797,5.97,5.899,0.5325,6.519,5.161,5.284,0.6949,4.751,3.431,5.678,0.538,6.335,4.189,2.247,0.5568,5.831,2.028,5.398,0.9228,5.81,4.99,5.876,0.3453,4.476,6.908,5.99,0.5098,9.689,7.453,4.65,0.4946,6.633,8.256,0.787,0.1786,8.204,6.559,5.024,0.394,6.448,4.278,1.648,0.2152,6.777,3.975,5.259,0.387,4.302,6.443,4.516,0.3037,8.081,3.112,3.766,0.6559,7.249,6.374,3.111,0.7654,7.556,3.056,3.858,0.6436,4.964,6.267,5.045,0.5132,6.97,6.155,3.9,0.298,5.319,3.677,2.77,0.6123
ZF_17_Tuto_R5,Animal_17,Tutored_Subchronic_7d,168,0.5893,0.5501,0.1668,0.1118,0.1049,0.0664,9.287,5.191,0.661,0.4885,8.886,8.174,4.153,0.5559,8.082,5.52,3.514,0.3378,7.435,8.325,1.984,0.3669,6.073,5.636,0.472,0.3336,7.634,8.093,0.97,0.3493,6.782,5.588,3.784,0.723,8.902,8.084,1.778,0.3586,9.668,5.849,2.08,0.02,6.991,4.821,5.315,0.715,4.934,7.195,0.792,0.2721,6.035,4.613,3.803,0.587,6.053,6.537,4.919,0.3047,6.553,6.168,0.937,0.4164,9.79,4.146,1.22,0.5401,10.214,7.039,2.272,0.2861,6.857,6.806,2.98,0.4454,10.011,6.228,0.659,0.0738,3.975,4.049,3.454,0.5495,4.572,3.647,4.942,0.6757,7.825,2.383,3.901,0.4185,6.842,3.668,2.976,0.6505,6.283,4.512,3.06,0.6502,6.559,4.839,7.008,0.572,4.86,5.244,4.498,0.4843,7.456,6.805,4.383,0.5322,5.965,6.362,2.476,0.3305,3.821,6.761,5.164,0.6183,7.298,3.012,4.779,0.7723,8.315,4.345,4.68,0.6172,4.745,5.085,4.609,0.662,3.998,5.618,4.801,0.5441,6.931,7.891,1.105,0.6449,7.813,4.616,5.608,0.7048,4.837,2.814,3.153,0.8382,5.047,2.895,3.34,0.3473,5.339,6.678,2.685,0.4826,4.275,6.943,2.963,0.6291,8.419,8.951,3.893,0.2422,7.045,5.595,2.228,0.6238,5.659,3.256,3.79,0.8656,10.355,3.976,5.035,0.3798,6.496,6.612,2.509,0.5367,6.519,9.195,2.744,0.372,8.178,7.812,3.696,0.5719,6.93,5.106,2.822,0.4272,7.566,5.395,3.919,0.5183,5.486,5.413,2.683,0.6788,7.153,2.977,3.029,0.6941,8.444,6.199,0.548,0.5312,6.911,8.173,1.903,0.455,8.002,4.519,3.933,0.6883,4.324,6.072,3.312,0.2921,8.974,4.909,4.744,0.6961,6.004,4.955,3.052,0.7577,5.791,2.683,3.957,0.5718,8.178,7.395,2.861,0.2453,8.429,4.36,4.158,0.7604,7.402,6.099,1.124,0.4018,4.719,5.894,3.053,0.4776,8.32,4.018,3.887,0.7307,6.749,6.573,2.589,0.1808,7.482,4.156,2.998,0.4371,5.055,4.374,5.083,0.3806,8.656,4.647,1.91,0.3769,6.76,6.514,5.488,0.3748,8.638,4.807,3.568,0.8439,6.951,4.635,5.852,0.7397,6.49,6.922,3.673,0.2351,7.783,4.309,7.388,0.7703,7.745,6.663,4.991,0.4999,4.321,5.542,3.611,0.3957,5.331,6.787,3.807,0.4625,7.887,4.04,2.367,0.4836,8.1,7.93,2.298,0.2711,6.347,2.874,6.017,0.8827,8.438,7.471,3.662,0.7172,6.98,3.233,7.18,0.9042,8.778,5.904,2.819,0.6922,7.287,6.612,2.801,0.378,8.652,5.693,5.611,0.6787,7.856,5.135,3.393,0.2083,9.039,6.387,5.531,0.6194,3.927,6.175,4.238,0.6612,7.902,4.372,4.257,0.3275,9.141,6.942,4.011,0.3496,3.737,6.356,2.357,0.4237,5.783,5.455,4.573,0.7069,8.531,3.542,3.427,0.5871,7.022,5.591,4.876,0.7904,8.485,6.371,5.469,0.6755,8.677,4.838,3.794,0.4581,5.921,6.065,4.742,0.8101,10.248,5.706,3.981,0.4076,6.354,2.948,2.989,0.6639,4.128,5.194,5.801,0.9109,8.648,6.633,2.343,0.7279,7.422,2.808,4.023,0.3855,8.196,6.975,3.613,0.3117,4.419,4.256,3.134,0.6275,9.11,3.788,4.884,0.5445,6.099,5.536,4.971,0.7884,4.766,4.574,3.345,0.47,6.819,5.977,2.557,0.5605,9.969,6.595,3.598,0.0565,4.912,4.524,5.816,0.7493,8.16,4.262,3.344,0.4579,5.201,5.614,5.15,0.4935,7.719,9.388,1.701,0.3103,5.919,4.007,4.302,0.3344,7.174,5.1,1.856,0.7544,6.166,4.707,1.744,0.5587,8.013,6.701,3.044,0.6691,5.343,6.262,5.205,0.4687,6.681,5.932,3.94,0.4122,5.742,4.401,2.466,0.5882,6.259,5.843,4.11,0.7226,5.442,3.728,5.381,0.33,4.982,4.543,3.578,0.7898,8.23,6.144,5.264,0.3704
ZF_18_Tuto_R6,Animal_18,Tutored_Subchronic_7d,168,0.6624,0.5367,0.1788,0.112,0.1084,0.0641,5.398,4.045,2.907,0.6005,9.445,6.83,4.63,0.2125,6.317,6.992,5.018,0.5715,7.639,4.526,3.708,0.3859,9.181,6.394,4.506,0.3727,6.76,3.647,3.538,0.4931,6.241,7.048,2.787,0.6979,7.013,9.078,0.209,0.1712,9.989,5.87,1.016,0.02,9.446,3.442,5.859,0.8235,6.012,4.061,3.058,0.6472,8.315,5.218,6.434,0.6126,5.956,6.266,3.875,0.2879,5.674,5.903,1.612,0.5294,7.531,3.961,4.635,0.1666,7.108,4.785,3.54,0.4312,10.473,5.828,3.574,0.5467,10.026,6.702,3.579,0.2252,4.431,5.5,2.574,0.6779,6.531,5.653,4.6,0.406,6.947,5.989,6.201,0.7411,5.917,3.431,1.764,0.6793,3.913,5.79,3.987,0.7559,6.378,5.13,4.448,0.455,9.011,2.417,2.262,0.4717,7.03,2.977,2.612,0.523,3.775,6.218,4.743,0.6942,7.07,2.8,4.22,0.5202,5.583,5.274,4.805,0.6142,6.34,3.201,5.443,0.2698,5.009,4.328,5.723,0.8153,7.945,2.612,5.409,0.8185,7.339,7.158,4.176,0.2995,6.825,5.678,4.391,0.7011,6.734,6.339,3.348,0.5427,7.139,3.066,2.218,0.462,7.709,5.302,1.991,0.7505,5.912,3.252,4.893,0.5289,9.461,7.073,4.995,0.4138,7.257,3.497,3.689,0.302,7.585,4.628,6.024,0.9403,8.783,6.587,2.369,0.2245,10.434,7.338,1.363,0.1696,8.417,5.554,3.896,0.5637,10.121,5.379,4.974,0.0793,5.514,6.132,4.554,0.3078,8.334,5.198,3.364,0.4658,7.199,3.664,5.684,0.6779,7.16,4.349,4.568,0.4736,5.938,6.765,4.491,0.2664,7.03,4.763,2.54,0.5714,5.062,4.871,2.974,0.5253,9.297,6.302,2.836,0.5713,8.115,5.568,4.874,0.4467,8.632,5.873,5.843,0.4221,4.104,5.669,5.282,0.9433,5.957,7.267,1.435,0.5549,7.432,5.305,2.487,0.6958,6.958,7.868,3.95,0.4532,7.607,4.177,2.726,0.4776,7.784,7.429,2.868,0.4067,7.907,6.945,2.348,0.5407,6.158,3.593,4.069,0.4927,6.603,6.499,4.402,0.4169,9.297,3.029,3.61,0.742,8.162,4.682,4.684,0.4682,4.892,5.51,4.622,0.7825,9.416,3.642,3.463,0.7742,7.685,4.603,1.354,0.5182,7.274,4.994,5.575,0.7133,4.373,6.056,4.875,0.5743,6.256,5.074,3.674,0.7478,6.314,7.231,2.329,0.6074,5.524,4.058,5.609,0.7392,6.517,7.891,2.179,0.3668,5.784,4.861,6.053,0.663,6.461,6.284,1.235,0.3452,2.816,4.252,5.48,0.6723,4.746,7.129,4.996,0.5493,6.508,6.684,4.762,0.5,8.082,3.224,2.63,0.4095,9.416,5.418,1.201,0.4817,5.177,2.454,5.827,0.6705,5.941,3.807,5.656,0.7665,6.398,6.199,3.955,0.6087,9.731,6.743,0.82,0.4536,8.297,6.819,5.896,0.4882,8.277,4.538,1.964,0.7336,6.742,3.891,5.097,0.5338,5.646,5.329,5.482,0.2841,5.31,3.802,2.541,0.5653,7.516,7.703,4.904,0.417,6.458,4.322,2.026,0.7352,6.813,7.612,4.03,0.088,7.986,5.687,1.778,0.317,6.252,3.924,4.436,0.636,7.537,4.485,3.438,0.344,4.666,7.15,2.309,0.3078,7.739,6.717,5.742,0.3026,8.335,3.682,5.506,0.5744,5.405,6.089,5.323,0.4775,8.088,3.897,2.867,0.7018,5.211,6.855,2.967,0.762,6.935,4.069,3.579,0.6651,6.03,5.396,1.943,0.4467,5.852,5.237,7.236,0.5802,7.334,3.283,2.312,0.5399,5.967,4.569,2.92,0.8114,7.485,6.478,4.292,0.6274,7.78,5.456,4.233,0.2892,6.409,5.78,2.151,0.3767,7.447,6.208,3.131,0.5724,4.369,4.724,5.128,0.6408,8.328,5.355,5.408,0.3418,5.437,5.964,5.078,0.3639,5.57,6.86,3.949,0.59,4.972,2.471,1.766,0.604,7.677,6.765,5.824,0.2862,8.191,6.652,4.485,0.3139,4.858,2.685,5.348,0.6043
ZF_19_Tuto_R1,Animal_19,Tutored_Mastery_30d,720,1.0,0.5565,0.1913,0.1161,0.0868,0.0494,4.132,3.243,3.083,0.5377,12.716,8.815,4.147,0.2751,3.808,3.015,4.686,0.7831,6.607,3.828,3.875,0.3388,7.326,5.132,3.39,0.4282,6.514,3.087,2.577,0.3839,7.306,4.78,7.14,0.862,4.468,6.463,2.076,0.6553,4.607,6.504,5.322,0.4832,6.929,2.69,5.365,0.8916,4.756,6.929,2.571,0.3579,7.531,6.101,4.367,0.6649,6.733,5.855,2.455,0.1433,8.235,8.209,0.434,0.407,7.868,8.137,3.002,0.3241,9.401,7.966,0.75,0.0774,11.093,5.8,0.17,0.0733,8.475,5.74,2.494,0.3793,4.194,6.356,2.114,0.4759,7.375,4.634,3.502,0.4513,5.313,2.766,5.493,0.4973,7.802,5.694,4.545,0.4012,6.77,3.25,2.31,0.6249,4.816,2.207,7.262,0.9093,4.426,6.877,2.348,0.6622,4.652,5.576,4.805,0.4052,6.142,5.513,2.953,0.4222,5.054,5.398,2.956,0.6046,5.241,6.254,3.575,0.4651,9.101,3.303,4.449,0.6228,4.152,4.609,3.809,0.3268,8.327,5.92,2.855,0.7808,9.443,2.929,3.583,0.549,6.79,5.528,4.646,0.4322,7.674,5.243,2.843,0.7465,4.216,5.794,4.503,0.6864,4.465,4.794,5.624,0.6558,7.213,5.035,5.543,0.459,8.302,3.063,5.035,0.3906,4.285,6.743,2.475,0.5667,4.423,3.918,4.623,0.6876,10.263,8.093,3.673,0.02,9.51,7.74,4.405,0.4234,7.621,7.125,2.431,0.78,8.898,9.076,2.854,0.2141,9.125,6.055,6.015,0.5113,5.821,2.619,4.429,0.4347,3.833,6.829,5.384,0.3862,7.097,3.463,4.452,0.4112,5.151,3.791,5.028,0.5765,5.533,6.831,3.875,0.4294,6.404,6.355,1.728,0.5267,5.272,7.191,4.707,0.2964,6.532,2.635,2.777,0.6376,5.758,4.823,4.862,0.3578,6.578,4.48,4.911,0.737,6.358,2.69,3.034,0.6372,5.331,5.165,2.598,0.7523,8.957,6.509,4.765,0.3541,7.193,4.658,4.253,0.8341,5.045,3.074,2.126,0.5367,9.648,5.048,2.704,0.2327,5.606,5.122,5.604,0.3082,8.575,6.959,5.124,0.4187,5.736,5.605,3.949,0.6465,8.461,2.79,3.029,0.6671,8.587,2.22,5.697,0.7169,6.479,4.491,5.139,0.3568,10.227,8.276,3.702,0.1766,2.984,5.257,4.546,0.9668,4.463,4.792,2.3,0.5429,5.989,3.642,4.538,0.5767,4.382,6.086,5.321,0.5333,5.199,6.978,1.919,0.4098,7.593,7.839,2.658,0.5152,6.351,1.614,8.077,0.98,7.287,3.001,2.796,0.5425,3.589,2.979,6.681,0.98,6.111,5.696,3.144,0.37,5.818,4.94,2.23,0.3984,5.806,3.076,2.779,0.6251,9.875,6.648,1.22,0.3193,8.94,7.117,3.695,0.6512,5.961,3.767,5.576,0.6197,3.872,4.59,4.544,0.7712,10.621,8.495,1.417,0.02,6.823,4.068,4.771,0.7141,6.854,5.851,2.816,0.415,4.228,4.09,3.933,0.4304,5.16,5.881,3.347,0.7564,6.399,4.308,2.161,0.847,9.019,8.657,1.064,0.3279,8.482,5.206,5.738,0.3408,11.072,4.879,3.347,0.0579,6.002,4.907,3.459,0.345,3.217,4.833,5.146,0.9371,4.232,4.321,2.992,0.7211,7.247,3.861,5.645,0.4047,6.479,5.534,2.542,0.5911,6.788,5.141,5.024,0.6603,7.422,3.554,6.113,0.6143,4.851,6.984,4.029,0.6815,8.226,4.571,2.609,0.7889,4.75,4.289,2.642,0.4268,8.625,8.798,2.859,0.2295,5.09,5.089,4.641,0.98,8.517,7.139,5.887,0.4971,6.08,3.88,2.191,0.6544,7.249,3.318,4.56,0.4788,6.761,5.563,1.052,0.0586,8.711,6.403,3.897,0.3649,9.723,7.173,3.174,0.1671,4.104,4.693,5.27,0.6611,7.396,6.178,2.315,0.5376,5.587,4.916,3.439,0.5693,5.831,5.977,4.919,0.7999,7.152,3.487,3.533,0.3895,9.581,5.858,2.348,0.6036,7.107,3.44,4.092,0.4685,7.899,3.643,5.602,0.5441
ZF_20_Tuto_R2,Animal_20,Tutored_Mastery_30d,720,0.963,0.5361,0.1864,0.1124,0.1037,0.0614,6.703,4.852,2.179,0.4348,11.274,6.016,3.624,0.1951,8.138,3.637,2.44,0.3884,8.456,5.215,4.742,0.6646,4.302,4.129,4.464,0.3475,6.872,6.694,3.258,0.7762,7.676,3.35,4.268,0.8801,6.22,6.279,2.159,0.6733,9.07,5.472,4.477,0.5398,8.797,4.264,6.43,0.7585,5.353,4.175,5.842,0.3659,5.416,5.518,4.365,0.785,10.713,8.963,1.199,0.0699,10.353,7.849,1.981,0.3301,6.383,5.752,1.173,0.4822,8.525,4.039,3.995,0.0439,6.617,7.219,4.034,0.2923,7.139,6.968,2.929,0.6035,5.527,5.283,5.832,0.5239,5.051,4.545,2.637,0.4674,8.544,3.82,4.001,0.5453,5.749,5.607,5.231,0.8435,4.822,6.389,4.83,0.7426,2.486,5.327,4.023,0.6887,7.68,4.133,1.851,0.5818,4.666,4.676,3.0,0.2997,8.705,3.473,4.151,0.5714,6.467,3.565,6.11,0.5097,7.971,5.737,2.507,0.5445,8.448,2.306,3.552,0.7327,6.524,3.308,4.599,0.6856,9.049,3.796,4.386,0.69,6.263,6.707,5.36,0.3204,5.062,4.09,3.513,0.7729,8.37,5.837,3.47,0.4365,5.64,5.303,3.447,0.3727,5.541,5.012,3.964,0.682,6.773,3.877,3.582,0.6075,4.821,6.026,4.159,0.5083,5.639,3.846,5.558,0.7106,5.221,3.398,4.921,0.9044,8.215,8.645,2.038,0.1673,9.921,7.191,2.278,0.4567,6.928,5.677,4.309,0.8245,8.819,7.895,1.238,0.2278,7.746,5.363,3.273,0.6193,7.448,6.688,5.482,0.7329,8.375,2.347,5.41,0.3946,7.314,3.417,4.764,0.5785,8.98,5.191,4.929,0.7029,5.538,4.155,2.716,0.5545,4.29,3.592,4.364,0.355,5.406,7.246,4.974,0.5929,7.312,6.204,3.299,0.6302,4.831,5.858,2.184,0.325,4.602,4.444,6.883,0.5887,4.742,4.055,5.418,0.4672,7.254,5.854,5.99,0.6674,5.019,4.746,3.707,0.699,8.596,3.584,5.454,0.7537,6.414,5.485,4.006,0.3386,7.342,7.5,2.531,0.4334,4.482,4.529,3.099,0.4402,7.496,2.857,4.615,0.2858,6.081,3.165,1.734,0.5041,6.389,2.924,5.473,0.3955,4.831,5.52,2.15,0.6763,7.585,5.188,5.111,0.836,9.114,8.068,1.327,0.401,6.655,3.402,4.166,0.6998,7.479,3.548,5.888,0.5654,7.602,2.657,4.117,0.4788,6.166,6.433,4.773,0.657,4.038,4.079,5.719,0.8073,7.751,8.29,3.925,0.4965,4.509,4.091,6.593,0.6281,6.309,2.718,3.868,0.4894,3.41,2.045,6.151,0.6669,7.566,3.326,5.585,0.5133,4.177,5.608,5.116,0.3243,8.423,6.579,5.092,0.55,9.423,4.617,0.849,0.4614,4.662,5.277,2.787,0.4131,9.029,3.986,3.32,0.651,4.223,6.62,4.545,0.3349,7.75,6.012,2.603,0.2064,5.35,4.292,5.183,0.6349,8.513,6.7,3.676,0.447,5.604,5.58,3.103,0.6902,8.065,3.605,4.87,0.5129,6.243,4.365,4.618,0.4835,7.683,5.118,4.347,0.4189,6.438,4.307,3.454,0.8413,11.202,6.875,2.676,0.264,8.222,2.983,3.81,0.321,6.224,1.568,4.658,0.7112,6.881,3.904,2.368,0.3029,7.84,7.009,2.876,0.7446,6.083,6.37,2.908,0.741,7.451,5.208,2.064,0.409,4.162,6.15,5.49,0.4862,6.888,3.151,2.863,0.4358,8.729,4.933,1.542,0.7378,7.331,3.515,2.99,0.649,8.174,8.775,3.83,0.3069,1.944,2.001,5.045,0.5986,5.938,4.801,4.51,0.7814,8.67,2.867,2.894,0.6817,4.402,3.028,3.75,0.7615,7.511,7.37,2.22,0.4587,4.503,3.143,5.746,0.7802,6.52,8.11,2.804,0.2002,5.232,6.103,2.861,0.5052,7.135,4.133,6.004,0.7789,6.523,4.374,3.814,0.5681,5.862,4.78,4.853,0.293,7.773,3.172,3.337,0.518,7.474,3.063,3.895,0.5432,4.209,4.954,3.827,0.2682,6.259,4.008,3.553,0.3574
ZF_21_Tuto_R3,Animal_21,Tutored_Mastery_30d,720,1.0,0.5589,0.1751,0.0935,0.1116,0.0609,3.745,3.213,2.406,0.7274,10.335,7.38,1.02,0.0461,4.928,2.477,5.398,0.625,6.56,3.611,6.263,0.7565,8.366,2.462,2.799,0.3579,8.177,3.142,3.8,0.4339,4.291,6.044,6.391,0.8631,4.063,2.336,4.367,0.6558,4.74,6.284,3.348,0.4009,8.504,5.996,4.702,0.539,3.881,6.299,3.203,0.6092,4.428,4.257,7.039,0.9338,7.793,5.528,1.181,0.2225,9.686,6.432,2.063,0.4479,7.226,7.197,1.171,0.1806,7.698,8.171,3.811,0.0861,10.465,6.926,2.83,0.02,7.51,2.734,3.237,0.4487,8.662,4.944,4.356,0.3959,5.617,5.55,4.977,0.7129,6.924,6.668,5.796,0.617,4.409,7.092,5.604,0.6512,4.225,3.425,4.561,0.4414,5.403,2.301,7.727,0.8625,4.678,5.27,5.668,0.5555,5.663,4.034,4.874,0.6579,7.412,3.753,2.21,0.4596,4.983,6.611,4.417,0.5906,5.496,5.329,2.447,0.5836,4.709,4.134,3.964,0.6749,4.527,3.635,2.242,0.5162,4.478,6.296,5.669,0.4346,8.614,3.426,4.501,0.4948,8.596,6.187,5.982,0.5841,4.808,5.024,2.799,0.4348,5.773,5.272,3.664,0.4127,4.373,3.08,3.048,0.4857,7.557,3.409,5.217,0.5034,4.873,4.846,4.385,0.6996,8.511,2.004,4.957,0.3904,6.201,3.879,7.141,0.8844,10.757,5.733,0.379,0.1555,8.615,7.711,3.458,0.1795,7.964,3.262,2.455,0.359,6.674,7.146,1.767,0.1316,6.904,6.652,4.192,0.7604,7.854,5.012,5.084,0.6465,5.227,3.808,4.565,0.7361,6.439,3.813,4.313,0.6367,6.07,4.79,4.637,0.3086,5.021,2.911,3.122,0.7897,6.042,3.471,4.14,0.767,4.655,3.346,3.908,0.6515,5.332,2.738,3.057,0.5422,3.898,4.493,4.204,0.4208,2.433,3.482,7.095,0.98,8.534,3.144,5.897,0.4448,3.666,3.208,4.642,0.7898,8.082,6.326,3.791,0.8127,7.268,5.393,3.522,0.7938,5.691,4.523,2.15,0.7803,9.362,7.698,0.962,0.3003,7.887,3.467,3.783,0.6341,5.203,6.695,4.641,0.6455,4.802,5.634,5.936,0.5947,5.464,5.598,3.151,0.4554,9.265,3.739,3.17,0.4143,7.989,3.816,5.649,0.5994,8.744,4.262,1.515,0.3416,5.063,2.326,4.584,0.98,8.221,3.817,4.718,0.8281,6.676,4.536,5.791,0.5259,7.53,4.34,4.915,0.7462,6.082,4.248,2.52,0.3693,9.612,7.819,0.483,0.4433,1.861,1.902,6.689,0.98,9.351,5.729,4.554,0.3582,2.993,5.398,5.668,0.98,4.068,4.064,3.247,0.3543,4.31,4.275,2.212,0.5601,9.631,3.588,4.865,0.3138,7.07,5.267,3.638,0.2632,6.359,4.744,3.141,0.3788,5.923,5.227,5.07,0.6557,7.555,3.528,2.385,0.6332,8.995,8.586,1.469,0.2706,5.734,4.221,2.421,0.6837,8.485,5.412,2.823,0.4588,5.363,2.393,4.729,0.4989,6.495,5.909,3.367,0.5854,7.83,4.916,3.908,0.6258,7.125,5.4,4.071,0.2442,5.374,6.172,4.823,0.5422,7.025,5.277,3.157,0.1862,5.325,3.43,4.421,0.5839,3.506,4.018,6.147,0.955,5.736,2.482,2.907,0.6743,6.863,5.755,4.266,0.6565,8.778,5.115,4.823,0.6389,4.882,6.09,4.53,0.3667,4.756,6.178,4.796,0.7799,6.296,3.211,3.94,0.5708,4.916,6.762,2.547,0.6742,6.668,2.631,4.617,0.7442,10.078,6.474,4.429,0.4396,5.047,4.221,5.279,0.898,4.986,3.618,4.878,0.5916,7.584,3.108,3.478,0.6076,8.808,5.097,2.687,0.4608,8.909,7.697,2.417,0.3587,6.152,2.583,2.848,0.4678,7.941,7.109,0.899,0.2403,8.624,4.177,6.087,0.4201,5.821,3.424,5.352,0.6721,4.968,2.65,4.669,0.3474,4.561,3.414,6.236,0.6886,6.625,3.802,3.468,0.3909,5.338,4.798,1.993,0.553,7.782,5.533,2.964,0.4785,6.705,2.645,6.119,0.4009
ZF_22_Tuto_R4,Animal_22,Tutored_Mastery_30d,720,1.0,0.5617,0.1629,0.0926,0.1091,0.0738,6.802,3.102,2.83,0.2961,11.446,6.861,1.07,0.4767,4.279,2.986,4.484,0.6008,5.651,4.347,3.258,0.7904,3.789,2.885,4.608,0.7816,4.14,4.69,2.598,0.5291,9.143,6.601,6.546,0.7861,6.771,3.403,5.335,0.6318,7.651,3.993,4.124,0.7965,4.052,3.152,4.21,0.8325,5.598,4.678,3.794,0.446,7.934,4.399,6.726,0.7725,10.609,5.159,1.56,0.4273,9.13,6.688,1.607,0.1962,11.663,6.425,0.915,0.1739,6.494,5.221,3.177,0.0401,10.818,7.624,3.295,0.0277,5.829,6.983,1.893,0.588,4.436,4.873,3.759,0.5507,5.375,4.582,5.216,0.5525,7.891,3.29,4.758,0.6233,4.7,5.768,5.423,0.5662,6.326,6.34,3.606,0.744,5.14,1.949,8.155,0.6634,4.597,6.338,2.062,0.4722,7.823,6.03,3.651,0.3459,4.02,3.421,5.341,0.6678,4.744,5.085,3.175,0.5869,6.25,5.682,1.974,0.2269,8.846,3.767,3.475,0.8782,7.593,4.969,5.055,0.4496,4.136,2.891,4.206,0.3923,4.878,3.134,5.538,0.4975,4.531,5.527,2.545,0.5634,5.854,7.559,3.963,0.7843,3.854,6.46,2.463,0.4306,7.217,4.591,5.879,0.5243,7.129,2.643,3.335,0.725,3.894,3.044,5.131,0.3465,5.798,4.301,5.069,0.4469,2.475,1.772,6.399,0.9041,10.175,5.161,4.25,0.1057,9.566,7.923,1.781,0.308,8.658,2.806,2.242,0.6406,9.596,4.794,4.165,0.4478,4.269,2.811,3.413,0.3493,8.096,5.1,5.305,0.3076,7.822,3.04,5.131,0.7397,6.834,4.133,3.652,0.4409,7.787,5.847,4.667,0.4807,8.251,3.012,2.872,0.8192,6.472,5.768,3.726,0.7349,5.88,3.32,2.625,0.6389,8.071,5.133,2.633,0.2763,5.986,4.69,3.132,0.4411,4.284,4.992,4.823,0.98,3.882,2.688,5.631,0.5093,5.368,5.768,4.411,0.4855,4.954,5.21,3.657,0.2786,4.199,3.283,3.772,0.6314,5.487,4.899,3.765,0.5474,6.642,8.219,0.665,0.4093,7.24,6.787,4.622,0.6222,5.574,3.167,3.062,0.6531,7.12,7.007,4.912,0.6043,4.755,3.032,4.947,0.3706,5.787,2.482,5.961,0.4828,7.679,6.289,4.158,0.7746,11.166,4.949,2.878,0.3486,4.912,1.848,6.535,0.7286,4.249,6.336,5.489,0.4601,6.051,6.089,5.195,0.6322,5.688,6.823,2.655,0.26,6.208,2.865,1.708,0.7425,10.756,6.098,1.984,0.1005,6.43,3.293,7.409,0.8893,5.194,5.645,6.034,0.6308,4.738,3.28,7.791,0.7858,5.955,3.274,3.627,0.685,6.403,3.268,5.179,0.8017,8.095,2.957,3.05,0.5077,10.419,7.818,3.983,0.2601,7.883,6.351,5.006,0.5383,4.463,2.782,3.355,0.5359,7.469,6.476,4.405,0.59,10.785,8.036,1.651,0.0302,6.76,6.131,3.616,0.5189,5.2,5.073,4.409,0.3402,6.444,6.305,4.662,0.6892,5.388,5.378,5.194,0.4678,5.195,3.228,5.914,0.3924,10.713,5.776,2.222,0.02,4.598,6.098,1.939,0.4316,10.133,6.542,1.313,0.126,5.092,3.299,6.256,0.3799,2.927,1.953,7.53,0.98,7.77,3.098,5.269,0.735,3.317,2.765,3.55,0.5275,5.964,6.107,5.238,0.4202,7.896,5.124,4.185,0.3726,5.825,3.105,3.717,0.5409,6.339,3.277,4.954,0.3923,5.694,6.412,4.786,0.4582,6.862,3.704,4.134,0.5112,10.618,6.082,1.677,0.353,2.366,5.055,6.633,0.885,8.085,3.922,4.691,0.8017,8.084,5.828,3.167,0.5599,5.675,6.284,2.928,0.7119,11.283,7.351,0.672,0.5092,4.566,3.984,5.192,0.3478,6.745,8.853,1.799,0.2888,4.419,4.836,4.748,0.5835,6.116,5.874,5.113,0.3194,4.13,2.487,4.812,0.492,8.366,4.905,2.89,0.3827,4.96,5.269,3.808,0.7063,7.064,3.155,5.464,0.855,6.912,4.52,3.35,0.6197,7.296,6.644,5.265,0.4144
ZF_23_Tuto_R5,Animal_23,Tutored_Mastery_30d,720,0.9813,0.5441,0.1833,0.1118,0.0942,0.0666,7.927,3.509,3.361,0.6362,12.01,6.71,3.962,0.2783,6.995,5.299,5.01,0.637,8.005,2.498,4.818,0.6363,5.559,3.984,5.651,0.5502,8.755,3.248,5.856,0.3194,7.525,3.949,7.427,0.9091,6.828,5.585,2.701,0.7461,5.007,4.968,5.529,0.5812,8.311,6.33,5.774,0.5908,7.002,3.473,3.013,0.7609,8.192,3.871,4.841,0.8536,10.681,5.821,2.466,0.3056,10.988,4.975,3.781,0.1828,7.594,8.972,3.188,0.447,7.815,6.906,0.432,0.216,8.707,5.295,1.752,0.0491,6.566,6.214,4.495,0.5759,5.541,4.564,4.357,0.6127,4.339,5.136,2.868,0.7901,5.693,6.652,4.401,0.6483,7.097,5.057,2.697,0.3286,6.989,3.869,3.401,0.7637,5.0,2.148,6.253,0.6815,6.927,6.906,5.47,0.3798,8.602,3.009,2.727,0.7165,4.044,3.454,3.196,0.5813,7.705,5.994,2.78,0.6062,4.825,2.961,5.141,0.41,8.82,4.613,3.36,0.3488,7.279,6.626,4.616,0.4427,6.514,5.338,3.759,0.4666,7.68,6.346,3.551,0.3323,8.95,6.172,5.252,0.3239,5.746,5.027,2.399,0.4707,6.621,4.749,2.559,0.7579,4.186,6.341,2.517,0.6315,8.64,5.278,3.508,0.5311,5.169,5.049,2.796,0.8333,9.521,2.918,5.348,0.4764,4.961,2.253,5.897,0.7119,7.799,7.564,2.809,0.4908,10.147,8.525,3.244,0.228,3.625,3.605,3.843,0.3489,7.989,5.708,2.743,0.2108,5.996,5.316,4.798,0.3172,7.089,3.615,5.635,0.8188,5.459,6.512,4.286,0.3797,7.215,6.601,5.081,0.4987,8.51,3.681,2.964,0.4324,8.561,4.551,4.168,0.746,9.087,7.003,4.25,0.4346,5.634,4.769,4.874,0.5389,7.153,4.171,3.299,0.5779,7.708,3.526,5.262,0.6325,6.664,1.467,4.76,0.7315,4.635,6.231,5.482,0.4774,7.655,4.845,3.296,0.489,4.514,5.807,5.354,0.5239,5.535,5.606,2.734,0.7466,8.375,4.396,4.923,0.7184,9.293,5.704,3.439,0.0726,4.521,3.605,4.907,0.5622,4.73,5.034,4.85,0.4101,4.323,6.672,6.119,0.5879,5.664,4.156,3.973,0.6325,6.971,3.131,2.313,0.8147,4.793,5.58,5.961,0.6795,10.549,8.217,3.211,0.3316,6.329,1.417,7.153,0.7256,4.925,3.661,3.979,0.618,5.882,2.906,3.07,0.5234,6.462,5.534,6.19,0.576,4.881,6.965,5.393,0.803,8.114,7.125,2.71,0.3367,6.255,3.81,5.257,0.6448,5.107,4.509,2.362,0.3586,6.719,3.572,4.707,0.9335,7.904,2.83,5.691,0.5896,5.476,2.822,3.85,0.671,4.91,4.506,3.535,0.6933,7.02,6.674,3.742,0.2645,8.238,4.101,4.999,0.4556,9.24,6.673,6.177,0.4998,8.128,6.647,2.942,0.4729,11.228,6.884,2.14,0.4301,8.712,2.078,6.02,0.2655,7.315,6.691,4.479,0.4369,4.772,3.608,5.419,0.4119,7.631,4.82,4.111,0.33,4.403,3.342,5.213,0.5246,9.216,8.12,2.29,0.1347,7.125,4.912,3.614,0.6602,7.805,8.22,3.443,0.4147,9.482,4.157,4.992,0.7577,4.286,4.531,7.968,0.7488,6.992,5.407,2.936,0.7071,9.09,5.499,3.652,0.6216,5.796,3.681,3.263,0.718,3.87,2.549,3.399,0.7765,8.854,3.832,4.641,0.3548,7.021,4.11,1.935,0.3562,6.054,3.687,2.768,0.7309,4.152,4.391,2.356,0.4942,10.547,4.964,3.673,0.2727,5.054,3.558,5.676,0.6897,5.811,5.965,3.157,0.5617,6.709,2.275,5.212,0.6145,5.422,3.852,5.115,0.4775,11.25,5.682,1.572,0.4258,8.861,5.693,2.389,0.4549,7.539,8.747,1.13,0.02,8.557,5.511,3.783,0.6905,6.906,6.748,3.54,0.4353,7.91,6.222,5.305,0.4051,9.486,4.912,3.766,0.5003,9.163,6.184,4.479,0.5109,5.025,3.52,5.203,0.7359,5.483,5.551,3.685,0.4119,7.816,4.161,3.979,0.5048
ZF_24_Tuto_R6,Animal_24,Tutored_Mastery_30d,720,1.0,0.5467,0.1864,0.1037,0.0962,0.067,8.634,3.715,3.055,0.8117,9.509,7.16,1.93,0.1346,4.624,3.931,3.726,0.2662,6.449,3.496,4.578,0.7415,4.786,5.216,2.399,0.4081,6.503,2.929,1.938,0.6939,4.503,5.13,3.89,0.8782,5.993,6.098,4.037,0.6959,5.241,5.996,3.957,0.3024,6.543,3.387,5.239,0.7686,7.968,4.492,2.971,0.3982,8.62,6.019,5.823,0.5098,5.831,7.658,1.909,0.1898,9.099,5.121,1.298,0.2614,7.264,8.605,0.413,0.3553,10.23,7.351,2.84,0.4489,8.201,8.226,2.889,0.0451,5.556,5.147,4.392,0.8106,7.221,5.92,5.954,0.5759,8.255,4.16,4.638,0.5302,4.573,5.589,4.437,0.7819,5.186,3.899,4.044,0.6347,8.274,5.03,5.013,0.6609,6.247,3.36,5.203,0.8656,6.623,5.669,5.437,0.3348,7.453,2.838,2.435,0.7914,8.069,3.452,3.615,0.774,4.8,3.655,2.538,0.6305,3.252,3.899,3.258,0.4955,5.977,3.46,3.884,0.6236,5.937,5.84,5.579,0.6426,6.697,2.742,5.034,0.389,5.195,3.984,2.216,0.5489,4.861,3.273,4.597,0.3746,6.193,4.856,5.95,0.6547,8.432,3.603,4.748,0.5383,5.477,4.354,3.432,0.5317,8.66,2.912,3.884,0.6923,6.046,5.366,2.978,0.5178,4.806,4.1,4.202,0.5125,6.253,4.754,5.516,0.8485,7.543,5.446,4.316,0.2478,9.239,4.506,2.718,0.1328,4.894,3.004,3.79,0.7996,7.667,7.289,3.249,0.3743,4.499,6.353,1.681,0.463,6.481,5.006,2.825,0.5037,5.111,6.72,5.255,0.6501,5.831,4.945,3.503,0.5027,4.725,5.011,3.094,0.7429,7.854,6.646,2.044,0.4158,3.857,7.105,4.75,0.5085,6.472,5.176,2.507,0.7116,5.67,2.685,2.464,0.3312,8.428,2.906,3.96,0.7683,3.747,5.105,6.112,0.98,5.068,4.301,5.739,0.6633,8.552,5.533,5.096,0.7246,6.77,5.206,3.811,0.4002,4.775,5.831,6.043,0.693,5.804,3.759,3.637,0.4398,11.073,4.653,1.709,0.4802,7.074,3.39,3.211,0.5348,6.602,3.494,2.573,0.588,6.938,3.837,5.356,0.3924,9.331,3.542,2.685,0.5208,5.061,3.834,2.961,0.7173,4.202,2.718,3.719,0.6276,6.91,8.168,1.167,0.1841,5.847,1.898,7.311,0.6925,9.595,5.068,5.055,0.454,7.3,7.04,2.182,0.6245,7.546,4.876,1.868,0.5016,7.21,4.535,2.58,0.7198,10.281,5.434,0.74,0.4298,5.678,1.615,7.869,0.6752,4.914,3.505,2.262,0.7572,2.228,2.791,6.073,0.962,6.658,5.883,4.374,0.5516,3.979,5.02,2.883,0.4728,8.186,3.146,4.2,0.6243,7.619,6.799,1.085,0.4242,6.035,5.487,5.515,0.5616,7.888,6.578,5.654,0.5845,8.269,3.502,3.847,0.4615,8.346,6.069,0.513,0.1374,6.273,5.188,4.962,0.6626,5.948,3.069,3.557,0.357,6.522,6.753,4.588,0.5168,3.523,3.194,1.99,0.4859,7.666,4.342,5.284,0.7277,10.68,4.953,1.033,0.2424,4.259,3.947,5.946,0.5599,9.099,5.178,3.131,0.3805,5.698,4.562,2.183,0.7592,6.096,1.633,6.937,0.7597,7.263,6.19,6.113,0.3227,5.328,4.064,5.188,0.5237,6.651,5.661,2.733,0.6925,7.073,5.731,4.112,0.4128,4.813,6.125,2.78,0.6501,6.836,3.402,4.55,0.7935,6.554,3.821,2.949,0.5533,8.918,2.985,4.077,0.4309,10.75,4.879,3.485,0.4626,4.007,4.352,6.713,0.9385,5.691,4.617,3.294,0.6299,6.681,2.825,5.667,0.461,8.1,6.883,3.256,0.4354,6.329,4.853,0.236,0.285,8.126,3.744,5.49,0.6009,7.776,7.175,1.132,0.1683,8.086,5.549,2.066,0.5349,8.139,5.716,3.801,0.5259,9.221,3.861,4.671,0.5336,9.496,4.182,3.948,0.6184,8.692,6.172,5.783,0.6101,8.256,6.651,5.976,0.7624,5.03,4.186,3.382,0.645,6.577,4.31,3.733,0.5719
HS_25_Untu_R1,Animal_25,Untutored_Isolate,0,0.0,0.4377,0.1596,0.1678,0.1699,0.0651,5.222,6.226,5.214,0.4739,9.175,4.802,4.811,0.8706,6.531,6.707,6.294,0.7926,8.321,4.935,2.837,0.6927,10.209,4.749,2.978,0.8379,8.179,4.392,2.405,0.7672,10.682,8.743,6.029,0.6796,5.117,2.931,5.621,0.7149,9.193,6.044,5.504,0.924,8.321,8.677,3.567,0.8082,6.189,6.457,3.089,0.668,6.52,8.859,5.132,0.6763,6.101,3.45,4.145,0.5218,7.705,6.664,5.791,0.6699,5.658,5.49,4.548,0.4792,5.869,3.942,4.795,0.4801,8.73,3.104,5.758,0.5488,6.665,6.595,4.247,0.6913,6.183,2.572,5.16,0.5578,6.926,3.136,6.133,0.701,9.056,5.673,6.697,0.5592,5.435,4.39,3.42,0.7872,8.951,3.583,3.775,0.6322,9.159,4.056,5.085,0.4924,7.718,5.318,7.359,0.5975,8.808,3.186,6.697,0.9241,9.364,5.561,3.857,0.4444,9.159,7.063,4.893,0.8093,8.285,3.512,4.682,0.73,7.351,6.609,6.32,0.8458,6.599,6.881,4.945,0.4795,6.16,4.03,6.41,0.8879,7.185,8.053,5.319,0.5284,8.449,6.291,4.714,0.5652,8.46,5.854,5.308,0.8103,8.305,5.775,7.446,0.4348,7.065,5.747,6.691,0.7044,8.043,7.525,4.762,0.8709,8.989,5.037,5.32,0.6607,5.818,4.965,6.399,0.3779,9.684,5.887,6.824,0.5995,6.569,7.177,6.897,0.7365,9.086,3.925,6.067,0.4479,8.547,4.79,5.618,0.8924,4.288,3.756,4.384,0.9272,9.702,3.871,4.811,0.4018,9.741,4.785,6.046,0.748,9.37,4.442,4.617,0.95,5.543,6.963,3.39,0.7799,7.019,3.96,4.611,0.6761,9.385,5.775,2.456,0.6709,5.073,3.204,6.053,0.6788,7.031,5.869,6.886,0.7472,10.306,4.64,2.422,0.362,5.918,6.291,6.409,0.5085,6.229,5.525,6.076,0.4481,8.463,5.319,3.082,0.6592,8.238,3.304,5.76,0.4003,9.073,7.466,4.065,0.6524,8.301,4.334,3.91,0.7743,6.594,5.245,3.969,0.8405,5.756,6.849,3.053,0.8037,6.462,5.954,4.668,0.7598,7.229,4.981,4.953,0.7973,8.325,3.154,6.364,0.8059,9.214,7.66,6.507,0.95,4.557,5.683,5.758,0.7177,9.545,5.726,3.113,0.6066,7.85,5.819,6.586,0.7704,4.85,5.534,4.006,0.9048,9.601,5.893,6.986,0.7074,10.263,3.824,4.042,0.5282,6.055,3.566,5.356,0.5502,4.902,6.272,6.576,0.874,8.268,3.572,4.913,0.9065,6.571,6.734,5.139,0.4577,10.567,8.34,5.332,0.7154,6.585,7.038,4.367,0.9048,7.717,3.408,6.398,0.7171,5.938,7.038,3.348,0.6243,4.845,4.112,5.034,0.7418,5.122,4.772,6.599,0.5342,5.599,6.572,3.341,0.5291,6.913,6.047,5.315,0.806,6.733,2.362,4.013,0.898,4.395,4.105,4.334,0.8662,6.765,4.394,6.036,0.8288,8.552,5.954,4.866,0.6388,5.237,6.052,5.42,0.4639,6.254,4.537,3.366,0.95,6.872,7.079,4.4,0.5393,7.357,6.248,4.995,0.7857,8.0,4.128,6.43,0.7186,5.608,5.989,4.04,0.818,6.301,4.742,5.83,0.3786,8.855,6.437,3.404,0.9631,8.284,5.823,4.624,0.6447,5.856,7.064,3.407,0.715,9.176,7.122,5.109,0.4796,6.048,4.7,3.643,0.5974,7.867,5.286,4.98,0.9215,7.496,5.492,5.669,0.5529,9.435,4.21,7.111,0.8494,6.056,7.117,5.007,0.6312,7.913,7.243,4.602,0.6786,8.25,4.64,4.914,0.9559,7.459,5.717,5.136,0.5146,8.26,3.359,4.977,0.6879,6.886,7.154,5.229,0.6021,5.255,5.299,5.695,0.8385,5.312,3.372,6.709,0.4299,5.197,3.74,6.901,0.7852,7.488,4.17,7.039,0.3993,9.254,5.034,6.414,0.5718,6.766,4.601,6.792,0.818,8.249,6.133,4.828,0.48,6.234,3.597,3.341,0.8813,7.729,4.678,5.855,0.7186,7.711,6.406,4.184,0.6565,6.768,7.417,6.367,0.8552
HS_26_Untu_R2,Animal_26,Untutored_Isolate,0,0.0,0.4414,0.1447,0.1843,0.1686,0.0611,9.628,5.285,2.843,0.8119,6.5,5.897,4.805,0.5725,10.083,7.842,2.306,0.4617,8.172,3.956,6.146,0.8461,6.737,6.347,2.944,0.6273,7.196,4.455,5.612,0.5709,9.864,7.94,4.831,0.7288,7.094,3.999,5.091,0.7929,7.024,3.567,5.586,0.8292,7.551,5.705,4.018,0.98,8.934,4.521,5.733,0.438,11.28,6.288,3.921,0.5674,10.064,3.208,6.701,0.4611,6.317,5.584,4.772,0.7135,7.178,5.568,6.932,0.8418,9.812,2.539,4.783,0.6832,4.855,5.212,6.549,0.7953,7.393,6.629,6.096,0.666,8.739,4.718,5.709,0.4647,5.727,4.111,5.624,0.833,5.969,6.065,4.952,0.4393,5.881,5.451,2.551,0.5155,6.587,4.128,7.607,0.668,8.556,4.196,4.496,0.7271,5.486,6.595,3.009,0.8296,7.729,2.875,6.038,0.7038,6.989,3.884,3.436,0.6689,8.315,6.395,1.831,0.8923,5.656,3.664,5.009,0.3197,5.081,4.949,4.541,0.4459,7.154,6.925,5.053,0.8521,5.853,3.479,3.049,0.6761,7.832,4.907,5.238,0.3005,9.346,3.235,5.58,0.7153,9.696,7.013,5.471,0.6812,8.056,4.728,4.308,0.749,5.394,5.562,5.697,0.4697,10.019,5.046,3.587,0.7097,9.086,5.2,2.932,0.5464,4.974,7.524,5.811,0.3804,8.244,6.339,4.825,0.5835,8.758,6.071,3.768,0.7087,4.96,4.775,6.778,0.952,9.504,5.629,4.864,0.607,6.291,6.731,5.527,0.7762,6.944,6.551,5.012,0.8164,7.844,3.408,2.641,0.4908,7.842,4.01,5.78,0.5758,6.468,4.871,6.743,0.6339,6.029,6.857,6.088,0.6044,10.13,4.87,6.365,0.4292,7.576,7.527,5.13,0.7062,5.118,7.535,7.197,0.7795,7.213,6.489,6.175,0.8392,7.392,3.226,6.989,0.7276,8.292,4.827,6.604,0.8643,10.094,6.236,3.202,0.3536,5.521,3.165,4.754,0.4287,9.148,4.719,3.532,0.6644,8.083,5.002,5.532,0.7698,6.548,3.613,4.334,0.636,7.411,2.986,6.008,0.6463,5.438,7.19,4.203,0.4244,5.893,4.425,4.92,0.63,5.078,6.848,7.092,0.6905,6.718,7.892,6.575,0.7319,9.07,3.938,5.718,0.4615,7.358,5.359,6.044,0.9297,6.436,4.227,6.794,0.7732,8.977,4.43,6.113,0.76,8.965,4.881,6.295,0.6441,6.901,4.645,5.975,0.406,7.564,4.451,6.752,0.7054,6.943,5.151,5.118,0.7675,8.349,4.769,5.942,0.8148,8.401,4.534,3.519,0.5505,7.026,7.406,4.77,0.3492,7.668,3.235,4.254,0.5283,8.222,4.733,3.979,0.579,6.437,4.735,4.635,0.6056,8.867,3.907,7.285,0.8291,9.39,5.635,5.688,0.735,5.77,5.269,5.321,0.7205,6.633,6.248,6.411,0.7536,4.824,4.419,4.202,0.5737,8.181,6.628,5.259,0.8996,8.994,5.78,5.29,0.6374,5.666,5.665,2.602,0.9092,7.255,5.569,4.806,0.5204,7.504,5.207,6.999,0.4065,4.743,6.179,4.733,0.4461,8.965,4.198,4.203,0.596,6.942,4.614,4.981,0.5277,7.832,6.898,4.353,0.9222,5.242,3.759,4.938,0.8244,8.413,2.688,6.177,0.6954,6.435,3.503,7.182,0.901,7.975,3.684,7.336,0.4467,5.769,5.154,5.073,0.927,6.687,3.411,3.194,0.573,7.24,4.148,5.873,0.4622,9.638,6.909,5.638,0.7791,7.471,6.109,7.614,0.6577,6.968,6.284,4.802,0.6806,8.455,7.393,2.858,0.8297,6.184,3.328,7.472,0.6373,6.458,3.434,3.755,0.9036,5.987,3.591,6.334,0.95,6.769,7.142,4.21,0.7573,6.026,4.832,5.906,0.8243,9.633,7.283,6.568,0.4979,8.029,4.03,6.735,0.7385,7.899,5.448,6.936,0.444,7.051,3.958,3.397,0.7517,9.414,7.004,5.465,0.7488,6.898,3.478,5.021,0.6052,8.092,3.703,4.677,0.7122,5.495,6.761,4.751,0.7231,7.197,4.371,5.641,0.65,8.713,5.344,4.837,0.6277
HS_27_Untu_R3,Animal_27,Untutored_Isolate,0,0.1367,0.4526,0.1447,0.1761,0.1565,0.07,7.311,9.005,3.151,0.3654,6.844,3.079,4.54,0.4418,7.425,8.129,4.316,0.3609,9.562,8.917,1.721,0.2835,11.09,8.625,3.44,0.5447,10.695,10.51,2.934,0.2835,6.762,9.897,3.663,0.6564,9.166,5.487,5.286,0.7091,9.189,8.263,6.45,0.2253,8.767,6.929,4.217,0.9521,6.207,8.275,4.226,0.3113,6.789,8.647,7.046,0.8608,6.151,5.697,6.137,0.7798,6.15,7.035,5.397,0.6752,7.201,4.737,3.991,0.6596,9.832,6.862,4.056,0.437,5.157,6.168,4.669,0.702,7.631,6.413,5.279,0.2688,9.964,5.414,5.626,0.5491,6.293,6.273,5.325,0.6186,5.129,5.309,5.782,0.6728,5.885,6.188,2.994,0.5976,6.466,6.955,4.581,0.6133,8.434,6.578,4.097,0.5507,9.25,6.055,3.912,0.4883,5.251,5.836,4.325,0.6282,9.717,3.001,4.756,0.5992,5.983,5.902,4.755,0.5942,9.471,4.338,6.02,0.6435,7.696,7.467,6.702,0.8435,5.737,6.442,4.809,0.6882,7.431,3.453,5.956,0.6968,11.478,8.228,5.146,0.5308,6.586,5.197,6.916,0.4981,6.79,5.303,7.213,0.8858,8.545,6.655,3.683,0.6477,6.312,3.276,6.412,0.9189,9.958,5.157,3.725,0.8706,9.485,8.875,2.486,0.3614,7.638,2.963,4.746,0.5387,6.262,6.527,3.867,0.8156,5.35,6.254,7.135,0.3682,8.37,7.493,6.173,0.4804,6.697,9.887,2.257,0.3199,6.671,3.355,4.951,0.5474,8.582,9.408,5.506,0.2733,4.762,2.178,3.897,0.8614,6.7,4.003,6.104,0.6083,7.988,5.441,6.903,0.6362,7.716,8.923,3.492,0.3599,6.509,7.792,3.576,0.4967,6.676,6.083,6.693,0.5339,6.768,3.11,5.008,0.908,7.352,4.113,5.164,0.6465,8.059,4.64,6.952,0.8591,6.135,4.872,5.499,0.4654,11.008,5.957,1.207,0.4708,6.185,4.1,6.512,0.4773,8.557,8.809,4.615,0.2969,7.095,6.729,7.656,0.5053,8.351,5.724,7.105,0.5943,7.89,4.027,2.744,0.5016,6.132,3.469,7.258,0.5523,6.993,4.407,4.425,0.4707,8.133,6.049,5.617,0.7856,5.191,4.29,6.953,0.7647,5.889,6.379,3.767,0.8615,8.452,5.35,6.352,0.8364,9.03,4.757,4.894,0.585,6.404,6.037,7.112,0.5383,5.654,3.398,3.775,0.3949,6.14,2.477,4.788,0.918,6.684,4.944,6.801,0.8107,9.614,6.738,6.2,0.5625,5.322,5.962,4.875,0.6914,5.638,6.174,5.724,0.9609,10.335,7.499,2.659,0.4314,8.516,3.583,3.71,0.6557,8.857,6.404,6.759,0.7177,8.199,9.354,1.619,0.3212,5.51,7.892,5.753,0.645,9.111,4.204,5.515,0.8621,7.763,5.297,4.001,0.855,9.632,3.367,4.864,0.8239,7.549,6.073,5.34,0.7615,7.191,3.97,2.873,0.5702,8.543,5.238,3.615,0.9172,8.854,3.969,5.794,0.7753,9.77,4.253,5.392,0.5517,5.298,4.066,2.711,0.8482,6.444,3.729,4.758,0.5108,9.331,3.173,3.902,0.7668,8.668,4.654,5.172,0.657,8.81,7.398,6.774,0.6692,5.263,4.037,6.454,0.7401,7.707,6.92,7.254,0.5448,6.42,6.516,6.292,0.6924,8.986,6.927,6.317,0.6167,4.925,3.228,6.863,0.5208,8.659,3.898,3.632,0.95,5.466,4.544,4.263,0.5939,4.878,3.191,6.37,0.6507,6.849,3.124,4.421,0.5899,5.901,2.479,4.598,0.4823,7.991,7.249,5.15,0.6807,6.795,3.25,7.054,0.8672,9.094,2.92,6.689,0.8964,8.467,5.758,7.337,0.5165,10.567,9.485,3.681,0.602,8.0,7.2,3.208,0.54,4.235,2.709,4.207,0.5871,8.485,4.016,2.626,0.6638,8.626,6.652,4.023,0.4989,6.168,4.517,6.626,0.4281,5.104,4.077,5.088,0.6141,4.643,7.031,4.68,0.5266,8.449,7.26,4.24,0.5761,6.346,6.535,6.085,0.9285,5.415,6.343,7.58,0.2977,6.836,6.999,6.42,0.6769
HS_28_Untu_R4,Animal_28,Untutored_Isolate,0,0.1461,0.4598,0.1463,0.1689,0.1558,0.0691,8.815,7.446,0.54,0.6414,8.122,5.05,4.052,0.394,7.396,8.916,0.633,0.5926,10.392,9.942,3.01,0.6652,10.798,9.763,5.053,0.3255,7.553,8.889,4.392,0.7615,11.113,6.482,5.431,0.7035,6.993,7.075,4.624,0.3048,10.427,6.358,4.452,0.5942,7.237,8.506,5.041,0.4716,10.801,9.386,3.656,0.5507,9.164,9.189,5.741,0.7451,9.629,5.022,6.605,0.6964,8.61,4.51,5.947,0.699,6.368,5.475,4.408,0.4518,9.667,6.765,3.598,0.5713,7.272,5.149,3.148,0.7687,7.365,7.853,3.639,0.7674,5.732,6.417,5.788,0.6456,7.042,4.126,4.898,0.5297,8.226,3.468,5.566,0.6871,5.494,4.969,5.003,0.5425,8.204,4.303,6.281,0.7104,7.258,4.985,4.205,0.8328,4.468,6.375,2.828,0.5411,5.173,2.894,4.051,0.5419,5.126,3.765,4.43,0.7241,6.481,4.588,7.141,0.7103,6.303,4.349,4.568,0.5162,5.518,3.494,3.354,0.6482,7.957,2.429,3.579,0.4481,8.737,5.999,5.249,0.702,8.798,6.492,3.536,0.4118,6.513,6.437,5.542,0.7899,5.844,5.254,4.504,0.4877,7.299,5.827,5.7,0.4669,5.202,7.058,3.862,0.5653,5.616,4.405,7.25,0.5678,8.69,9.759,4.341,0.2299,8.67,3.266,6.862,0.5971,9.524,4.111,4.238,0.8824,6.949,4.766,2.98,0.4918,5.636,3.543,3.273,0.755,9.374,8.737,4.371,0.6284,9.183,3.707,3.866,0.8488,8.131,7.43,4.395,0.6791,7.693,5.648,5.268,0.6588,7.46,3.924,4.499,0.4837,9.572,3.945,4.073,0.914,11.348,6.871,3.658,0.4263,8.112,5.793,1.132,0.6224,8.358,7.251,5.963,0.6882,8.14,7.044,3.6,0.4181,8.951,3.825,4.765,0.6101,8.662,2.826,5.325,0.4627,5.717,5.2,6.909,0.8503,7.815,6.974,2.626,0.7231,8.137,6.948,4.48,0.8812,8.56,7.65,4.82,0.6066,6.779,5.411,5.979,0.7009,8.096,8.03,4.839,0.7288,7.165,4.162,5.185,0.6972,9.176,3.105,3.89,0.6004,7.477,5.626,6.356,0.8791,6.925,6.155,5.209,0.5176,5.143,5.164,7.309,0.6945,9.105,3.524,6.985,0.7602,8.135,7.167,5.283,0.6944,8.436,6.238,4.928,0.6104,5.936,5.773,5.434,0.9082,7.072,3.062,6.647,0.4915,4.198,2.951,6.838,0.761,7.291,2.668,3.887,0.8875,7.786,6.59,5.385,0.867,10.227,2.805,4.303,0.3538,5.547,5.173,6.143,0.5016,8.25,9.717,2.962,0.6899,7.885,2.842,5.258,0.6728,6.205,6.382,5.425,0.8301,6.965,7.336,3.425,0.3408,6.703,4.489,5.481,0.7685,6.077,6.444,3.145,0.3907,7.037,5.896,4.053,0.4467,5.828,4.84,5.093,0.527,5.175,6.852,6.139,0.9415,8.946,4.702,6.176,0.6093,9.418,4.599,4.927,0.5242,5.839,3.191,5.988,0.8754,10.057,5.999,5.594,0.5095,8.247,4.461,6.659,0.9262,6.556,5.001,7.126,0.5642,5.966,5.25,5.747,0.3808,8.215,7.017,6.099,0.4737,6.4,5.717,3.941,0.4708,6.886,3.668,3.518,0.6779,9.406,5.746,4.806,0.8593,5.575,5.486,6.018,0.4802,6.567,2.735,6.98,0.5244,7.305,3.13,6.22,0.6714,10.242,3.683,7.351,0.7801,10.536,3.352,6.263,0.93,7.107,3.786,4.465,0.8996,10.147,3.425,3.133,0.5586,8.358,5.37,6.024,0.5674,7.433,7.704,3.868,0.6597,8.831,5.193,4.083,0.4483,4.811,5.25,3.295,0.8419,4.814,4.203,2.899,0.5429,7.925,6.855,1.032,0.6898,10.057,7.259,6.633,0.5458,6.8,4.844,5.622,0.6258,6.036,7.372,4.794,0.4832,9.799,5.222,4.977,0.8307,8.378,6.196,6.471,0.6826,6.808,5.582,2.933,0.5011,9.903,3.054,4.472,0.4859,5.033,5.894,4.854,0.4745,6.697,6.843,5.017,0.556,7.333,2.35,5.035,0.5683,4.998,3.823,6.547,0.9341
HS_29_Untu_R5,Animal_29,Untutored_Isolate,0,0.0154,0.4391,0.1391,0.1842,0.1624,0.0752,7.758,8.555,5.615,0.6738,6.409,4.814,6.031,0.7235,10.008,5.623,3.083,0.4914,7.159,8.297,4.432,0.6111,5.449,6.572,2.931,0.4819,9.784,8.77,5.504,0.6372,8.765,4.929,4.166,0.7122,4.874,4.439,6.266,0.3983,4.765,3.861,3.577,0.7376,9.16,7.63,3.642,0.5841,6.774,6.73,5.351,0.8315,8.269,5.799,4.491,0.5003,8.931,4.619,5.772,0.573,5.008,2.481,7.038,0.4649,7.954,4.453,5.533,0.931,5.461,4.048,5.237,0.4357,7.05,2.105,4.535,0.4577,8.044,6.838,3.403,0.7039,4.625,5.308,6.149,0.7838,10.037,6.069,4.522,0.4045,9.143,5.439,4.684,0.6723,4.687,4.119,5.735,0.6795,5.634,5.854,5.948,0.573,9.832,6.421,5.712,0.6481,7.506,4.218,3.791,0.4557,5.713,4.51,5.634,0.7612,8.985,4.954,5.722,0.7586,7.659,3.656,7.068,0.6862,5.34,3.949,6.974,0.7838,9.787,5.975,3.945,0.6305,8.363,4.553,5.515,0.7797,7.468,6.249,4.779,0.95,10.395,5.481,2.757,0.6224,7.891,3.875,3.732,0.7767,4.719,7.683,5.655,0.95,6.644,3.712,4.521,0.6531,5.942,3.806,3.628,0.7972,9.49,6.05,5.306,0.4692,6.241,6.876,3.123,0.83,7.282,4.973,4.998,0.7184,9.854,4.608,6.992,0.6585,6.103,2.601,3.307,0.7088,8.426,3.246,6.035,0.8401,6.485,6.673,4.382,0.7468,9.677,4.37,6.147,0.9016,7.641,4.299,3.384,0.8227,8.756,4.389,6.796,0.873,7.004,6.625,6.824,0.8596,6.824,4.748,5.944,0.5884,8.501,5.052,4.773,0.4464,6.519,7.429,3.766,0.5454,9.524,6.854,7.693,0.4584,7.193,4.144,5.654,0.4357,9.272,7.536,3.861,0.7182,8.762,4.65,7.008,0.7105,8.048,4.51,3.853,0.6088,10.88,8.577,5.995,0.6234,8.397,4.845,4.913,0.7089,10.272,7.734,5.607,0.734,8.459,6.273,6.307,0.4827,8.966,2.849,5.79,0.7338,8.626,4.124,7.17,0.9085,6.843,4.715,4.217,0.3571,5.036,8.001,6.225,0.8186,8.583,5.138,4.788,0.816,7.389,6.557,5.437,0.7877,4.847,2.7,5.687,0.6086,7.366,3.533,4.913,0.7231,7.454,3.721,4.211,0.8444,5.838,6.363,3.248,0.7993,9.241,4.298,3.518,0.7224,5.452,4.615,4.928,0.7674,6.337,5.296,5.054,0.5359,6.792,4.288,4.599,0.95,8.591,5.785,5.772,0.939,5.265,5.362,4.802,0.5939,11.058,6.169,4.572,0.5256,7.346,4.981,6.996,0.784,10.668,4.554,6.665,0.3874,7.953,7.902,6.422,0.9255,9.846,3.408,3.234,0.5515,7.865,7.529,6.004,0.7693,6.743,5.285,6.985,0.5132,6.958,4.987,5.487,0.5565,5.886,4.112,3.724,0.4801,7.317,4.419,4.174,0.762,8.332,4.445,6.769,0.5673,8.259,4.293,3.624,0.8668,9.062,6.847,6.307,0.5579,8.513,3.307,3.368,0.8767,4.785,4.284,6.872,0.5245,9.632,4.574,4.19,0.7708,9.165,3.837,6.086,0.646,6.668,5.852,5.739,0.6428,5.644,7.432,2.975,0.4905,5.466,3.09,6.89,0.8722,5.678,6.982,4.464,0.6779,7.191,6.8,6.865,0.6531,9.656,2.431,6.06,0.4086,8.586,4.687,6.827,0.7976,7.531,7.271,5.74,0.95,9.677,3.854,7.127,0.7481,8.591,4.243,5.92,0.95,5.299,3.765,4.606,0.4473,6.145,6.019,4.952,0.849,4.316,3.637,5.742,0.7721,5.769,4.846,7.427,0.5893,9.631,4.852,5.491,0.6141,6.503,4.735,5.746,0.3799,6.723,4.317,6.553,0.4954,6.063,3.227,5.834,0.5755,7.431,3.371,7.388,0.6696,6.412,5.797,3.637,0.7654,8.413,4.342,5.546,0.95,10.857,5.633,3.907,0.7417,6.573,3.983,3.542,0.6016,5.516,4.292,6.803,0.4973,5.443,6.056,6.177,0.9,4.261,4.353,5.697,0.7667,7.78,6.859,7.013,0.8067
HS_30_Untu_R6,Animal_30,Untutored_Isolate,0,0.1831,0.469,0.151,0.152,0.1572,0.0708,12.337,10.063,1.266,0.5872,5.063,4.8,5.145,0.8689,9.115,6.19,3.019,0.7802,9.41,7.318,1.733,0.5284,9.442,6.449,0.826,0.4499,11.096,6.941,1.856,0.7061,10.515,6.155,4.19,0.9421,6.493,9.171,5.459,0.2554,6.018,6.915,3.974,0.2605,8.437,6.676,5.172,0.5449,12.039,6.58,0.682,0.6639,10.88,7.565,6.671,0.6341,7.549,7.766,5.152,0.6587,7.452,4.509,5.649,0.8966,5.935,6.128,6.906,0.4511,6.499,5.886,5.845,0.7651,9.71,3.641,5.433,0.4152,7.387,8.298,3.525,0.6772,4.924,3.443,5.375,0.5509,8.777,7.054,6.837,0.4333,7.085,5.597,5.282,0.5844,7.073,5.198,6.616,0.8087,8.117,7.186,4.325,0.8242,8.785,6.359,5.34,0.7327,5.836,3.321,5.821,0.5768,8.682,4.16,3.525,0.8729,9.955,3.805,7.008,0.8212,8.766,6.43,4.712,0.4988,6.626,2.752,3.597,0.8951,5.947,4.298,3.21,0.3726,6.087,5.37,7.433,0.7495,6.086,6.68,4.199,0.8004,8.473,9.954,3.25,0.5717,5.976,3.744,5.789,0.8391,4.861,6.925,3.938,0.814,9.085,5.987,4.669,0.6875,8.103,3.253,7.571,0.95,8.271,6.394,5.798,0.7236,9.591,10.403,2.597,0.5187,6.505,3.088,5.832,0.9049,6.961,6.021,5.569,0.5817,6.733,2.569,4.474,0.5033,6.48,3.056,6.682,0.4292,10.025,8.726,3.579,0.4004,7.219,6.551,3.787,0.5674,8.903,7.68,2.259,0.3382,5.432,3.916,7.645,0.5032,6.62,4.265,5.702,0.4333,7.548,4.729,7.382,0.5203,8.684,8.344,3.799,0.7702,9.863,6.451,3.046,0.3872,5.73,6.425,5.89,0.7915,7.269,7.015,4.048,0.7854,6.445,6.421,7.555,0.7344,9.187,4.113,5.154,0.4724,5.235,5.72,3.829,0.8155,10.792,9.178,1.969,0.5606,7.01,6.174,6.19,0.95,7.251,6.803,4.715,0.4195,8.337,3.53,4.626,0.4868,8.109,7.185,6.094,0.5417,7.205,6.142,4.517,0.3544,6.873,3.636,3.662,0.7311,7.249,5.669,5.076,0.5798,8.859,7.698,7.701,0.7306,7.419,5.772,6.142,0.448,6.335,6.634,4.938,0.5025,4.65,4.578,5.227,0.7043,9.715,7.106,4.091,0.3386,7.782,7.327,5.215,0.8671,4.497,3.776,5.876,0.9119,9.723,6.763,5.147,0.5325,7.822,5.198,7.628,0.9312,6.341,2.908,5.349,0.95,8.029,4.912,6.381,0.7746,9.002,5.123,5.311,0.6024,6.706,10.08,4.04,0.6942,5.747,4.947,4.757,0.8794,5.228,4.66,4.133,0.647,7.064,6.8,4.297,0.446,9.867,3.351,6.732,0.6403,7.532,6.907,3.015,0.4425,8.932,3.35,4.89,0.4171,8.879,7.009,4.801,0.8984,6.341,6.498,4.178,0.681,8.933,5.32,3.69,0.8678,6.645,6.268,4.681,0.7039,9.014,3.201,4.839,0.5342,8.749,6.541,4.861,0.7282,9.54,4.686,6.747,0.5571,8.551,5.361,5.66,0.475,6.739,6.162,4.788,0.5277,7.888,7.877,5.122,0.4401,5.561,5.544,4.798,0.4097,8.21,4.85,7.163,0.8114,4.395,6.705,6.932,0.6326,9.104,5.462,6.441,0.6791,9.954,3.326,4.454,0.5066,8.713,3.35,6.572,0.5681,7.212,4.537,4.653,0.7463,5.995,5.654,7.107,0.4669,5.752,3.418,3.766,0.7544,5.644,6.541,6.327,0.5014,7.221,3.273,4.529,0.5116,6.864,5.897,3.369,0.4854,5.59,6.457,6.099,0.8282,10.048,4.312,4.234,0.8043,8.098,7.108,3.31,0.7316,10.237,8.54,3.222,0.5962,8.133,6.92,3.899,0.558,4.123,4.363,4.844,0.5494,6.062,3.678,3.408,0.3312,7.902,4.241,3.924,0.5245,8.048,3.773,4.937,0.8105,7.513,7.017,6.25,0.6492,9.06,6.719,6.556,0.5611,7.804,3.999,6.398,0.7824,8.266,4.341,4.595,0.7627,5.748,5.783,5.734,0.888,8.838,4.293,5.233,0.3805
HS_31_Tuto_R1,Animal_31,Tutored_Early_24h,24,0.2141,0.4339,0.152,0.1794,0.1561,0.0786,8.857,9.77,2.666,0.2266,8.392,5.491,6.719,0.4313,7.72,10.432,2.574,0.5258,7.917,9.678,0.952,0.4352,11.653,9.083,1.972,0.5129,9.233,11.521,3.064,0.5823,7.78,6.645,5.825,0.8318,9.313,9.866,4.727,0.2219,6.564,9.009,4.418,0.5143,7.25,4.427,7.957,0.5523,7.547,8.79,1.022,0.3521,9.958,5.233,7.018,0.4561,8.449,2.961,4.96,0.7153,9.628,6.602,4.117,0.4532,7.626,3.649,2.911,0.5731,6.374,7.612,4.877,0.4495,6.992,5.506,2.98,0.3836,9.586,7.248,4.3,0.5339,8.726,6.143,2.809,0.4753,5.282,6.914,5.583,0.95,6.946,6.107,5.08,0.6997,8.727,5.604,6.447,0.6994,5.858,5.07,5.405,0.3514,8.822,4.518,6.076,0.9594,6.421,4.85,4.554,0.95,9.743,4.554,3.722,0.8866,8.471,6.45,4.097,0.3978,8.923,4.677,7.211,0.6194,7.087,7.219,5.701,0.5939,4.954,6.012,6.999,0.3495,9.946,4.601,7.61,0.6684,6.015,5.38,3.899,0.6616,9.893,9.963,1.93,0.5679,4.304,3.54,5.816,0.4878,5.83,3.708,4.644,0.5771,8.226,3.816,3.566,0.4182,6.519,3.852,3.743,0.4833,8.248,5.645,3.532,0.875,9.681,9.047,1.827,0.3023,6.636,2.972,4.883,0.95,5.05,4.402,4.474,0.745,5.722,6.922,4.495,0.8155,10.25,6.901,6.291,0.4044,11.242,7.142,2.584,0.2341,10.345,4.64,3.044,0.4319,10.948,9.459,1.808,0.3383,5.141,4.934,5.974,0.95,4.497,2.394,5.752,0.5712,5.384,4.898,6.482,0.8387,10.483,6.98,4.827,0.5049,10.594,10.794,1.946,0.6131,4.722,6.3,5.41,0.5438,9.642,4.045,6.572,0.6796,5.435,3.819,6.226,0.5494,7.929,6.269,6.112,0.3616,4.929,5.729,4.696,0.7468,10.851,9.423,1.654,0.6245,9.412,5.681,5.925,0.7582,7.614,10.279,1.417,0.5683,5.272,3.632,7.043,0.9113,7.735,6.333,5.163,0.7562,9.996,6.987,5.257,0.6705,8.26,3.986,3.288,0.7952,5.518,2.504,5.882,0.5168,6.979,3.101,4.686,0.8641,5.338,6.495,3.389,0.6222,8.188,4.551,5.893,0.8091,8.15,6.004,3.992,0.8351,7.09,7.462,4.659,0.5131,6.3,4.232,5.37,0.6306,6.103,5.851,4.442,0.9183,6.417,4.232,4.648,0.8368,6.212,6.65,4.186,0.5599,4.8,5.806,3.002,0.6311,5.278,3.053,4.319,0.8465,6.771,3.101,6.469,0.6573,8.801,9.848,4.727,0.5068,5.821,3.538,6.237,0.6559,3.991,3.37,6.029,0.6376,10.197,9.909,3.557,0.6827,5.748,6.401,3.071,0.5985,8.815,5.166,5.809,0.5724,6.664,3.102,5.126,0.5858,4.959,4.993,5.469,0.4763,8.119,3.429,4.586,0.7143,6.922,6.825,2.983,0.3762,6.273,4.707,3.356,0.5907,8.799,4.802,5.762,0.3745,5.551,4.049,5.048,0.4194,7.138,6.342,6.425,0.6166,6.553,4.317,6.142,0.95,6.375,7.248,3.304,0.5186,5.191,4.475,5.053,0.761,7.534,5.401,5.414,0.4433,8.005,3.911,5.103,0.7242,5.333,5.943,6.529,0.9197,9.078,6.017,6.844,0.6843,6.992,3.452,6.588,0.6313,7.672,4.055,3.072,0.5235,9.53,5.612,4.65,0.7048,9.155,3.975,6.118,0.653,5.665,6.674,4.086,0.6494,8.89,2.479,5.819,0.8148,6.701,3.779,7.511,0.7056,7.861,4.929,6.759,0.6963,6.447,5.156,5.742,0.8656,6.426,3.576,3.748,0.5839,4.903,4.518,5.797,0.95,12.16,6.844,0.467,0.5764,6.259,6.016,5.854,0.7055,9.683,2.837,3.695,0.7138,8.947,3.718,4.752,0.5771,9.046,3.503,6.5,0.577,5.28,3.962,3.838,0.8331,5.868,2.336,4.996,0.3752,9.47,7.796,4.335,0.7361,9.455,6.864,4.833,0.4955,4.79,5.103,6.562,0.6249,8.379,7.067,4.613,0.7356,9.462,5.563,3.27,0.4786
HS_32_Tuto_R2,Animal_32,Tutored_Early_24h,24,0.2089,0.4538,0.1426,0.1941,0.1523,0.0572,11.598,10.199,3.097,0.3101,5.315,5.227,6.467,0.4778,9.805,10.374,0.69,0.6374,10.637,8.907,2.52,0.5142,9.608,8.172,2.677,0.5983,9.272,10.841,1.318,0.2991,7.753,5.391,6.31,0.452,11.793,7.343,3.194,0.6548,9.838,5.933,1.805,0.4311,7.49,7.515,7.242,0.4917,8.256,8.342,3.366,0.3221,10.48,4.758,6.753,0.6017,8.374,7.509,4.101,0.5518,7.117,4.43,6.525,0.4358,8.386,6.641,3.437,0.4023,8.887,5.267,4.85,0.4094,10.766,4.944,4.886,0.4095,10.435,8.637,2.181,0.5752,6.308,5.193,6.542,0.5691,6.388,2.754,4.929,0.4395,9.314,5.289,4.409,0.9182,6.417,3.239,7.047,0.6372,7.876,7.361,3.315,0.8584,4.744,2.823,3.548,0.5119,7.604,2.584,3.818,0.736,5.128,5.818,4.141,0.7737,8.541,3.543,2.858,0.6407,6.85,2.804,5.656,0.6378,8.517,4.385,2.276,0.54,6.705,3.576,6.953,0.6901,6.36,7.353,2.858,0.7302,6.052,6.753,5.873,0.7931,7.545,8.137,4.065,0.2692,5.486,5.195,4.503,0.742,6.318,4.957,5.785,0.5806,8.672,5.692,7.5,0.7033,7.667,4.988,4.932,0.8806,9.141,7.993,6.076,0.4555,11.503,7.371,1.739,0.3982,9.349,5.256,6.21,0.5496,6.354,3.085,4.042,0.5349,9.799,6.771,3.545,0.3619,10.454,4.252,6.4,0.5675,9.724,7.743,1.125,0.1685,10.468,2.199,4.185,0.3553,10.492,7.405,2.585,0.7448,5.759,2.478,6.732,0.8861,7.565,5.892,5.956,0.6773,6.275,6.49,5.228,0.8071,9.577,8.208,3.924,0.2088,11.494,6.579,0.343,0.6095,5.075,5.137,4.384,0.5924,5.304,4.061,6.261,0.7446,5.072,3.024,4.301,0.6031,7.813,7.399,3.93,0.5613,7.731,4.444,6.701,0.6231,10.482,9.885,4.108,0.3699,8.479,7.083,5.481,0.5523,9.765,6.903,2.649,0.4445,5.605,7.072,4.256,0.7228,10.208,6.202,4.869,0.6332,5.536,7.369,4.767,0.7206,8.227,3.917,7.759,0.777,6.94,5.767,7.24,0.8052,6.968,3.953,6.44,0.5043,6.347,3.369,3.368,0.5357,6.92,6.732,6.493,0.6454,5.995,6.163,4.044,0.6755,7.81,2.971,3.082,0.4796,8.812,5.044,7.401,0.5337,7.788,5.988,3.669,0.6086,9.931,5.61,6.643,0.5332,8.172,5.286,5.911,0.5112,6.192,2.715,4.629,0.9265,6.701,4.889,2.887,0.5384,7.54,5.527,7.141,0.8704,7.845,9.837,3.019,0.5425,7.478,3.508,7.705,0.6455,4.152,2.888,3.684,0.5072,10.806,10.354,0.405,0.3559,4.649,4.372,6.017,0.5602,10.459,5.81,3.078,0.3902,8.477,6.12,4.238,0.6471,9.8,3.822,5.748,0.95,7.925,4.151,5.512,0.4984,9.324,6.148,2.451,0.7574,9.42,6.358,5.019,0.95,7.342,4.374,5.356,0.9485,6.257,7.113,5.616,0.8415,5.274,5.456,7.804,0.448,9.269,6.74,4.831,0.5127,7.353,4.859,3.823,0.602,6.099,6.186,5.294,0.8231,6.225,4.544,3.046,0.5312,6.997,6.981,4.404,0.775,8.421,2.848,5.113,0.6635,6.579,6.68,6.633,0.7281,5.51,6.494,6.789,0.7299,8.772,6.507,3.718,0.8861,4.083,7.536,4.355,0.8161,6.408,5.72,3.863,0.5463,8.427,3.531,6.125,0.5066,5.728,5.124,3.948,0.6305,4.757,3.639,6.146,0.5794,5.634,3.595,5.637,0.5202,9.226,2.62,5.13,0.6728,8.847,5.884,7.432,0.5289,5.947,3.708,4.265,0.6925,10.179,6.783,2.6,0.4299,9.111,3.744,5.398,0.613,8.771,4.778,2.77,0.4968,9.148,2.812,4.89,0.5458,7.907,6.433,6.887,0.5848,7.729,2.369,3.968,0.9033,7.357,5.193,6.633,0.95,5.802,5.19,5.112,0.5161,4.812,3.414,3.749,0.8894,9.228,7.269,4.571,0.7934,6.482,7.307,7.298,0.8046,6.84,4.866,2.496,0.8473
HS_33_Tuto_R3,Animal_33,Tutored_Early_24h,24,0.3649,0.4374,0.1515,0.1775,0.1814,0.0522,11.57,10.359,0.1,0.2197,9.127,6.77,5.891,0.5054,10.289,10.084,2.746,0.6074,8.334,8.561,3.805,0.3235,11.535,11.322,2.704,0.5025,9.261,11.892,3.82,0.6346,7.421,5.081,5.51,0.6699,7.057,9.373,4.414,0.4311,6.965,9.901,2.912,0.4912,7.661,6.542,5.608,0.4847,12.004,9.964,2.702,0.1464,9.652,7.531,3.881,0.4462,10.69,6.713,5.147,0.3502,11.179,5.99,6.776,0.7276,7.901,4.48,3.749,0.4194,10.283,3.606,5.913,0.285,11.068,6.003,2.706,0.5983,10.512,8.692,2.899,0.4816,9.034,5.784,5.625,0.4039,7.323,5.983,7.066,0.5526,8.535,4.695,4.289,0.69,6.184,5.38,4.641,0.7137,9.032,4.253,5.536,0.5599,8.312,4.068,5.351,0.695,8.421,5.642,7.102,0.6409,7.086,5.837,5.234,0.3926,8.053,4.454,4.52,0.6696,7.438,5.294,4.598,0.7462,7.407,6.906,3.546,0.8722,7.176,5.969,4.207,0.6823,9.601,4.938,7.346,0.8169,6.719,4.514,5.228,0.7264,11.723,10.885,2.562,0.455,7.343,7.302,6.177,0.4963,5.346,5.168,4.854,0.8577,6.474,6.454,6.57,0.5659,5.936,4.533,5.601,0.4681,7.911,3.222,5.239,0.9122,11.51,11.473,2.503,0.6452,4.833,3.311,3.992,0.6967,4.362,2.961,5.78,0.98,7.442,6.183,4.164,0.4169,6.531,7.215,5.58,0.7675,10.545,9.724,2.078,0.3904,6.31,6.775,4.036,0.3185,9.368,12.321,0.317,0.6975,5.825,7.223,7.268,0.6908,5.43,4.569,4.431,0.4495,6.168,6.317,4.05,0.5971,10.74,8.886,2.99,0.6282,9.207,8.87,3.93,0.3514,6.157,3.017,5.894,0.3746,7.451,5.555,6.591,0.8429,5.117,3.916,5.548,0.8647,8.894,6.326,6.159,0.7396,8.51,3.795,6.593,0.7901,8.518,12.431,2.142,0.2385,8.778,4.442,4.236,0.5398,10.833,10.745,2.988,0.3903,8.74,4.658,6.96,0.6995,5.97,7.306,3.908,0.8852,9.965,6.77,4.876,0.3785,6.761,5.473,5.028,0.5624,8.413,7.719,6.955,0.7241,7.02,4.579,6.453,0.7151,4.255,5.418,4.525,0.386,9.185,5.919,7.276,0.6818,6.316,5.823,4.023,0.8459,6.03,5.347,6.547,0.3407,8.913,3.186,4.012,0.769,7.423,4.275,4.317,0.6705,9.798,5.739,4.789,0.74,9.425,3.918,5.954,0.7306,8.897,5.434,5.623,0.6648,7.791,4.817,2.671,0.3732,7.298,6.803,6.952,0.9029,12.14,11.462,3.733,0.5853,6.053,4.362,7.274,0.6693,7.546,4.188,4.74,0.6277,11.454,8.618,2.966,0.4064,9.638,4.299,3.688,0.9256,6.192,7.735,3.61,0.3738,10.543,7.463,4.958,0.8845,8.438,3.433,4.626,0.4447,7.804,7.202,4.813,0.5669,10.893,3.238,5.633,0.6039,5.474,3.578,3.009,0.6579,7.014,4.838,5.727,0.6333,7.196,5.004,6.997,0.95,6.319,7.822,3.963,0.4237,10.148,3.2,3.659,0.4148,9.382,5.74,4.755,0.598,5.317,3.341,6.439,0.7663,7.244,7.92,3.735,0.6499,8.144,7.15,5.899,0.8008,8.77,5.791,5.603,0.5714,5.265,5.68,3.224,0.8137,7.738,3.747,5.613,0.9013,6.674,4.534,4.471,0.8431,8.667,5.184,6.335,0.5803,4.864,4.216,6.594,0.5344,4.359,5.91,5.371,0.8019,3.213,6.673,4.637,0.5784,6.245,5.539,5.658,0.6294,6.421,4.744,5.586,0.7795,5.659,4.358,5.418,0.5718,6.359,3.862,4.188,0.6853,7.129,2.781,4.705,0.4876,9.601,9.34,2.173,0.4113,6.517,8.015,3.52,0.6279,7.292,6.546,6.549,0.7762,5.315,6.881,3.391,0.4733,10.278,6.71,5.857,0.4923,6.71,3.255,5.756,0.8524,8.199,7.576,5.262,0.9194,7.172,4.03,6.001,0.375,8.638,5.039,2.875,0.67,7.322,6.848,6.511,0.8244,4.946,4.275,6.128,0.7022,4.746,6.486,6.547,0.5178
HS_34_Tuto_R4,Animal_34,Tutored_Early_24h,24,0.2424,0.4222,0.1785,0.1785,0.1555,0.0653,8.736,9.59,2.389,0.2208,10.632,3.925,4.78,0.7792,12.313,8.923,2.365,0.7575,8.371,8.787,2.649,0.2812,8.367,11.224,3.67,0.1476,11.761,8.805,1.935,0.4264,5.301,8.498,5.032,0.5555,7.394,8.47,1.937,0.4296,8.021,5.501,2.927,0.4737,10.348,5.76,7.2,0.9361,9.122,10.206,0.1,0.5977,7.534,7.521,7.271,0.7763,7.512,5.768,4.686,0.5114,7.497,3.058,4.282,0.6511,8.592,6.085,6.739,0.7404,7.006,4.616,3.222,0.4693,6.35,5.098,6.172,0.4925,11.476,9.678,4.729,0.605,6.311,4.961,6.853,0.7301,9.121,2.267,6.602,0.7172,5.482,3.314,3.492,0.753,5.942,6.475,3.09,0.6172,8.366,5.529,6.626,0.8472,8.848,4.847,4.551,0.4139,8.212,6.642,5.924,0.7274,8.347,7.417,5.708,0.5194,6.117,2.743,2.66,0.875,7.853,3.011,5.351,0.9055,5.434,4.315,4.575,0.6784,7.304,3.824,5.775,0.9482,8.104,6.405,5.27,0.8614,6.736,6.452,3.396,0.4,7.349,9.731,2.109,0.4054,6.932,5.47,7.349,0.4195,6.774,2.731,3.925,0.7757,5.394,2.589,3.562,0.7749,5.541,2.548,4.372,0.783,9.026,3.744,4.537,0.509,11.636,7.706,4.079,0.5982,6.987,6.798,2.539,0.7797,6.698,4.979,5.773,0.7778,8.998,5.583,5.892,0.3684,6.053,6.234,5.744,0.6498,8.447,8.558,3.32,0.4486,10.925,7.448,3.129,0.5598,9.591,10.931,2.129,0.3192,7.732,4.431,7.654,0.4713,7.718,4.34,5.065,0.8429,9.226,6.588,3.164,0.5227,9.796,8.01,2.825,0.7036,9.696,9.807,3.747,0.5016,9.527,2.085,4.526,0.5444,7.163,3.537,3.192,0.5061,7.054,3.543,4.695,0.6078,5.544,5.612,6.503,0.7913,4.276,2.891,5.219,0.5198,9.723,6.948,2.332,0.6632,7.962,4.704,4.221,0.4537,7.432,9.757,1.128,0.6092,5.815,4.047,3.638,0.8521,4.897,5.967,4.86,0.6441,7.151,6.386,6.488,0.5092,5.54,6.206,4.534,0.4638,8.609,3.922,5.774,0.4806,6.458,4.527,3.94,0.8717,8.288,6.243,6.416,0.453,8.203,5.471,6.897,0.8796,7.432,2.86,6.406,0.7462,10.972,7.451,3.961,0.5424,9.679,2.793,7.265,0.7385,9.581,4.308,4.427,0.6096,8.671,5.299,3.824,0.3653,8.582,6.222,4.813,0.7595,5.367,5.218,4.961,0.7935,7.414,5.125,3.118,0.5139,7.253,3.363,7.8,0.8261,10.259,10.202,1.853,0.3198,9.779,5.031,4.49,0.5357,7.054,6.057,6.872,0.4147,9.838,9.903,3.979,0.4046,4.807,4.368,6.761,0.7248,8.676,2.931,5.338,0.3749,7.402,6.713,4.527,0.6795,8.279,5.013,5.065,0.6629,4.774,6.298,7.554,0.5363,6.732,4.772,4.06,0.3256,6.729,6.311,5.1,0.7822,7.792,3.127,7.616,0.9476,7.825,3.936,4.922,0.4185,6.078,4.991,5.236,0.8115,4.937,5.523,6.399,0.7741,8.086,7.297,5.105,0.6958,8.499,4.284,6.221,0.5829,7.155,7.509,5.076,0.532,9.192,5.675,7.015,0.6333,8.584,7.343,5.994,0.5155,9.661,3.129,4.798,0.4886,7.434,6.468,3.899,0.5427,5.83,4.465,4.646,0.8426,6.213,5.325,4.727,0.5779,9.391,3.688,5.756,0.6611,9.83,4.8,6.766,0.5492,6.568,4.949,6.085,0.6881,8.694,5.966,5.31,0.6637,9.595,8.114,5.688,0.6241,6.607,1.934,5.813,0.7454,5.769,6.291,5.598,0.8335,8.341,4.45,5.802,0.8647,10.603,9.25,4.156,0.198,5.194,6.54,3.166,0.5716,5.163,5.167,4.644,0.4488,9.849,7.83,5.31,0.6233,6.625,5.24,3.679,0.8195,5.224,3.192,5.445,0.342,6.577,5.972,5.163,0.7966,9.77,3.807,4.785,0.5667,6.211,3.415,4.157,0.4752,7.878,5.262,4.132,0.6446,9.11,4.068,4.417,0.5885,9.761,7.479,4.99,0.8603
HS_35_Tuto_R5,Animal_35,Tutored_Early_24h,24,0.2725,0.4578,0.1584,0.1763,0.1558,0.0517,13.419,9.439,2.587,0.3097,10.246,7.063,5.675,0.7862,8.078,9.99,1.394,0.6285,8.709,11.044,2.933,0.4098,8.363,8.358,3.166,0.6507,11.396,11.177,1.343,0.179,9.439,5.756,5.693,0.7085,11.43,6.608,1.273,0.2291,7.286,9.059,4.889,0.4175,9.378,6.085,5.77,0.7327,7.156,10.575,0.1,0.6111,7.294,7.628,6.346,0.5382,6.701,4.181,4.848,0.6987,7.474,4.919,3.975,0.3093,8.945,8.11,6.446,0.4521,8.219,6.596,3.664,0.4136,6.761,3.852,5.934,0.4063,8.004,5.561,1.807,0.0691,7.067,6.672,7.278,0.4293,5.383,3.826,4.416,0.4672,6.703,4.381,6.525,0.62,9.537,5.383,6.076,0.6469,7.155,5.579,6.265,0.6918,6.82,2.744,4.87,0.7027,6.777,5.39,6.605,0.3858,5.226,2.666,3.778,0.5245,7.084,6.655,3.975,0.5642,6.62,3.755,5.587,0.6366,9.573,5.201,5.065,0.95,7.03,3.649,4.168,0.5969,8.249,7.572,6.376,0.5039,8.132,5.05,3.746,0.4688,12.01,9.395,0.386,0.4084,9.647,2.386,3.584,0.8448,7.246,4.067,2.717,0.5666,10.587,3.928,3.757,0.7367,7.64,5.596,6.971,0.481,7.29,4.652,4.699,0.7738,10.626,8.136,1.345,0.615,8.469,3.837,5.464,0.7909,5.335,3.274,4.118,0.5091,5.705,6.058,4.107,0.2996,10.664,8.044,4.597,0.6082,10.019,9.299,2.854,0.4081,6.262,6.857,5.513,0.6133,10.497,7.769,0.425,0.2173,5.944,6.918,3.921,0.8469,7.132,6.624,6.73,0.8343,9.238,6.091,4.369,0.7026,10.014,10.482,3.494,0.5307,10.103,8.735,2.107,0.5261,7.879,3.397,5.931,0.4175,5.886,7.043,4.648,0.4072,8.665,6.121,3.469,0.8593,9.733,2.963,7.503,0.6894,7.898,2.975,7.591,0.9285,8.626,8.439,4.152,0.2754,9.521,5.772,3.694,0.5281,11.993,11.024,2.301,0.2971,5.942,5.073,6.296,0.3764,7.75,5.424,5.378,0.8873,5.745,6.206,5.252,0.5554,9.056,5.181,6.348,0.664,6.783,6.325,3.101,0.5384,7.328,5.265,4.609,0.8499,8.695,4.776,5.505,0.5641,5.309,4.059,5.907,0.4739,9.223,3.465,6.647,0.574,7.35,2.645,2.29,0.7764,4.951,2.716,4.86,0.9078,10.068,4.628,5.568,0.9478,7.303,2.793,6.422,0.9249,9.657,4.334,5.855,0.5703,8.477,5.324,5.745,0.7903,8.128,2.909,4.095,0.416,6.391,3.876,4.497,0.8169,10.44,9.266,3.623,0.418,4.705,4.524,5.779,0.9336,6.915,4.497,6.176,0.4177,8.504,8.311,3.438,0.3285,5.436,6.349,6.54,0.7254,8.665,5.546,4.731,0.7669,8.447,6.802,4.433,0.6373,4.96,6.338,4.108,0.8651,9.061,6.239,4.963,0.6509,6.764,6.739,5.945,0.6238,7.951,5.87,5.374,0.8286,8.925,6.96,5.356,0.6136,4.131,6.087,6.588,0.6648,6.364,2.985,7.642,0.8492,6.66,3.501,6.891,0.7856,8.107,4.127,6.142,0.3388,5.62,7.465,5.535,0.6544,5.868,4.703,3.117,0.6438,5.278,5.254,4.286,0.492,9.052,3.656,4.858,0.98,6.549,7.012,2.855,0.791,5.916,2.679,5.918,0.6988,8.678,3.336,5.567,0.6552,6.311,6.348,6.507,0.5112,8.903,3.849,5.95,0.9182,6.491,3.123,7.796,0.95,4.906,4.852,6.535,0.4448,8.129,5.287,5.045,0.3277,6.112,3.528,5.509,0.8441,5.755,2.917,5.199,0.98,8.516,4.693,4.02,0.7681,9.009,4.647,6.005,0.95,12.386,11.542,3.355,0.1581,5.353,4.192,2.6,0.4643,5.374,7.258,5.98,0.6267,10.199,4.625,4.487,0.6143,8.007,6.206,5.941,0.7322,9.561,6.028,6.57,0.6448,8.805,2.884,4.55,0.9442,7.065,2.974,4.15,0.6687,6.705,4.806,4.649,0.5999,6.655,6.24,3.422,0.4715,6.706,6.383,3.531,0.8781,9.282,6.102,6.947,0.5418
HS_36_Tuto_R6,Animal_36,Tutored_Early_24h,24,0.2244,0.4566,0.1465,0.1625,0.1528,0.0816,11.9,9.283,0.1,0.6593,5.26,6.931,5.869,0.3818,6.816,10.702,3.849,0.4532,9.764,10.541,3.017,0.513,9.609,10.17,2.1,0.4964,11.77,8.056,4.381,0.4267,11.375,4.758,5.127,0.6854,8.551,5.086,5.404,0.216,9.943,5.572,3.03,0.3716,11.554,6.194,5.136,0.7938,8.767,9.403,3.845,0.4206,8.381,5.532,4.077,0.9492,7.666,8.128,3.264,0.5826,6.246,7.864,3.322,0.6692,6.174,7.261,6.657,0.7255,9.075,7.768,5.236,0.6181,7.063,4.444,6.417,0.4369,6.223,7.879,3.138,0.6272,7.444,3.979,5.929,0.5071,7.365,3.177,4.089,0.5307,8.548,5.718,6.552,0.7437,7.477,6.629,4.051,0.6691,9.238,5.807,5.802,0.5027,6.849,5.974,6.967,0.9151,5.965,3.938,5.545,0.6174,8.791,5.782,5.979,0.5149,6.424,5.235,3.107,0.9383,6.055,6.436,3.083,0.7286,6.317,5.147,3.059,0.5112,5.585,5.137,5.404,0.7787,8.716,6.255,7.332,0.703,9.823,3.282,8.219,0.3165,11.666,10.248,1.326,0.7111,6.754,5.543,4.847,0.4394,7.968,6.931,4.915,0.6426,7.732,7.425,3.768,0.6638,7.865,6.323,6.133,0.5107,9.557,4.143,5.203,0.5601,9.219,9.185,1.106,0.4877,9.018,6.54,3.363,0.6102,5.524,4.382,4.589,0.7453,5.772,6.312,3.751,0.4758,5.549,7.456,4.883,0.6534,10.285,10.275,0.1,0.4362,5.402,6.512,5.585,0.6351,9.678,7.755,0.716,0.5779,9.285,4.906,5.258,0.5225,6.411,6.016,3.058,0.4435,7.295,3.503,4.79,0.5816,10.829,8.095,1.647,0.3008,11.929,9.025,4.522,0.6004,9.764,2.904,5.801,0.641,5.459,7.303,7.379,0.4207,9.345,4.254,6.442,0.5672,5.798,6.339,3.941,0.786,6.815,7.469,6.901,0.8353,11.099,7.741,2.818,0.5236,9.588,5.864,3.872,0.7573,12.757,10.405,1.511,0.4585,7.207,3.153,5.072,0.3936,6.383,3.94,5.325,0.5487,10.5,5.388,6.517,0.605,9.909,2.547,6.497,0.5521,8.36,5.279,2.619,0.8258,4.518,5.77,6.389,0.6376,6.418,2.969,2.491,0.8221,6.152,3.755,5.623,0.8419,6.056,5.254,4.094,0.8337,8.374,4.5,3.167,0.768,6.572,2.425,6.691,0.9117,7.964,4.971,6.367,0.4578,4.746,3.084,6.84,0.9078,5.173,6.035,4.574,0.7931,9.087,3.388,5.597,0.6878,9.968,4.104,5.355,0.7702,7.975,4.677,6.304,0.6926,7.817,6.757,1.545,0.7091,4.235,2.984,7.34,0.603,5.189,6.386,7.029,0.6226,8.304,9.138,0.361,0.5227,6.638,3.558,5.504,0.471,8.707,4.627,3.986,0.7614,7.5,5.65,7.059,0.4815,5.881,5.301,4.693,0.792,8.367,3.812,5.863,0.7058,10.195,4.757,5.465,0.3974,6.846,3.824,4.121,0.701,6.466,6.789,5.439,0.6793,9.978,6.463,4.621,0.4908,7.446,4.218,5.28,0.535,5.96,3.204,6.168,0.8,9.462,4.017,5.79,0.7778,5.067,3.713,4.204,0.8762,5.753,4.087,4.911,0.3667,8.487,6.806,2.814,0.4299,7.122,3.675,6.847,0.7827,6.064,3.496,3.284,0.3945,9.955,6.955,3.292,0.5166,6.302,6.841,5.154,0.4566,9.72,5.771,5.844,0.8199,7.377,4.734,3.757,0.7865,5.555,5.698,6.812,0.6552,5.121,4.75,7.154,0.7396,4.716,5.132,4.417,0.7342,7.525,4.156,3.178,0.4238,5.928,4.329,6.541,0.8316,8.919,5.285,6.87,0.7366,9.794,4.145,5.577,0.6481,9.072,10.154,3.428,0.3963,9.614,6.505,4.112,0.8235,6.033,3.337,6.823,0.5782,9.321,5.294,2.875,0.5033,7.564,5.836,3.639,0.8655,4.96,5.978,6.688,0.5785,6.864,7.019,3.394,0.596,9.993,3.367,6.993,0.7254,4.818,6.068,5.34,0.9358,8.639,5.101,6.681,0.3655,7.838,4.608,4.594,0.4116,9.737,6.452,5.031,0.9221
HS_37_Tuto_R1,Animal_37,Tutored_Subchronic_7d,168,0.6817,0.4632,0.1514,0.1519,0.1701,0.0634,6.535,8.291,2.812,0.641,6.126,8.047,4.965,0.5382,9.083,7.586,2.6,0.5199,7.957,5.98,3.479,0.8218,6.456,5.594,4.346,0.7771,6.416,7.801,3.258,0.5293,8.689,4.929,6.653,0.7177,10.738,7.835,3.748,0.5218,9.21,5.947,2.483,0.406,5.745,7.017,6.814,0.7214,6.885,5.363,2.586,0.5149,8.503,4.084,8.633,0.8548,7.409,8.146,5.511,0.7723,6.577,5.687,6.271,0.4718,11.388,7.359,5.274,0.6443,7.546,5.739,4.764,0.4698,9.834,5.682,2.821,0.3847,9.188,9.093,4.507,0.3624,7.424,3.863,4.152,0.7733,8.025,6.828,5.355,0.7327,9.844,4.686,3.619,0.4713,4.671,6.139,4.956,0.4444,9.474,5.278,3.881,0.6406,5.54,5.191,7.992,0.6484,7.961,5.121,5.412,0.5582,6.288,2.621,4.454,0.5712,5.601,4.189,6.97,0.8847,6.821,3.675,5.979,0.5467,5.656,6.622,6.924,0.7616,7.062,6.859,5.395,0.3692,6.183,5.671,4.174,0.4512,4.241,3.253,6.037,0.7553,7.739,7.402,5.102,0.4875,8.169,5.196,4.99,0.4949,9.082,4.287,4.38,0.7946,8.253,6.776,6.614,0.5716,6.536,5.938,6.014,0.646,7.55,3.801,4.458,0.5982,10.021,6.483,5.409,0.6114,4.971,3.748,5.533,0.789,5.955,1.906,8.056,0.8742,9.557,7.472,4.251,0.2732,10.788,5.88,4.383,0.5281,8.89,4.454,6.175,0.5794,8.676,5.334,4.205,0.3762,7.977,3.912,3.966,0.5285,5.07,5.74,4.477,0.6481,7.549,3.966,3.0,0.9051,8.326,6.131,4.553,0.4304,6.008,4.338,2.971,0.6996,9.23,5.726,4.784,0.7811,8.551,3.824,6.537,0.6678,8.986,2.874,4.184,0.4379,5.348,6.439,6.702,0.6088,5.782,6.244,6.03,0.4807,4.349,2.364,8.83,0.8435,7.451,7.488,3.665,0.4733,6.174,3.88,3.379,0.8032,9.446,6.763,4.792,0.4497,7.258,7.639,2.824,0.5983,5.972,4.514,4.489,0.5524,10.058,6.403,4.133,0.6348,9.564,7.352,5.317,0.5103,9.583,4.005,4.7,0.8488,7.373,4.128,6.198,0.6982,9.521,4.031,3.911,0.7243,7.477,6.835,6.687,0.6687,5.732,3.617,5.897,0.8256,6.913,5.034,6.301,0.7138,5.756,5.248,8.242,0.98,9.296,6.461,5.214,0.603,9.336,4.24,5.198,0.6494,5.352,3.145,5.254,0.7608,9.515,4.348,6.742,0.6534,8.511,6.977,4.108,0.4598,5.253,5.32,5.57,0.98,9.829,7.23,5.432,0.676,7.191,4.238,7.45,0.98,6.665,6.435,6.441,0.878,7.603,6.242,4.777,0.4435,6.588,4.935,6.526,0.7968,6.995,8.497,5.743,0.2395,7.852,5.498,6.195,0.6361,9.183,4.659,4.474,0.626,9.763,4.183,5.245,0.6936,7.449,6.373,5.638,0.5419,7.861,4.017,5.337,0.5821,8.11,5.318,4.439,0.6278,7.097,5.645,5.198,0.7649,9.171,4.311,3.329,0.5744,4.948,5.282,4.734,0.7607,6.121,8.481,5.506,0.6369,10.305,4.448,3.835,0.7579,7.543,8.087,1.687,0.4665,4.922,7.834,3.991,0.5185,8.743,3.553,8.015,0.98,5.126,3.825,3.559,0.6189,9.25,3.793,2.846,0.8577,9.682,6.2,4.975,0.7214,7.766,3.013,2.419,0.363,5.96,2.751,2.117,0.95,9.356,3.591,5.155,0.4065,5.923,6.6,7.502,0.6469,7.785,5.243,4.459,0.7577,7.489,5.253,3.737,0.3834,4.966,3.298,8.091,0.8139,7.803,4.883,6.38,0.9411,6.744,6.284,5.642,0.3349,9.345,6.021,2.593,0.6982,8.873,6.319,4.302,0.3276,6.8,4.427,6.541,0.6055,8.807,5.47,3.849,0.6379,7.07,5.383,5.723,0.4589,8.738,6.278,6.554,0.7259,8.16,7.094,5.774,0.4951,7.497,3.553,6.574,0.7434,9.248,5.199,4.496,0.8185,8.206,6.285,5.476,0.7677,7.988,6.164,7.236,0.5773,6.715,3.854,3.775,0.95
HS_38_Tuto_R2,Animal_38,Tutored_Subchronic_7d,168,0.7876,0.4802,0.1386,0.1647,0.1383,0.0781,8.784,5.923,3.899,0.7638,10.993,6.477,4.513,0.5294,9.07,7.69,6.21,0.7312,6.714,5.544,4.626,0.516,5.909,7.373,4.615,0.5582,4.93,3.573,4.379,0.6134,9.712,5.43,6.942,0.98,10.934,4.802,2.683,0.3546,6.56,7.85,3.205,0.481,5.646,6.318,7.388,0.8316,5.698,3.892,5.131,0.4556,7.135,5.564,5.883,0.9,10.102,5.605,4.087,0.5075,10.641,4.431,4.097,0.1337,9.48,5.979,3.868,0.1495,9.622,8.721,3.763,0.6062,9.213,6.62,4.91,0.2708,7.034,7.464,5.314,0.6024,9.916,6.552,3.835,0.9201,7.675,6.224,5.102,0.3722,8.605,6.345,6.083,0.4218,5.004,6.708,6.842,0.6441,7.918,5.29,6.692,0.7057,8.093,4.918,7.58,0.6922,8.051,2.776,5.675,0.8816,10.214,3.631,6.248,0.6183,6.257,5.07,6.843,0.95,9.11,5.61,6.735,0.4753,7.629,4.673,6.804,0.6223,5.982,7.575,4.668,0.9237,7.823,5.252,5.036,0.95,5.771,6.376,4.288,0.4575,5.962,6.304,5.926,0.5855,6.556,2.506,3.522,0.5342,5.208,5.66,3.554,0.8274,5.273,6.372,7.043,0.8098,6.493,5.676,5.82,0.6182,7.191,3.566,5.87,0.5671,10.663,8.094,4.911,0.9493,5.96,6.097,4.54,0.4287,5.176,4.595,5.148,0.7156,10.21,6.548,2.834,0.5276,8.344,4.889,3.556,0.2465,8.196,2.825,3.945,0.535,7.099,4.154,3.008,0.4108,8.69,6.413,6.548,0.5978,9.378,7.019,6.063,0.7233,5.519,7.258,3.86,0.7963,8.212,5.883,6.079,0.5908,8.035,6.384,2.824,0.8215,7.871,3.863,3.472,0.3878,5.457,4.163,7.094,0.8272,6.197,5.434,6.793,0.5067,7.9,5.054,5.05,0.7773,7.817,2.846,4.416,0.5886,4.341,3.421,4.39,0.6928,9.207,6.235,5.189,0.417,6.366,2.348,4.801,0.9471,7.396,6.866,3.576,0.4522,5.008,6.664,5.319,0.8906,8.388,4.193,6.772,0.5608,11.835,8.417,5.22,0.6258,9.562,2.826,6.86,0.7541,6.465,6.473,4.381,0.5738,9.21,4.025,4.157,0.4423,4.715,7.555,3.542,0.7051,6.925,5.594,4.616,0.6626,7.164,6.319,7.127,0.6849,7.355,6.844,5.763,0.3632,6.974,2.319,8.507,0.98,4.989,3.456,4.13,0.4181,4.843,7.06,4.192,0.4007,7.177,3.993,5.895,0.6404,6.355,5.837,5.309,0.7093,8.688,5.205,4.844,0.2095,4.063,2.044,8.005,0.9333,8.707,4.417,4.398,0.873,4.671,2.217,7.259,0.98,7.141,3.894,7.061,0.4495,7.745,3.491,6.039,0.6757,5.647,4.243,5.354,0.4165,8.588,9.083,3.783,0.5682,9.588,4.437,4.216,0.6046,8.963,7.14,5.895,0.6233,8.314,3.625,3.793,0.7294,8.462,5.022,2.038,0.5841,4.607,5.041,6.154,0.3719,7.592,5.658,6.429,0.8722,6.682,3.171,5.037,0.8272,8.222,7.912,3.556,0.6777,8.966,7.314,4.686,0.6382,10.78,4.422,2.99,0.4116,8.506,7.005,5.564,0.6346,10.316,7.237,2.691,0.4873,6.085,5.009,5.974,0.6142,7.421,3.345,5.206,0.98,7.81,2.841,3.844,0.5644,5.359,5.112,3.496,0.4504,7.71,6.451,7.229,0.8456,7.591,6.454,4.501,0.8438,5.084,4.204,3.55,0.5433,5.703,5.763,5.317,0.9329,8.534,5.693,3.824,0.7954,7.973,7.352,7.3,0.95,10.93,7.866,4.143,0.2893,3.248,1.474,5.888,0.9753,8.421,6.96,6.678,0.682,6.381,6.938,4.471,0.8587,6.205,4.955,3.174,0.6068,10.857,5.398,2.354,0.5414,8.96,5.041,4.769,0.674,7.035,3.733,4.551,0.4449,4.868,3.494,4.817,0.7852,9.156,6.318,3.274,0.5744,7.38,3.386,4.049,0.4752,9.49,2.691,3.095,0.5064,8.28,5.58,7.068,0.7403,5.114,2.97,4.337,0.9124,6.71,4.726,6.61,0.4033,7.919,5.259,5.985,0.9438
HS_39_Tuto_R3,Animal_39,Tutored_Subchronic_7d,168,0.8138,0.4523,0.1437,0.1696,0.1738,0.0605,8.156,6.518,6.306,0.6146,7.162,4.958,3.252,0.4512,6.885,6.293,5.802,0.6852,7.371,6.013,6.149,0.5976,7.028,7.132,4.673,0.5755,8.696,5.152,6.245,0.7588,6.489,7.45,7.844,0.5675,10.803,7.35,3.974,0.3823,7.619,7.023,3.694,0.4301,6.222,7.354,6.406,0.5612,9.854,6.014,5.202,0.6615,8.754,3.489,8.53,0.6885,11.462,5.055,3.258,0.3128,10.46,9.325,2.775,0.5195,11.789,6.47,2.77,0.4688,10.306,5.976,2.198,0.5949,10.077,7.499,3.52,0.4097,9.749,9.058,1.712,0.4093,7.528,7.222,6.061,0.6029,5.85,7.272,5.149,0.8492,4.628,6.475,5.893,0.69,9.478,4.665,6.834,0.7602,6.449,3.047,5.778,0.6856,6.989,4.199,7.002,0.98,9.127,6.757,6.595,0.5232,8.961,4.214,6.278,0.8529,5.838,4.689,5.343,0.7477,8.701,3.685,3.437,0.4552,9.478,6.222,7.109,0.4019,5.853,3.739,2.785,0.6137,9.215,5.661,4.863,0.5653,9.167,5.887,4.293,0.6612,6.966,6.664,5.049,0.4475,5.039,5.313,5.433,0.4924,4.755,3.221,4.89,0.7358,4.784,3.826,5.332,0.4522,5.679,6.447,3.133,0.8196,7.513,6.451,6.167,0.5003,8.406,6.373,6.298,0.7306,4.394,2.061,3.444,0.6227,4.13,4.683,8.102,0.7895,11.125,6.066,2.022,0.5722,9.977,7.353,2.017,0.3459,5.562,5.187,6.848,0.4852,8.287,6.59,4.682,0.2249,7.21,7.125,4.682,0.7662,7.043,5.059,7.236,0.9094,8.35,5.201,5.031,0.9184,6.118,7.133,4.153,0.7124,9.684,5.214,4.846,0.8699,6.731,4.507,4.414,0.7839,7.553,4.357,6.164,0.7653,7.917,5.528,5.248,0.696,5.604,3.032,6.256,0.8367,9.286,2.495,4.809,0.5647,5.27,2.037,5.199,0.7603,7.61,5.702,4.486,0.5484,5.301,5.604,3.274,0.4447,6.199,7.549,6.217,0.5546,7.697,6.265,3.805,0.8312,5.113,6.553,4.316,0.8501,10.483,5.287,4.673,0.5071,5.7,6.544,6.343,0.8804,7.571,6.012,5.718,0.5929,4.327,6.848,3.808,0.4992,10.475,3.51,5.163,0.4321,8.81,3.443,6.302,0.5902,5.177,5.803,6.316,0.4457,11.239,6.526,2.166,0.452,6.054,6.569,5.376,0.8652,5.256,4.333,3.342,0.7582,7.794,6.422,4.183,0.4053,8.955,3.573,4.186,0.7019,7.088,4.29,5.609,0.4076,10.158,5.112,3.467,0.4783,4.707,3.624,6.859,0.8079,8.278,5.977,3.24,0.8433,8.007,2.547,7.71,0.8427,8.584,3.983,3.838,0.762,8.14,5.327,6.224,0.7887,8.205,4.086,2.896,0.6913,9.426,5.622,2.575,0.3578,9.823,5.019,3.804,0.893,10.339,5.944,3.606,0.6901,6.358,4.609,6.242,0.6205,8.971,6.518,1.89,0.4416,6.5,4.318,6.729,0.504,6.533,5.214,4.472,0.5952,7.269,5.092,6.679,0.4213,10.247,3.398,3.972,0.8435,7.046,4.299,5.316,0.6167,9.61,8.645,3.979,0.3635,9.16,2.722,5.157,0.4236,10.274,6.382,5.066,0.4165,9.898,3.961,6.119,0.5385,3.95,5.574,5.29,0.98,6.079,6.428,6.055,0.8092,5.25,5.598,5.698,0.8136,5.456,6.426,4.215,0.558,5.882,4.169,6.594,0.6421,7.566,6.519,5.413,0.506,6.176,4.512,5.33,0.462,5.379,4.447,6.315,0.6027,7.063,7.089,4.595,0.6029,9.062,7.387,3.241,0.1088,6.9,4.848,6.982,0.7967,6.265,5.044,3.975,0.7228,6.999,4.617,7.267,0.4871,8.7,5.712,4.07,0.4261,9.553,5.265,4.672,0.3805,5.918,5.454,3.813,0.659,11.378,6.618,1.628,0.3692,7.293,5.771,4.911,0.9495,7.015,3.002,4.609,0.6421,5.057,5.013,6.967,0.5952,5.771,6.637,5.471,0.8767,5.181,6.12,5.965,0.8506,4.592,5.094,3.897,0.5024,5.725,5.605,6.763,0.5169,8.407,5.373,4.065,0.7269
HS_40_Tuto_R4,Animal_40,Tutored_Subchronic_7d,168,0.5426,0.4681,0.1515,0.1591,0.148,0.0734,8.697,8.331,2.288,0.4023,6.562,5.323,6.072,0.7131,10.702,8.201,0.869,0.51,7.674,9.554,5.15,0.3098,8.453,5.763,3.498,0.504,9.409,7.761,2.32,0.3304,6.061,5.866,6.787,0.6461,8.177,9.016,3.961,0.3565,8.641,6.976,2.998,0.3724,8.483,4.811,5.806,0.8693,7.746,6.944,1.925,0.6761,6.58,5.399,7.677,0.612,9.668,5.569,6.096,0.7072,6.553,4.122,4.897,0.6627,8.271,5.245,6.055,0.386,9.301,5.755,2.538,0.3812,9.454,5.489,5.327,0.6392,8.655,9.318,1.576,0.1305,6.444,5.923,6.21,0.7373,5.731,5.591,7.376,0.4946,5.771,3.119,6.471,0.8469,7.352,7.24,3.572,0.8511,7.023,4.804,3.118,0.4726,3.691,2.519,4.631,0.8597,7.259,5.411,4.413,0.5382,8.908,5.821,5.056,0.588,8.929,4.626,6.605,0.656,9.436,5.173,6.372,0.8621,6.154,3.934,6.551,0.5851,8.81,6.109,6.575,0.7969,8.987,4.74,3.366,0.7015,6.94,6.233,4.185,0.5653,8.317,8.653,1.366,0.4632,4.649,6.942,5.846,0.4885,7.188,5.316,5.763,0.6277,6.872,4.009,5.322,0.5633,5.734,6.434,4.733,0.4557,8.048,6.238,4.765,0.4431,10.506,6.131,1.131,0.2564,4.959,4.286,6.057,0.7287,8.163,5.064,7.891,0.8085,9.528,5.465,3.539,0.3545,9.45,6.077,4.863,0.6791,8.6,9.154,4.458,0.7665,7.763,6.583,4.294,0.5117,11.922,7.427,4.356,0.5112,8.641,6.7,6.961,0.5718,4.884,5.807,3.838,0.7453,5.71,5.242,2.274,0.4206,8.205,7.833,4.664,0.6695,8.947,10.146,1.809,0.519,8.258,5.307,4.041,0.6119,9.258,4.262,5.418,0.6321,9.398,2.916,4.174,0.5521,8.873,5.38,3.986,0.54,5.819,3.312,5.825,0.9298,8.944,7.384,1.642,0.5335,5.851,6.22,4.509,0.4865,8.711,7.76,1.116,0.5101,6.77,3.803,3.007,0.5382,7.947,7.798,4.654,0.5348,9.993,8.104,4.775,0.2577,6.287,7.178,5.406,0.9007,6.237,2.84,2.889,0.9241,9.09,7.367,7.454,0.7418,7.774,5.129,4.099,0.7817,9.877,4.384,7.131,0.8672,6.342,3.747,2.867,0.8434,6.903,6.942,5.245,0.6479,6.485,5.46,5.889,0.9386,5.987,4.749,2.871,0.333,9.374,3.461,6.31,0.7675,9.512,3.697,7.63,0.7106,5.196,6.608,5.914,0.7908,8.372,7.159,2.965,0.4231,6.543,4.299,5.28,0.6321,7.055,9.245,3.913,0.5486,4.068,3.706,6.83,0.9257,7.647,4.119,4.572,0.793,6.889,7.633,2.768,0.549,9.648,4.873,5.763,0.3547,6.22,7.556,5.282,0.409,5.328,3.711,3.919,0.9375,8.267,2.723,7.13,0.9337,7.585,4.842,4.783,0.8125,7.682,5.267,5.514,0.2995,7.646,5.503,4.172,0.541,5.581,2.568,6.306,0.7947,9.922,3.195,4.915,0.4458,5.828,5.008,4.528,0.4005,5.978,5.072,4.625,0.5902,10.203,4.095,4.956,0.6596,8.983,4.093,4.75,0.8586,6.212,6.055,3.898,0.6131,4.535,5.546,5.145,0.6451,7.379,3.748,6.513,0.5895,7.283,4.687,4.001,0.6639,6.421,4.822,6.966,0.5131,9.415,4.599,4.571,0.5259,6.901,5.782,6.536,0.4973,6.191,4.375,6.009,0.6196,7.085,7.23,4.287,0.9495,8.385,5.064,3.904,0.6672,10.056,6.665,6.376,0.6713,10.453,8.166,5.299,0.6084,5.024,1.649,7.608,0.8343,8.592,6.699,5.167,0.8178,7.061,6.441,2.792,0.7784,8.905,9.22,1.68,0.7125,9.689,7.368,6.232,0.653,6.1,6.669,4.219,0.8894,6.908,8.714,4.536,0.5594,9.526,3.902,3.794,0.6879,5.938,4.318,4.754,0.6758,8.523,4.447,6.01,0.5124,8.248,7.895,3.615,0.4241,9.508,5.87,5.146,0.5905,7.532,7.086,5.68,0.9083,6.237,6.229,4.038,0.8888,4.886,5.884,6.362,0.7459
HS_41_Tuto_R5,Animal_41,Tutored_Subchronic_7d,168,0.7759,0.4785,0.1415,0.1544,0.1548,0.0709,9.128,7.818,4.645,0.5058,7.86,6.238,4.431,0.2925,8.068,5.208,4.77,0.7239,10.322,3.762,3.169,0.7028,7.283,6.033,3.667,0.7328,5.99,5.13,2.899,0.3993,6.713,4.003,7.206,0.7902,8.686,5.97,5.139,0.3131,10.483,9.173,2.472,0.4992,7.976,4.757,6.161,0.9406,9.379,3.866,4.21,0.5772,9.271,8.238,8.255,0.98,9.181,8.876,4.142,0.2583,9.327,8.1,5.52,0.5227,8.657,7.978,1.882,0.6369,8.223,4.942,4.982,0.4874,7.537,4.24,3.869,0.6189,9.772,9.561,5.413,0.1684,4.775,4.132,6.978,0.7815,9.848,2.874,4.315,0.6902,9.924,4.963,5.491,0.8898,5.384,6.427,6.074,0.6139,5.403,4.991,6.305,0.8744,4.382,5.789,5.637,0.9593,9.338,6.3,4.285,0.7827,8.95,6.817,4.691,0.748,5.547,4.624,6.659,0.6167,4.826,6.044,4.714,0.4528,8.502,6.833,4.937,0.4255,8.534,3.959,7.497,0.3826,6.101,6.825,7.718,0.8011,6.55,7.776,7.017,0.8756,5.31,4.576,6.223,0.4111,10.243,2.611,4.115,0.61,7.116,4.142,5.234,0.4553,7.535,4.36,4.199,0.8392,4.752,4.069,5.563,0.8194,8.536,4.306,4.183,0.782,5.507,6.262,4.738,0.7363,7.699,5.653,5.126,0.6476,8.304,1.783,7.199,0.8617,6.841,7.742,3.222,0.4297,8.829,6.24,4.898,0.5899,8.241,4.15,6.217,0.4041,7.739,5.412,3.789,0.3073,7.405,6.237,4.703,0.6829,9.516,3.237,7.238,0.7392,6.345,2.496,3.603,0.6606,5.51,6.13,6.486,0.7388,6.839,3.985,5.91,0.6067,6.183,7.541,5.791,0.5014,5.261,4.533,5.945,0.6701,7.492,6.046,5.635,0.7605,7.416,4.043,2.801,0.8684,5.79,3.696,6.799,0.5165,4.689,4.478,8.597,0.9385,5.55,7.42,4.493,0.5726,8.22,3.778,6.302,0.8957,5.713,7.03,5.342,0.7387,6.418,6.141,3.261,0.6464,6.89,5.402,6.565,0.5862,7.353,5.752,4.055,0.379,7.262,6.454,4.09,0.4676,8.331,5.23,4.22,0.8142,7.592,6.612,8.43,0.5377,8.699,4.822,7.476,0.5762,6.38,6.076,6.944,0.3852,5.307,6.385,5.874,0.645,11.013,5.561,3.362,0.3735,4.333,4.336,6.938,0.8155,6.917,6.584,4.924,0.6919,8.471,6.126,3.614,0.95,7.25,3.749,6.975,0.5286,7.75,5.787,6.768,0.95,8.143,5.672,2.727,0.27,6.707,4.062,7.944,0.9437,6.477,7.347,4.697,0.8206,6.709,4.636,7.511,0.7771,4.76,4.958,3.053,0.5156,6.076,4.753,5.482,0.4498,6.212,4.523,5.104,0.8443,9.326,5.663,2.964,0.4938,7.66,6.471,6.36,0.6853,9.374,5.795,6.15,0.7763,7.749,6.646,4.856,0.5224,11.355,4.587,5.716,0.5084,6.517,6.594,3.045,0.59,6.331,6.713,4.538,0.7649,6.344,4.173,6.961,0.6046,4.38,3.151,6.147,0.7408,9.693,4.27,6.236,0.5323,8.759,8.091,3.895,0.2553,8.025,6.45,5.437,0.6355,10.906,6.211,2.929,0.6573,5.714,4.734,4.526,0.7528,8.066,5.47,7.351,0.98,8.79,5.676,6.457,0.6139,8.449,5.587,4.052,0.8491,5.523,4.732,4.727,0.5657,9.44,4.512,4.136,0.6465,7.824,1.936,2.411,0.95,5.542,6.583,3.89,0.5089,4.921,6.727,8.082,0.8288,5.677,7.16,6.779,0.8194,9.912,7.676,4.95,0.2877,6.763,3.131,5.562,0.98,5.939,5.561,6.65,0.7401,8.585,3.739,4.49,0.95,7.361,4.206,5.49,0.5413,7.397,7.399,3.819,0.6503,8.201,5.567,3.218,0.4035,11.189,4.532,4.337,0.2017,10.666,6.198,6.173,0.6501,7.822,3.67,5.869,0.4667,8.062,6.687,4.9,0.7873,6.493,6.637,7.727,0.7024,8.671,2.849,7.12,0.4845,8.633,2.547,5.53,0.9302,7.923,6.603,2.962,0.5654,8.81,5.447,6.889,0.6584
HS_42_Tuto_R6,Animal_42,Tutored_Subchronic_7d,168,0.7977,0.4826,0.1479,0.174,0.1456,0.0499,9.936,3.777,4.332,0.6978,10.931,7.682,3.336,0.314,6.209,4.431,5.84,0.8524,8.412,4.865,4.154,0.7304,7.099,4.235,4.076,0.5926,6.144,2.992,6.952,0.437,7.037,4.285,6.878,0.5854,10.525,6.504,3.789,0.1683,8.832,8.179,5.713,0.2468,9.452,6.48,6.532,0.8869,5.236,4.763,5.03,0.7308,6.529,7.827,6.371,0.7869,8.405,8.387,3.52,0.3178,10.029,7.573,2.183,0.4295,8.284,6.956,4.421,0.3527,7.993,8.355,2.516,0.3827,10.594,8.261,3.82,0.1977,9.165,5.618,5.567,0.267,6.744,6.59,5.402,0.8861,6.787,3.324,3.619,0.8466,10.214,3.286,4.17,0.95,7.201,5.11,5.301,0.7402,5.828,4.274,4.106,0.3806,6.796,3.585,5.885,0.6798,6.248,6.904,4.943,0.4622,9.861,7.477,6.075,0.7717,7.187,5.892,6.83,0.7857,5.687,2.748,6.073,0.79,4.664,4.484,3.665,0.5368,6.348,4.354,3.771,0.4536,7.555,4.27,4.437,0.6612,6.688,5.596,5.928,0.537,7.899,5.454,6.719,0.6733,10.024,5.155,5.51,0.7757,4.445,5.81,5.751,0.6002,8.591,5.688,5.833,0.7812,8.266,5.711,6.895,0.6955,9.218,3.208,4.165,0.7769,7.324,4.633,4.828,0.5668,6.165,4.214,5.786,0.4837,4.912,4.185,6.101,0.98,10.164,5.059,4.974,0.3786,11.324,5.763,4.905,0.4843,8.51,6.319,4.033,0.5986,9.838,7.192,1.936,0.4099,5.98,6.023,3.96,0.6093,7.56,6.729,4.212,0.7433,8.624,7.143,5.522,0.5493,7.416,5.457,4.561,0.4309,8.019,6.066,6.473,0.8644,9.883,4.12,3.737,0.4121,8.881,6.281,3.602,0.7016,6.278,6.513,4.639,0.7878,6.964,6.509,5.394,0.5446,9.212,4.941,5.622,0.6579,5.921,4.786,5.327,0.8214,8.829,8.43,4.726,0.8793,8.941,6.348,5.81,0.4707,7.984,5.676,6.343,0.5301,6.579,3.264,4.773,0.7943,5.961,6.997,3.348,0.4885,9.273,8.63,2.634,0.5673,8.509,4.541,4.118,0.6133,5.655,4.01,4.662,0.8495,9.469,3.351,7.156,0.4775,8.557,5.53,5.497,0.5126,6.045,4.147,4.434,0.8513,8.921,4.477,6.052,0.95,10.02,4.903,5.131,0.3986,5.008,3.009,5.798,0.6458,8.91,4.115,4.607,0.5403,5.679,7.116,7.202,0.6988,6.496,2.84,6.513,0.8786,6.696,4.202,3.806,0.6405,7.883,6.535,3.121,0.2151,6.396,6.525,8.342,0.98,5.178,6.788,7.181,0.3527,3.321,3.74,7.934,0.8553,5.389,3.703,6.741,0.7939,8.917,3.948,4.011,0.4643,6.468,3.022,4.758,0.4802,8.766,5.866,5.39,0.5709,7.376,5.33,5.976,0.575,7.545,5.387,6.356,0.9416,8.199,6.234,5.897,0.5452,9.375,4.806,4.561,0.2533,6.33,5.626,5.24,0.8084,4.564,3.399,4.253,0.619,9.383,4.29,6.103,0.6879,8.325,5.754,7.28,0.8157,4.831,2.233,2.681,0.4958,9.799,7.935,2.646,0.144,10.067,5.636,5.083,0.6975,10.307,6.342,4.887,0.5122,8.453,4.283,4.754,0.8155,4.751,4.239,4.93,0.98,5.058,8.126,4.254,0.7905,9.917,3.023,5.718,0.95,8.237,5.391,2.876,0.773,8.068,4.256,4.865,0.7409,6.564,5.034,5.303,0.7052,6.415,5.983,6.162,0.548,5.424,4.513,4.888,0.3976,8.021,6.65,5.223,0.6722,7.725,7.126,4.671,0.4559,4.934,2.522,7.465,0.7429,9.661,4.878,3.987,0.7984,8.902,6.826,5.371,0.7327,8.008,5.309,5.855,0.5093,11.903,7.884,5.65,0.5991,4.604,6.372,5.322,0.6265,11.211,4.557,2.665,0.375,7.873,3.01,3.338,0.7461,6.562,4.306,6.045,0.4114,7.613,3.705,4.444,0.478,6.687,6.621,4.19,0.8049,6.932,5.451,4.785,0.4048,5.251,6.889,2.509,0.7643,9.359,5.564,4.093,0.5069,7.894,6.75,6.129,0.4741
HS_43_Tuto_R1,Animal_43,Tutored_Mastery_30d,720,1.0,0.486,0.1349,0.1353,0.1674,0.0763,4.934,5.91,2.901,0.7003,6.462,7.516,3.912,0.1772,8.789,3.914,4.331,0.6832,6.777,3.236,5.248,0.7596,5.161,3.202,7.009,0.5213,7.403,6.568,6.83,0.7675,6.892,4.423,7.46,0.628,9.212,5.49,5.516,0.9573,9.253,3.395,4.409,0.7663,5.859,3.803,7.633,0.98,9.322,4.427,5.383,0.6816,6.41,3.415,7.153,0.8137,9.862,7.734,4.066,0.2266,10.228,4.999,2.202,0.1817,8.345,7.985,2.651,0.4256,10.518,9.011,4.38,0.5293,7.988,8.489,2.431,0.5297,8.573,2.775,3.718,0.366,5.872,3.919,7.432,0.8053,7.829,3.966,4.832,0.9119,7.399,4.508,4.241,0.4724,6.849,4.458,3.748,0.468,7.637,3.225,5.414,0.9165,7.895,5.638,7.925,0.98,9.044,5.618,6.156,0.7124,9.123,2.977,7.22,0.6028,7.304,4.46,4.852,0.905,7.371,6.63,3.347,0.95,6.009,3.976,4.415,0.66,6.593,5.357,3.824,0.7222,5.421,4.961,4.026,0.4837,6.179,3.13,6.3,0.7113,5.842,5.62,4.938,0.8256,7.788,4.382,6.892,0.95,8.77,3.666,6.875,0.8775,6.113,6.061,8.042,0.9153,6.007,3.094,4.2,0.6607,8.738,6.504,4.914,0.822,7.367,6.587,7.172,0.9027,8.487,3.977,4.635,0.6049,7.062,2.037,7.551,0.98,7.853,8.749,3.604,0.3937,12.019,8.173,2.958,0.371,6.983,4.85,6.375,0.6132,12.073,7.491,4.817,0.2563,8.828,3.676,2.635,0.7562,9.77,7.338,7.215,0.4789,9.449,3.958,3.582,0.4968,4.615,3.006,3.881,0.923,9.89,6.07,6.112,0.7758,5.158,4.198,6.378,0.7689,8.801,7.611,4.104,0.7718,6.15,7.358,4.051,0.7664,9.429,6.69,3.512,0.9094,7.02,5.876,4.843,0.5138,3.156,5.129,6.793,0.98,8.985,5.928,5.032,0.7172,6.538,7.363,5.545,0.7527,9.21,6.694,6.914,0.7945,5.018,4.475,5.422,0.6038,9.591,3.891,6.738,0.6253,10.261,7.12,2.7,0.1103,7.164,4.791,3.962,0.4546,7.249,7.578,7.056,0.707,6.004,3.557,5.251,0.5957,6.061,6.006,5.507,0.4953,5.674,2.276,3.732,0.6861,8.48,4.703,6.464,0.95,10.27,9.075,1.435,0.6504,5.79,0.964,7.653,0.98,8.823,7.7,6.223,0.6016,8.876,8.619,2.518,0.6715,4.613,4.131,4.672,0.4744,5.424,6.495,5.741,0.7337,8.393,6.213,2.499,0.1678,5.913,4.941,8.087,0.8037,5.037,4.328,5.494,0.7092,4.328,4.508,8.072,0.921,8.905,4.129,7.715,0.7548,4.693,5.68,6.179,0.9305,6.755,5.602,5.407,0.8876,10.262,5.965,4.633,0.1475,7.762,6.031,2.996,0.4995,6.482,5.495,6.3,0.384,8.036,5.919,5.385,0.675,10.334,5.471,1.535,0.2327,4.944,6.541,4.037,0.9149,5.057,4.121,3.3,0.635,8.902,6.574,3.279,0.6209,6.888,7.034,5.508,0.5847,6.621,6.179,5.665,0.5782,8.201,7.095,4.825,0.1241,7.543,4.644,7.374,0.8138,8.163,8.531,1.942,0.2783,7.954,6.237,4.67,0.8007,3.749,1.888,7.019,0.98,9.192,6.661,6.064,0.6911,8.817,3.45,7.424,0.549,5.215,4.147,5.913,0.5708,7.384,6.246,5.42,0.5389,5.401,4.812,7.763,0.696,6.584,4.542,5.961,0.6941,6.095,5.886,5.357,0.5877,6.212,5.696,5.66,0.8481,12.032,8.91,3.88,0.4009,7.503,1.825,7.257,0.98,9.774,4.115,4.66,0.533,8.306,6.334,5.374,0.4617,5.274,2.069,5.709,0.5874,8.267,7.663,5.338,0.4925,6.311,7.129,3.655,0.5711,10.266,5.273,4.294,0.3213,7.063,3.527,6.889,0.5022,9.244,6.135,5.999,0.95,9.337,3.828,5.829,0.6001,5.133,3.944,6.179,0.7353,9.003,4.601,4.709,0.6157,10.135,4.362,6.889,0.7692,9.612,7.268,4.46,0.8563,5.996,4.266,4.043,0.8951
HS_44_Tuto_R2,Animal_44,Tutored_Mastery_30d,720,1.0,0.4889,0.1474,0.1546,0.154,0.0551,5.208,5.339,5.018,0.7867,11.294,7.615,2.132,0.3714,5.629,2.702,7.076,0.8789,9.057,6.556,5.283,0.473,8.878,7.149,3.692,0.57,8.915,6.25,5.34,0.83,5.64,5.675,7.196,0.5818,8.488,5.007,7.426,0.4392,6.442,3.17,4.249,0.6622,6.42,5.831,7.602,0.9552,6.006,5.275,4.969,0.4596,7.462,4.463,6.678,0.98,10.254,7.0,3.497,0.3372,11.485,8.114,3.647,0.3493,9.759,6.495,3.359,0.3251,10.749,5.453,2.947,0.1276,8.436,4.706,3.089,0.2392,7.646,4.977,4.643,0.6381,6.636,3.138,7.139,0.95,8.574,6.91,5.101,0.5028,8.417,5.909,4.914,0.6862,5.923,5.849,3.753,0.688,8.312,5.58,4.392,0.5432,3.356,1.33,6.574,0.7271,7.58,5.753,4.227,0.9459,8.59,5.912,7.203,0.3409,7.298,3.039,5.456,0.6992,8.192,4.412,4.877,0.7282,8.856,5.141,3.871,0.7303,4.971,6.512,6.164,0.8151,6.528,5.975,4.935,0.7119,9.293,3.743,2.487,0.7104,4.742,4.111,4.964,0.8904,6.059,3.746,5.623,0.4168,5.696,3.9,3.57,0.881,9.212,3.378,4.808,0.5629,7.004,6.192,5.957,0.591,5.825,7.166,5.605,0.5585,6.235,6.708,5.286,0.4593,4.66,5.968,6.64,0.7336,3.05,2.674,8.21,0.98,7.984,5.592,5.837,0.3806,10.674,7.603,2.906,0.2765,4.986,5.52,5.72,0.5591,9.071,6.512,1.565,0.1035,6.712,6.893,3.301,0.4373,6.638,4.515,3.644,0.5162,5.695,6.438,5.494,0.6413,5.66,6.311,3.495,0.3993,8.039,2.979,4.399,0.6258,7.059,6.093,5.617,0.5233,8.059,5.337,6.382,0.7993,7.122,5.342,4.135,0.5671,9.04,5.046,3.724,0.7185,9.43,3.745,3.104,0.4547,4.601,5.549,8.364,0.98,5.427,3.287,6.598,0.8464,8.694,5.814,6.351,0.7501,8.412,4.714,6.882,0.7342,6.709,6.565,4.51,0.6101,8.908,5.388,4.486,0.6608,10.001,7.566,1.936,0.2917,6.243,5.141,6.035,0.5848,9.128,5.168,5.649,0.5427,8.266,5.62,5.018,0.5762,7.764,3.476,6.432,0.8944,9.714,6.018,7.589,0.8651,8.034,4.649,5.65,0.4793,11.466,5.6,4.712,0.3794,7.669,5.282,7.183,0.8745,7.017,5.291,4.696,0.7904,7.029,5.066,6.013,0.7179,6.111,2.974,6.42,0.8399,4.779,6.04,6.966,0.9271,8.764,7.695,2.612,0.3612,2.762,1.01,6.82,0.98,8.357,5.07,4.404,0.5666,3.942,4.962,7.395,0.98,8.251,3.63,4.206,0.469,4.658,3.874,2.958,0.5893,7.919,2.615,4.803,0.3863,9.712,8.524,4.803,0.1213,6.073,4.269,4.042,0.7936,5.566,6.75,5.429,0.8107,4.857,2.686,5.059,0.9482,7.204,5.978,2.97,0.5216,9.241,5.091,6.612,0.7892,9.112,5.892,4.187,0.6892,7.885,4.313,5.373,0.7897,8.622,5.91,4.317,0.7699,8.364,6.756,7.487,0.6952,9.832,4.822,2.57,0.2096,4.928,5.508,3.77,0.6095,12.572,7.288,4.997,0.534,8.638,6.333,4.961,0.8824,3.891,3.523,8.8,0.98,6.448,4.386,6.114,0.5223,9.689,5.428,5.633,0.6198,4.711,7.018,4.422,0.4222,8.605,2.981,3.835,0.9016,8.629,6.22,6.792,0.882,6.254,3.487,4.308,0.7467,8.685,4.608,6.301,0.5625,7.105,7.268,5.275,0.8419,10.591,6.993,1.762,0.6112,4.899,2.338,8.038,0.722,6.612,2.761,3.968,0.5276,5.902,6.548,5.709,0.6729,7.947,5.259,3.383,0.6981,10.992,7.608,1.801,0.3597,6.456,5.75,7.368,0.7203,8.51,7.349,5.21,0.2292,9.288,5.037,4.478,0.8301,9.394,3.175,6.11,0.8371,6.908,4.834,5.319,0.6288,7.714,3.478,5.901,0.7949,7.955,6.117,4.899,0.6549,8.475,6.97,4.248,0.3675,4.939,5.489,6.461,0.6545,5.742,6.523,4.991,0.4704
HS_45_Tuto_R3,Animal_45,Tutored_Mastery_30d,720,0.9568,0.479,0.1532,0.1566,0.1557,0.0554,7.399,5.549,4.621,0.7483,8.793,8.665,1.499,0.5916,5.355,3.557,4.983,0.5838,6.639,5.751,6.514,0.4176,10.811,5.257,6.78,0.5071,5.683,3.947,4.826,0.3597,8.527,2.972,7.616,0.8852,6.396,7.679,6.576,0.709,6.238,5.791,5.245,0.5911,6.408,5.459,7.023,0.8041,8.86,7.048,4.584,0.6086,4.898,6.877,7.76,0.9788,7.244,5.033,4.707,0.2445,11.002,5.922,2.288,0.5857,10.754,7.433,3.836,0.0438,10.969,6.377,1.557,0.3866,7.62,7.442,2.084,0.2335,7.444,6.604,4.851,0.4323,7.64,5.668,2.912,0.6152,9.808,6.035,5.839,0.778,10.013,4.46,5.485,0.7806,7.663,5.873,5.932,0.8407,6.76,5.654,4.902,0.7611,7.325,3.843,8.556,0.7379,8.403,3.887,6.689,0.6506,8.697,6.823,2.989,0.8026,9.649,5.701,3.205,0.9081,6.951,3.496,6.773,0.9053,4.13,6.975,6.166,0.4795,6.333,5.503,6.337,0.6201,8.066,7.037,3.627,0.6686,8.83,4.525,5.885,0.7839,7.252,4.712,6.311,0.6315,8.735,3.329,3.468,0.95,9.283,5.969,3.065,0.7585,5.921,4.257,3.202,0.4757,8.648,4.726,4.023,0.5958,5.454,6.0,4.809,0.5647,9.179,5.274,6.49,0.8704,8.021,4.917,3.565,0.4775,4.381,2.112,7.042,0.6397,10.119,4.581,4.267,0.458,7.875,6.25,5.561,0.3398,6.752,6.6,6.052,0.8783,11.544,6.605,4.767,0.5572,9.712,5.169,3.813,0.7067,9.137,6.253,6.443,0.4963,4.749,3.545,7.432,0.6952,8.053,4.69,5.025,0.631,4.447,4.931,3.952,0.5996,7.001,6.129,6.237,0.495,8.093,4.121,6.551,0.361,9.274,5.584,5.32,0.5077,9.58,4.913,2.629,0.7696,8.531,6.011,4.003,0.4794,4.809,1.669,6.557,0.8212,5.234,4.543,3.284,0.4489,8.41,3.26,5.63,0.4816,8.961,3.698,5.057,0.6278,8.54,3.762,6.312,0.2787,9.129,6.659,4.078,0.8221,9.04,8.397,3.917,0.2179,7.448,4.622,5.542,0.8124,6.207,6.928,4.795,0.6455,9.37,3.798,3.826,0.5221,9.218,6.287,4.144,0.8308,7.549,7.894,6.721,0.6017,5.972,6.355,4.683,0.7681,8.621,5.349,4.699,0.4492,7.255,6.281,7.282,0.9087,8.326,6.043,3.789,0.95,6.748,4.074,6.659,0.7359,5.452,6.994,4.949,0.8437,8.568,5.578,5.468,0.606,9.19,9.024,5.169,0.5363,4.361,5.535,7.531,0.9458,8.548,4.025,5.457,0.7139,4.905,5.394,8.356,0.9025,5.014,5.478,5.067,0.7579,6.904,6.115,5.572,0.3986,4.552,2.877,6.145,0.9345,6.796,5.478,2.411,0.1274,7.315,2.802,4.158,0.7839,5.386,5.274,5.794,0.6535,7.928,7.297,7.409,0.4468,7.71,7.766,5.367,0.4173,8.849,3.354,3.351,0.4078,5.784,5.201,6.455,0.6888,7.519,6.061,3.791,0.9017,5.55,7.067,4.793,0.5952,8.836,5.329,5.995,0.95,11.18,7.747,4.063,0.2085,5.368,4.286,4.114,0.544,8.548,5.777,4.981,0.1145,8.831,6.093,6.9,0.8375,6.935,4.555,7.396,0.98,7.885,5.961,4.626,0.8366,5.577,6.498,5.181,0.7064,5.122,2.968,6.11,0.6352,8.777,5.402,5.187,0.4699,5.364,4.57,4.519,0.7619,7.618,3.589,5.324,0.8483,5.632,6.493,3.882,0.5542,9.005,3.534,6.291,0.5293,9.409,5.746,3.015,0.5096,6.306,3.322,7.835,0.98,5.905,4.014,4.247,0.5636,8.277,5.027,3.812,0.7109,6.52,3.663,3.524,0.6145,7.385,6.893,1.863,0.1579,4.411,5.576,5.218,0.636,12.123,6.942,4.688,0.5461,4.802,3.061,5.868,0.5262,5.688,3.007,5.135,0.7958,7.178,4.844,6.525,0.5925,7.233,6.671,5.125,0.95,5.52,6.137,4.503,0.751,5.851,5.203,2.779,0.7968,7.74,6.66,3.827,0.8837,8.621,5.373,3.943,0.6261
HS_46_Tuto_R4,Animal_46,Tutored_Mastery_30d,720,0.9422,0.4764,0.1575,0.1659,0.1411,0.0591,8.143,4.146,4.689,0.81,11.328,4.132,5.761,0.6404,7.18,4.334,4.006,0.5289,4.796,6.652,3.136,0.4289,6.147,5.087,5.259,0.4774,5.161,3.92,5.238,0.7468,6.611,5.717,3.865,0.881,6.516,4.928,7.244,0.8617,7.796,5.185,3.007,0.8225,7.571,3.892,4.383,0.5629,6.721,4.656,5.891,0.7701,5.567,3.273,8.124,0.6162,7.58,8.527,4.41,0.519,12.115,7.348,4.332,0.3781,9.453,5.914,3.929,0.5675,11.838,8.035,4.267,0.2604,10.294,8.181,4.292,0.2925,5.727,5.621,3.906,0.2713,6.604,6.279,5.628,0.7015,6.124,4.874,5.602,0.6691,9.133,7.216,6.562,0.6781,5.403,6.083,7.555,0.8576,6.602,5.707,3.744,0.6998,7.449,4.018,8.393,0.9366,8.946,2.978,4.866,0.9063,4.61,6.343,4.553,0.7593,4.84,6.37,4.05,0.4611,8.934,3.037,3.118,0.6411,8.943,6.981,6.346,0.6061,10.148,4.383,6.962,0.5815,6.655,4.372,4.084,0.6139,9.095,3.614,4.195,0.5977,8.387,3.685,3.889,0.6493,5.374,7.089,7.273,0.7723,7.628,4.737,4.331,0.657,6.069,5.149,6.28,0.6418,8.808,6.404,3.736,0.7858,4.751,3.409,3.168,0.5112,9.021,3.701,7.499,0.7136,7.683,3.792,3.307,0.9462,6.223,4.623,5.068,0.797,6.826,5.726,1.941,0.4838,9.12,8.384,3.134,0.5125,8.369,4.487,7.342,0.5684,11.753,8.648,2.071,0.6036,4.735,6.699,4.298,0.6428,8.748,3.885,5.867,0.6613,9.44,3.053,5.757,0.4999,5.334,4.047,5.949,0.6518,5.271,6.729,7.353,0.7357,5.22,3.327,3.718,0.8729,5.3,5.602,5.886,0.8896,9.072,4.589,3.397,0.8773,5.785,2.844,4.432,0.6655,5.88,4.508,6.894,0.7631,4.6,3.873,6.689,0.9519,6.169,6.22,3.494,0.4216,6.413,5.241,5.018,0.6663,9.274,5.889,5.049,0.7964,5.632,3.896,4.862,0.8895,7.249,2.728,6.155,0.5634,8.665,9.149,4.484,0.2983,4.568,3.418,4.338,0.5434,5.352,4.247,5.289,0.7488,8.047,4.996,4.16,0.8588,9.679,6.035,6.544,0.5467,7.582,3.163,6.845,0.741,5.572,4.974,6.001,0.7314,9.562,5.65,3.243,0.332,6.038,2.517,6.499,0.6754,4.68,7.211,3.37,0.4069,8.765,3.798,6.893,0.5032,4.643,3.747,3.965,0.8986,6.298,7.751,7.273,0.4526,9.024,7.865,2.671,0.4414,4.97,4.807,6.576,0.9276,5.735,5.224,6.245,0.5766,6.449,1.03,5.645,0.8035,4.894,5.999,7.099,0.8605,9.827,5.737,5.887,0.677,9.749,4.277,3.177,0.8598,9.75,6.958,3.521,0.1252,6.128,3.563,5.323,0.5808,3.656,4.039,4.141,0.3852,6.045,3.465,4.962,0.8076,10.288,5.899,3.074,0.1026,4.994,6.954,3.981,0.3967,4.405,4.031,5.869,0.3846,5.296,4.512,5.26,0.8385,9.971,6.921,6.478,0.7914,9.005,3.15,5.953,0.4833,11.335,7.675,1.914,0.5252,8.212,7.696,4.326,0.8204,9.041,7.402,3.845,0.5388,9.808,5.691,6.813,0.583,7.555,3.611,7.11,0.9154,7.7,5.351,5.472,0.6995,7.044,4.493,5.723,0.6058,7.736,2.749,3.445,0.5809,5.497,4.614,6.215,0.8605,6.853,6.459,5.69,0.5744,6.029,3.334,5.506,0.6146,5.816,7.012,5.178,0.6819,9.287,6.034,3.673,0.468,10.798,4.412,5.008,0.4387,5.718,4.059,7.733,0.98,7.193,5.535,5.153,0.3505,6.501,3.627,6.115,0.7144,6.332,3.666,4.025,0.757,8.405,8.23,1.795,0.5178,8.991,3.919,4.184,0.5648,9.807,8.756,4.018,0.3457,9.566,4.873,6.054,0.95,7.567,4.069,6.137,0.755,8.827,3.766,6.286,0.7771,7.374,5.533,3.884,0.7238,5.734,6.477,6.711,0.6019,3.314,6.746,4.934,0.5502,8.324,6.388,6.79,0.9324,8.609,6.054,7.146,0.7797
HS_47_Tuto_R5,Animal_47,Tutored_Mastery_30d,720,0.9167,0.4659,0.1602,0.1551,0.1484,0.0704,9.185,4.817,6.918,0.6244,10.641,4.792,3.235,0.4738,9.251,7.292,6.159,0.8677,9.23,4.356,6.997,0.9179,7.428,3.639,3.291,0.4434,5.423,5.389,5.741,0.7632,6.038,4.868,5.607,0.5695,10.357,3.465,6.546,0.3283,7.697,5.036,3.722,0.458,7.656,6.859,8.374,0.8153,6.279,5.293,3.599,0.4864,4.521,4.101,6.304,0.8664,6.746,6.248,3.433,0.6115,11.147,8.659,3.909,0.4767,9.888,4.762,3.882,0.3913,8.234,4.964,3.739,0.5374,12.16,6.939,5.306,0.4534,9.977,7.687,3.381,0.7649,9.184,5.832,3.946,0.8564,7.868,6.649,4.567,0.7363,7.634,5.607,5.546,0.8449,6.463,5.029,4.194,0.491,6.807,6.548,5.714,0.3558,3.132,3.909,7.074,0.98,7.503,4.76,4.095,0.2784,8.217,3.415,4.253,0.6469,7.055,4.658,4.694,0.8697,9.254,7.256,4.475,0.4663,6.9,6.015,5.809,0.4556,9.392,4.012,4.027,0.8238,9.287,3.784,3.891,0.4208,9.963,4.462,6.227,0.7647,7.137,6.393,3.917,0.8905,4.996,5.575,6.723,0.7039,7.136,4.558,4.63,0.5343,4.709,6.692,5.005,0.3977,7.208,3.435,6.305,0.7378,7.167,4.268,6.726,0.5852,6.777,7.283,3.601,0.7016,4.167,7.27,6.236,0.6177,7.69,1.772,9.217,0.98,11.595,5.116,5.015,0.5926,9.727,7.408,2.435,0.4701,6.749,3.247,6.103,0.5882,7.183,6.113,3.403,0.4672,8.971,6.931,5.158,0.3854,10.231,5.686,4.764,0.6346,9.119,2.883,2.695,0.6156,7.734,5.147,6.767,0.8114,9.852,3.072,4.214,0.8286,9.116,6.894,5.253,0.5352,7.121,3.401,7.276,0.6798,9.732,6.132,4.676,0.806,8.379,6.949,4.776,0.8449,5.185,6.945,5.475,0.645,3.015,2.095,6.847,0.98,6.72,6.152,4.548,0.5521,6.554,5.042,5.983,0.6694,7.216,7.246,5.406,0.5974,6.829,3.775,5.978,0.8075,7.336,3.715,6.005,0.8268,9.209,4.375,5.163,0.3358,5.705,4.377,5.96,0.649,7.12,6.563,6.582,0.4919,7.478,5.491,6.018,0.605,6.88,5.457,3.737,0.348,6.559,3.421,6.859,0.4557,5.353,4.652,3.273,0.3729,7.034,8.579,1.935,0.1838,6.712,4.794,6.179,0.9041,7.535,3.616,3.274,0.802,5.952,5.8,5.985,0.8697,10.099,4.74,6.351,0.582,7.485,6.985,4.45,0.868,11.092,4.509,1.904,0.3791,3.277,1.956,6.881,0.8954,4.539,3.462,5.198,0.4398,8.092,3.156,5.951,0.98,4.944,6.914,7.223,0.811,5.337,6.642,4.611,0.8384,7.132,2.793,7.013,0.4646,9.681,8.299,3.238,0.5621,5.1,6.631,3.966,0.4403,6.602,6.434,3.752,0.4619,9.007,6.839,7.178,0.6209,10.642,4.457,2.889,0.3495,6.575,5.934,6.656,0.5557,6.563,4.367,3.189,0.5374,5.164,5.018,5.913,0.6807,7.023,5.557,5.937,0.5021,7.296,6.663,4.985,0.4879,10.34,5.196,4.581,0.4517,7.985,6.56,6.658,0.5654,8.845,6.345,3.984,0.2057,8.429,3.54,6.836,0.7807,4.742,1.811,7.909,0.8312,8.454,3.533,6.136,0.6804,5.14,3.117,7.069,0.5643,9.101,3.435,5.742,0.7616,5.257,4.762,5.644,0.5144,7.757,3.504,3.497,0.4972,6.133,6.258,4.722,0.9262,8.361,3.641,5.95,0.7261,10.027,3.587,3.141,0.4848,12.651,4.886,2.326,0.1004,2.968,5.916,6.728,0.7941,10.178,6.446,3.867,0.5401,9.761,2.547,5.345,0.5929,6.593,5.941,6.327,0.4913,9.353,7.546,3.626,0.576,8.685,4.184,6.853,0.8405,11.244,8.931,3.305,0.6243,7.766,2.012,5.835,0.7119,4.516,4.6,5.696,0.7597,8.738,4.861,3.931,0.9098,6.727,6.828,3.062,0.653,8.747,5.352,3.878,0.8166,5.419,6.529,3.947,0.5685,5.352,3.746,3.48,0.7442,9.604,7.067,5.38,0.8417
HS_48_Tuto_R6,Animal_48,Tutored_Mastery_30d,720,1.0,0.455,0.133,0.166,0.1679,0.0781,9.208,3.628,6.95,0.4508,9.98,4.719,5.747,0.2752,6.026,3.731,3.733,0.6787,8.453,3.6,3.307,0.6108,5.603,3.924,5.621,0.5526,5.864,4.898,4.433,0.8113,7.775,3.498,8.265,0.9442,9.165,5.992,2.981,0.5245,6.532,4.175,6.692,0.4844,7.164,6.906,7.584,0.6349,8.322,3.131,6.936,0.757,5.112,5.929,7.436,0.8324,7.916,6.221,4.698,0.2848,11.069,4.91,3.089,0.5007,9.072,5.995,5.005,0.0671,7.154,7.333,4.222,0.2736,9.321,6.598,2.333,0.4125,8.788,3.218,5.061,0.8077,7.046,5.101,4.543,0.4049,9.554,3.379,4.945,0.8224,7.886,6.612,7.717,0.5778,7.309,3.19,5.585,0.8339,6.14,5.907,3.837,0.7889,7.217,4.228,5.448,0.98,6.663,5.098,5.517,0.5252,7.078,6.154,3.662,0.4999,8.623,3.881,5.329,0.95,5.675,7.13,4.748,0.7003,5.675,3.555,3.94,0.6027,9.654,4.98,5.055,0.8164,6.182,6.04,4.409,0.7379,6.343,4.183,3.413,0.927,6.334,5.699,4.616,0.873,7.799,4.117,6.934,0.6647,6.862,3.687,4.083,0.5215,9.428,4.449,3.686,0.5663,6.348,4.167,6.058,0.7849,5.438,3.108,3.362,0.8425,9.48,5.936,4.343,0.81,4.465,5.603,4.973,0.6819,3.394,3.713,7.938,0.7357,7.393,6.745,3.316,0.5135,10.034,8.405,5.115,0.4675,6.083,3.847,6.709,0.7516,10.222,7.67,3.044,0.5325,6.401,3.359,6.447,0.442,7.009,7.278,3.989,0.4557,6.042,5.57,5.07,0.7456,8.04,5.086,3.255,0.6382,5.36,6.937,4.053,0.5148,9.768,5.681,6.992,0.4555,10.393,7.002,5.04,0.4829,9.063,3.973,6.191,0.6163,7.278,4.253,7.598,0.7425,7.94,6.707,3.351,0.7192,4.944,4.216,9.073,0.98,6.832,5.166,4.242,0.7355,6.165,2.959,5.708,0.5538,6.866,8.074,4.714,0.7605,10.519,3.18,4.325,0.4962,5.26,3.703,3.241,0.4479,6.88,9.233,4.978,0.2704,8.211,6.56,4.663,0.5054,7.295,3.49,6.929,0.4177,9.615,6.21,6.719,0.5687,7.863,3.534,3.643,0.8106,10.258,7.199,5.622,0.9043,8.469,5.647,6.444,0.6143,11.016,6.969,3.775,0.049,5.307,5.103,5.217,0.98,9.386,3.604,4.861,0.9136,9.974,5.149,4.435,0.8771,8.674,5.841,4.649,0.3685,6.149,2.456,5.528,0.9132,9.955,8.321,1.787,0.3344,6.02,3.933,5.033,0.98,5.535,6.037,3.543,0.5713,6.544,3.443,7.19,0.9201,9.922,6.516,6.497,0.4531,7.437,4.412,3.739,0.7941,8.994,4.713,3.318,0.5454,8.046,8.705,2.524,0.4173,6.436,6.355,4.816,0.6358,8.989,4.148,3.523,0.7645,6.514,4.603,5.8,0.5577,8.477,8.339,3.439,0.2024,5.939,3.698,5.593,0.8545,6.406,4.637,4.242,0.7738,6.383,5.751,3.543,0.6292,10.0,5.246,6.672,0.6823,8.7,7.622,5.331,0.5339,9.389,9.117,4.799,0.377,4.45,5.415,5.552,0.7244,7.657,6.755,5.948,0.5854,8.935,5.619,6.373,0.4791,3.309,2.175,6.541,0.98,9.209,3.44,5.66,0.7006,9.126,2.281,4.029,0.5388,7.761,6.218,3.659,0.542,5.896,6.439,5.853,0.4357,8.228,6.765,6.657,0.8327,7.74,4.899,4.16,0.6182,5.694,2.36,6.864,0.616,7.598,3.551,6.627,0.5139,8.867,5.532,5.189,0.3333,4.235,5.212,5.171,0.98,8.629,5.895,6.776,0.4906,5.323,6.026,7.756,0.8582,5.552,3.452,4.797,0.4565,8.985,5.147,3.956,0.2507,7.646,5.038,6.188,0.7461,8.637,5.359,5.081,0.0734,6.703,6.234,6.172,0.8243,8.003,3.533,3.174,0.5228,5.453,5.014,6.806,0.4406,5.454,6.515,3.399,0.416,7.31,5.71,4.442,0.653,9.519,4.181,7.127,0.7312,5.724,3.184,6.284,0.481,5.292,3.124,3.88,0.4697
